CASE_ID,ACCIDENT_YEAR,PROC_DATE,JURIS,COLLISION_DATE,COLLISION_TIME,OFFICER_ID,REPORTING_DISTRICT,DAY_OF_WEEK,CHP_SHIFT,POPULATION,CNTY_CITY_LOC,SPECIAL_COND,BEAT_TYPE,CHP_BEAT_TYPE,CITY_DIVISION_LAPD,CHP_BEAT_CLASS,BEAT_NUMBER,PRIMARY_RD,SECONDARY_RD,DISTANCE,DIRECTION,INTERSECTION,WEATHER_1,WEATHER_2,STATE_HWY_IND,CALTRANS_COUNTY,CALTRANS_DISTRICT,STATE_ROUTE,ROUTE_SUFFIX,POSTMILE_PREFIX,POSTMILE,LOCATION_TYPE,RAMP_INTERSECTION,SIDE_OF_HWY,TOW_AWAY,COLLISION_SEVERITY,NUMBER_KILLED,NUMBER_INJURED,PARTY_COUNT,PRIMARY_COLL_FACTOR,PCF_CODE_OF_VIOL,PCF_VIOL_CATEGORY,PCF_VIOLATION,PCF_VIOL_SUBSECTION,HIT_AND_RUN,TYPE_OF_COLLISION,MVIW,PED_ACTION,ROAD_SURFACE,ROAD_COND_1,ROAD_COND_2,LIGHTING,CONTROL_DEVICE,CHP_ROAD_TYPE,PEDESTRIAN_ACCIDENT,BICYCLE_ACCIDENT,MOTORCYCLE_ACCIDENT,TRUCK_ACCIDENT,NOT_PRIVATE_PROPERTY,ALCOHOL_INVOLVED,STWD_VEHTYPE_AT_FAULT,CHP_VEHTYPE_AT_FAULT,COUNT_SEVERE_INJ,COUNT_VISIBLE_INJ,COUNT_COMPLAINT_PAIN,COUNT_PED_KILLED,COUNT_PED_INJURED,COUNT_BICYCLIST_KILLED,COUNT_BICYCLIST_INJURED,COUNT_MC_KILLED,COUNT_MC_INJURED,PRIMARY_RAMP,SECONDARY_RAMP,LATITUDE,LONGITUDE,COUNTY,CITY,POINT_X,POINT_Y
9560964,2023,2023-04-19,1602,2023-03-28,1328,1473,40,2,5,4,1602,0,0,0,,0,001,"W IVY ST","11TH AV",0.00,,Y,A,-,N,,,,,,,,,,Y,2,0,1,2,A,-,09,21802,A,N,D,C,A,A,H,-,A,A,0,,,,,Y,,D,22,1,0,0,0,0,0,0,0,0,"- ","- ",36.332191467285156,-119.65521240234375,KINGS,HANFORD,-119.65517425537109,36.332191467285156
91312882,2020,2020-09-28,9440,2020-09-21,1630,018450,,1,2,9,1600,0,1,3,,1,410,SR-41,"OMAHA AVE",2640.00,S,N,A,-,Y,,,41,,,,,,,Y,2,0,4,4,A,-,06,21751,,N,A,C,A,A,H,-,A,D,0,,,,,Y,,A,01,2,2,0,0,0,0,0,0,0,"- ","- ",36.089828491210938,-119.91310882568359,KINGS,UNINCORPORATED,-119.91310882568359,36.089828491210938
6995053,2015,2015-08-13,9495,2015-07-15,0305,19834,,3,3,9,1600,0,3,5,,2,054,"HUBERT WY","CYRIL PL",10.00,N,N,A,-,N,,,,,,,,,,N,2,0,1,2,A,-,11,21954,A,N,G,B,D,A,H,-,C,D,0,Y,,,Y,Y,,N,60,1,0,0,0,1,0,0,0,0,"- ","- ",35.989800000000002,-119.96033,KINGS,UNINCORPORATED,-119.96043209,35.989603279999997
91132619,2019,2019-12-02,9440,2019-11-15,1908,016961,,5,2,9,1600,0,3,5,,2,010,"HOUSTON AVE","2ND AVE",1056.00,E,N,A,-,N,,,,,,,,,,Y,2,0,1,2,A,-,14,24600,A,N,C,C,A,A,H,-,D,D,0,,,Y,,Y,,C,02,1,0,0,0,0,0,0,0,1,"- ","- ",36.297798156738281,-119.49079895019531,KINGS,UNINCORPORATED,-119.48854064941406,36.297801971435547
91274845,2020,2020-07-27,9440,2020-06-05,1727,016585,,5,2,9,1600,0,2,4,,1,070,"22ND AVENUE","ELGIN AVENUE",2072.00,S,N,B,-,N,,,,,,,,,,Y,1,1,0,1,A,-,01,23152,A,N,F,A,A,A,H,-,A,D,0,,,,,Y,Y,D,22,0,0,0,0,0,0,0,0,0,"- ","- ",36.373241424560547,-119.85127258300781,KINGS,UNINCORPORATED,-119.85126495361328,36.374553680419922
91353815,2020,2020-11-25,9440,2020-11-17,0042,020947,,2,3,9,1600,0,2,4,,1,062,"10TH AVE","NILES AVE",1794.00,N,N,A,-,N,,,,,,,,,,Y,2,0,2,1,A,-,08,22107,,N,F,A,A,A,H,-,D,D,0,,,,,Y,,A,01,1,1,0,0,0,0,0,0,0,"- ","- ",36.124210357666016,-119.64438629150391,KINGS,UNINCORPORATED,-119.64440155029297,36.121162414550781
6918173,2015,2016-11-05,9440,2015-05-02,1540,015975,,6,2,9,1600,0,1,3,,1,410,"RT 41","GRANGEVILLE BL",82.00,,N,A,-,Y,KIN,6,41,-,R,44.170,H,-,S,Y,2,0,4,4,A,-,03,22350,,N,C,C,A,A,H,-,A,A,5,,,,,Y,,A,01,1,1,2,0,0,0,0,0,0,"- ","- ",36.342910000000003,-119.80833,KINGS,UNINCORPORATED,-119.8082138,36.342722850000001
8009833,2015,2016-04-08,1601,2015-12-19,1719,10,12,6,5,3,1601,0,0,0,,0,00S,"BAINUM AV","ESTES AV",0.00,,Y,C,-,N,,,,,,,,,,Y,2,0,3,2,A,-,01,23152,A,F,A,C,A,B,H,-,C,D,0,,,,,Y,Y,A,01,1,1,1,0,0,0,0,0,0,"- ","- ",36.090780000000002,-119.56869,KINGS,CORCORAN,-119.5686699,36.090780090000003
8098370,2016,2016-08-05,1602,2016-07-16,0158,1466,43,6,5,4,1602,0,0,0,,0,004,"E LACEY BL","WILSON LN",0.00,,Y,A,-,N,,,,,,,,,,N,2,0,1,2,A,-,08,22107,,F,G,B,D,A,H,-,D,D,0,Y,,,,Y,,A,01,1,0,0,0,1,0,0,0,0,"- ","- ",36.328960000000002,-119.63348999999999,KINGS,HANFORD,-119.63262999,36.32803002
8782296,2019,2019-02-02,1602,2019-01-01,1735,1491,46,2,5,4,1602,0,0,0,,0,003,"N 12TH AV","LACEY BL",0.00,,Y,A,-,N,,,,,,,,,,Y,2,0,2,2,A,-,08,22107,,N,D,C,A,A,H,-,C,D,0,,,Y,,Y,,A,01,1,0,1,0,0,0,0,0,1,"- ","- ",36.328018188476562,-119.67282104492188,KINGS,HANFORD,-119.67299652099609,36.328140258789062
90169397,2016,2016-04-29,9440,2016-04-21,2350,018566,,4,3,9,1600,0,2,4,,1,045,"GRANGEVILLE BLVD","STATE ROUTE 41",1056.00,E,N,A,-,N,,,,,,,,,,Y,2,0,1,2,A,-,09,21804,A,N,B,C,A,A,H,-,D,D,0,,,,,Y,Y,M,46,1,0,0,0,0,0,0,0,0,"- ","- ",36.342530000000004,-119.80334000000001,KINGS,UNINCORPORATED,-119.80464680999999,36.342496240000003
94552644,2024,2025-01-28,9440,2024-12-04,"729 ",019829,,3,1,9,1600,0,3,5,,2,030,"UTICA AVENUE","INTERSTATE 5",6864.00,E,N,E,-,N,,,,,,,,,,Y,1,1,3,2,A,-,05,21650,,N,A,C,A,A,H,-,B,D,0,,,,,Y,,A,01,0,3,0,0,0,0,0,0,0,"- ","- ",35.934230804443359,-119.87107086181641,KINGS,UNINCORPORATED,-119.89013671875,35.934371948242188
90033476,2015,2015-10-19,9495,2015-08-10,0900,018442,,1,1,9,1600,0,1,1,,2,004,"INTERSTATE 5, NORTHBOUND","UTICA AVE",17952.00,S,N,A,-,Y,,,5,,,,,,N,Y,1,1,2,2,A,-,03,22350,,N,C,C,A,A,D,-,A,A,0,,,,Y,Y,,A,01,0,0,2,0,0,0,0,0,0,"- ","- ",35.8962,-119.87249,KINGS,UNINCORPORATED,-119.87253206,35.89615757
92381390,2024,2024-05-03,9495,2024-01-09,1638,019104,,2,2,9,1600,0,1,1,,2,004,"INTERSTATE 5 NORTHBOUND","WATERLOO AVENUE",5808.00,N,N,A,-,Y,KIN,,5," "," ",8.221,H,,R,Y,1,1,0,1,A,-,08,22107,,N,F,I,A,A,H,-,A,D,0,,,,,Y,,A,01,0,0,0,0,0,0,0,0,0,"- ","- ",35.888450622558594,-119.86457824707031,KINGS,UNINCORPORATED,-119.86464691162109,35.888408660888672
90945289,2019,2019-03-13,9440,2019-03-07,2120,017126,,4,2,9,1600,0,1,3,,1,198,"STATE ROUTE 198 WESTBOUND","16TH AVENUE",1320.00,E,N,B,-,Y,,,198,,,,,,W,Y,2,0,4,2,A,-,01,23152,G,N,C,C,A,A,H,-,D,D,0,,,,,Y,Y,A,01,2,2,0,0,0,0,0,0,0,"- ","- ",36.301338195800781,-119.73944854736328,KINGS,UNINCORPORATED,-119.739501953125,36.301570892333984
8878163,2019,2020-01-03,1602,2019-05-27,1418,1421,55,1,5,4,1602,0,0,0,,0,004,"11TH AV","RT 198 / 3RD ST",0.00,,Y,A,-,Y,KIN,6,198,-,R,17.750,R,4,E,Y,2,0,3,2,A,-,12,21453,A,N,D,C,A,A,H,-,A,A,0,,,,,Y,,A,07,2,1,0,0,0,0,0,0,0,"- ","- ",36.320930480957031,-119.65499877929688,KINGS,HANFORD,-119.65804290771484,36.320850372314453
9023519,2019,2020-02-12,1601,2019-09-20,1058,177,3,5,5,3,1601,0,0,0,,0,00N,"PICKERELL AV","WHITLEY AV",23.00,N,N,A,-,N,,,,,,,,,,Y,2,0,2,2,A,-,12,22450,A,N,D,C,A,A,H,-,A,A,0,,,,,Y,,-,,2,0,0,0,0,0,0,0,0,"- ","- ",36.098030090332031,-119.55422210693359,KINGS,CORCORAN,-119.55426025390625,36.098114013671875
92151544,2023,2023-08-23,9495,2023-04-15,"45  ",020947,,6,3,9,1600,0,1,1,,2,004,"INTERSTATE 5 SOUTHBOUND","COUNTY LINE ROAD",12144.00,N,N,A,-,Y,KIN,,5," "," ",2.379,H,,L,Y,1,1,2,1,A,-,08,22107,,N,F,A,A,A,H,-,D,D,0,,,,,Y,,A,01,1,1,0,0,0,0,0,0,0,"- ","- ",35.819419860839844,-119.80483245849609,KINGS,UNINCORPORATED,-119.80486297607422,35.819404602050781
92154099,2023,2023-08-25,9440,2023-08-05,2359,021114,,6,3,9,1600,0,2,4,,1,067,"FRONT ST","14TH AVE",12.00,W,N,A,-,N,,,,,,,,,,N,2,0,1,2,A,-,12,22450,A,N,H,G,A,A,H,-,C,A,0,,Y,,,Y,,D,22,1,0,0,0,0,0,1,0,0,"- ","- ",36.315708160400391,-119.70915222167969,KINGS,UNINCORPORATED,-119.70905303955078,36.315753936767578
9707459,2024,2024-09-05,1603,2024-06-04,1617,1821,LP5,2,5,3,1603,0,0,0,,0,0L3,"19TH AV","RT 198",0.00,,Y,A,-,Y,KIN,6,198,-,R,9.701,R,1,W,N,2,0,1,2,A,-,09,21453,B,N,A,C,A,A,H,-,A,A,0,,,Y,,Y,,A,01,1,0,0,0,0,0,0,0,1,"- ","- ",36.286998748779297,-119.79599761962891,KINGS,LEMOORE,-119.79528045654297,36.287944793701172
90878001,2018,2019-01-22,9440,2018-10-11,1602,016961,,4,2,9,1600,0,1,3,,1,410,"SR-41 N/B","LACEY BLVD",0.00,,Y,A,-,Y,,,41,,,,,,N,Y,1,1,1,2,A,-,09,21802,A,N,D,C,A,A,H,-,A,D,0,,,,,Y,,D,22,0,0,1,0,0,0,0,0,0,"- ","- ",36.327899932861328,-119.80809783935547,KINGS,UNINCORPORATED,-119.80778503417969,36.327899932861328
91243939,2020,2020-10-20,9440,2020-05-20,1130,016585,,3,1,9,1600,0,2,4,,1,048,"HOUSTON AVE","12TH AVE",0.00,,Y,A,-,N,,,,,,,,,,N,2,0,1,2,A,-,12,22450,A,N,D,C,A,A,H,-,A,A,0,,,Y,Y,Y,,C,02,1,0,0,0,0,0,0,0,1,"- ","- ",36.296611785888672,-119.67269134521484,KINGS,UNINCORPORATED,-119.67276000976562,36.298351287841797
91281996,2020,2020-08-06,9440,2020-07-27,0750,020333,,1,1,9,1600,0,1,3,,1,430,"STATE ROUTE 43","DOVER AVE",323.00,N,N,A,-,Y,,,43,,,,,,,Y,2,0,1,2,A,-,08,22107,,N,A,C,A,A,H,-,A,D,0,,,,,Y,,D,22,1,0,0,0,0,0,0,0,0,"- ","- ",36.4163818359375,-119.63651275634766,KINGS,UNINCORPORATED,-119.63678741455078,36.416385650634766
91958545,2022,2023-01-03,9440,2022-12-20,1015,016585,,2,1,9,1600,0,2,4,,1,061,"6TH AVE.","COUNTY LINE RD.",1126.00,N,N,B,-,N,,,,,,,,,,Y,2,0,1,1,A,-,08,22107,,N,F,A,A,A,H,-,A,D,0,,,,Y,Y,,F,27,1,0,0,0,0,0,0,0,0,"- ","- ",35.793251037597656,-119.57337188720703,KINGS,UNINCORPORATED,-119.57391357421875,35.792125701904297
8821986,2018,2019-03-28,1601,2018-09-14,1856,43,2,5,5,3,1601,0,0,0,,0,00N,"ORANGE AV","6 1/2 AV",0.00,,Y,A,-,N,,,,,,,,,,Y,2,0,5,2,A,-,09,21801,A,F,A,C,A,A,H,-,C,D,0,,,,,Y,Y,A,07,1,3,1,0,0,0,0,0,0,"- ","- ",35.789810180664062,-119.57636260986328,KINGS,CORCORAN,-119.58103942871094,36.109031677246094
9523591,2022,2022-11-29,1602,2022-10-24,0003,1497,55,1,5,4,1602,0,0,0,,0,002,"HANFORD ARMONA RD","LESLIE LN",27.00,E,N,A,-,N,,,,,,,,,,Y,2,0,1,1,A,-,03,22350,,N,E,I,A,A,H,-,C,D,0,,,,,Y,,A,07,1,0,0,0,0,0,0,0,0,"- ","- ",36.313430786132812,-119.65506744384766,KINGS,HANFORD,-119.657958984375,36.313449859619141
91030992,2019,2019-07-15,9440,2019-06-02,2200,021086,,7,3,9,1600,0,2,4,,1,040,"AVENAL CUTOFF ROAD","MURPHY RANCH ROAD",962.00,S,N,A,-,N,,,,,,,,,,Y,2,0,1,1,A,-,08,22107,,N,F,A,A,A,H,-,D,D,0,,,,,Y,Y,A,01,1,0,0,0,0,0,0,0,0,"- ","- ",36.247940063476562,-119.87046051025391,KINGS,UNINCORPORATED,-119.87056732177734,36.248020172119141
91959798,2022,2023-03-13,9440,2022-11-23,1540,017630,,3,2,9,1600,0,1,3,,1,410,"STATE ROUTE 41","QUEBEC AVENUE",3168.00,N,N,A,-,Y,KIN,,41,,,21.926,H,,R,Y,1,3,0,2,A,-,06,21751,,N,B,C,A,A,H,-,A,D,0,,,,Y,Y,,A,08,0,0,0,0,0,0,0,0,0,"- ","- ",36.058300018310547,-119.94081115722656,KINGS,UNINCORPORATED,-119.94081115722656,36.058300018310547
91974638,2023,2023-01-23,9440,2023-01-02,"130 ",019226,,1,3,9,1600,0,1,3,,1,410,"STATE ROUTE 41","QUEBEC AVENUE",9240.00,N,N,A,-,Y,KIN,,41," "," ",22.949,H,,R,Y,1,1,0,1,A,-,01,23152,A,N,E,I,A,A,H,-,D,D,0,,,,,Y,Y,A,01,0,0,0,0,0,0,0,0,0,"- ","- ",36.069938659667969,-119.92945098876953,KINGS,UNINCORPORATED,-119.92949676513672,36.069972991943359
9470626,2023,2025-07-01,1602,2023-09-06,"539 ",1473,50,3,5,4,1602,0,0,0,,0,002,"LACEY BL","9 1/4 AV",1150.00,W,N,A,-,N,,,,,,,,,,Y,1,1,0,2,C,-,18,,,N,G,B,E,A,H,-,D,A,0,Y,,,,Y,,-,"- ",0,0,0,1,0,0,0,0,0,"- ","- ",36.327991485595703,-119,KINGS,HANFORD,-119.62738800048828,36.328018188476562
90758103,2018,2018-06-28,9495,2018-06-21,0817,018639,,4,1,9,1600,0,1,1,,2,004,"INTERSTATE 5 SOUTHBOUND","MILHAM AVENUE",579.00,N,N,A,-,Y,,,5,,,,,,S,Y,2,0,1,2,A,-,07,21658,A,F,E,I,A,A,H,-,A,D,0,,,,Y,Y,,F,25,1,0,0,0,0,0,0,0,0,"- ","- ",36.009300231933594,-119.99033355712891,KINGS,UNINCORPORATED,-119.99025726318359,36.009410858154297
94394134,2024,2024-09-16,9440,2024-09-06,2018,021213,,5,2,9,1600,0,2,4,,1,049,"JACKSON AVENUE","10TH AVENUE",0.00,,Y,A,-,N,,,,,,,,,,Y,2,0,1,2,A,-,01,23152,A,N,D,C,A,A,H,-,C,A,0,,,,,Y,Y,D,22,1,0,0,0,0,0,0,0,0,"- ","- ",36.254970550537109,-119.63688659667969,KINGS,UNINCORPORATED,-119.63684844970703,36.254951477050781
6648387,2014,2014-12-08,9440,2014-10-01,0835,12323,,3,1,9,1600,0,1,3,,1,198,"RT 198","11TH AV",1003.00,W,N,A,-,Y,,,,,,,,,,Y,2,0,3,2,A,-,07,21658,A,N,B,C,A,A,D,-,A,D,0,,,,Y,Y,,A,01,1,1,1,0,0,0,0,0,0,TO,"- ",36.321269999999998,-119.65607,KINGS,UNINCORPORATED,-119.65851212,36.32090625
9211813,2021,2023-06-20,1602,2021-02-19,1331,1425,18,5,5,4,1602,0,0,0,,0,002,"N 10TH AV","E LELAND WAY",0.00,,Y,A,-,N,,,,,,,,,,Y,1,1,1,2,A,-,12,21453,A,N,D,C,A,A,H,-,A,A,0,,,,,Y,,A,07,0,0,1,0,0,0,0,0,0,"- ","- ",36.349918365478516,-119.63710784912109,KINGS,HANFORD,-119.63712310791016,36.349929809570312
9211505,2020,2021-01-26,1600,2020-10-01,0430,A39,AVL,4,5,3,1690,0,0,0,,0,0A1,"RT 269","OLD SKYLINE",0.00,,N,A,-,Y,KIN,6,269,-,-,4.470,H,-,N,N,1,1,0,2,A,-,11,21954,A,N,G,B,E,A,H,-,D,D,0,Y,,,,Y,,N,60,0,0,0,1,0,0,0,0,0,"- ","- ",36.053829193115234,-120.10691833496094,KINGS,AVENAL,-120.10687255859375,36.054542541503906
90876891,2018,2018-12-06,9440,2018-11-29,0435,018137,,4,3,9,1600,0,3,5,,2,030,"KENT AVE","18TH AVE",2112.00,W,N,C,-,N,,,,,,,,,,Y,2,0,1,1,A,-,08,22107,,N,E,I,A,B,H,-,D,D,0,,,,,Y,,D,22,1,0,0,0,0,0,0,0,0,"- ","- ",36.225868225097656,-119.78803253173828,KINGS,UNINCORPORATED,-119.78748321533203,36.225887298583984
91254147,2020,2020-07-03,9440,2020-06-08,0050,017630,,1,3,9,1600,0,2,4,,1,048,"HOUSTON AVENUE","16TH AVENUE",213.00,W,N,A,-,N,,,,,,,,,,Y,2,0,1,1,A,-,01,23152,G,N,E,I,A,A,H,-,C,D,0,,,,,Y,Y,A,07,1,0,0,0,0,0,0,0,0,"- ","- ",36.298858642578125,-119.74549102783203,KINGS,UNINCORPORATED,-119.74542236328125,36.298820495605469
9197911,2020,2021-01-20,1603,2020-10-26,1525,1800,LC1,1,5,3,1603,0,0,0,,0,0L1,"CINNAMON DR","FOLLETT ST",60.00,E,N,A,-,N,,,,,,,,,,N,2,0,1,1,D,-,00,,,N,H,A,A,A,H,-,A,D,0,,,Y,,Y,,-,"- ",1,0,0,0,0,0,0,0,1,"- ","- ",,,KINGS,LEMOORE,-119.78516387939453,36.306869506835938
90550496,2017,2017-09-19,9440,2017-09-06,1910,021086,,3,2,9,1600,0,1,3,,1,198,"STATE ROUTE 198","6TH AVENUE",5.00,W,N,A,-,Y,,,198,,,,,,,Y,2,0,1,2,A,-,09,21801,A,N,B,C,A,A,H,-,C,D,0,,,,,Y,Y,A,01,1,0,0,0,0,0,0,0,0,"- ","- ",36.328490000000002,-119.56509,KINGS,UNINCORPORATED,-119.56508852,36.328227120000001
91767918,2022,2022-05-09,9440,2022-02-25,2227,020947,,5,3,9,1600,0,1,3,,1,198,"SR-198 W/B","14TH AVENUE",1584.00,E,N,A,-,Y,KIN,,198,,R,15.089,H,,L,Y,1,1,1,2,A,-,01,23152,A,N,C,2,A,A,H,-,D,D,0,,,Y,,Y,Y,C,02,0,1,0,0,0,0,0,1,0,"- ","- ",36.310600280761719,-119.70401763916016,KINGS,UNINCORPORATED,-119.70401763916016,36.310588836669922
92197402,2023,2023-10-12,9440,2023-10-01,"340 ",020947,,7,3,9,1600,0,1,3,,1,430,SR-43,"KENT AVE",0.00,,Y,B,-,Y,KIN,,43," "," ",11.389,H,,R,Y,2,0,3,2,A,-,12,22450,A,N,D,C,A,B,H,-,C,A,0,,,,,Y,,A,01,2,1,0,0,0,0,0,0,0,"- ","- ",36.225910186767578,-119.60082244873047,KINGS,UNINCORPORATED,-119.60080718994141,36.225910186767578
6396129,2014,2014-06-19,1602,2014-02-01,1110,1469,47,6,5,4,1602,0,0,0,,0,003,"W 4TH ST","S PHILLIPS ST",0.00,,Y,A,-,N,,,,,,,,,,Y,2,0,2,2,A,-,08,22107,,N,B,C,A,A,H,-,A,D,0,,,,,Y,,A,01,1,0,1,0,0,0,0,0,0,"- ","- ",36.323860000000003,-119.64645,KINGS,HANFORD,-119.64977991000001,36.322880019999999
9640530,2023,2024-06-05,1603,2023-08-26,"703 ",1800,LJ2,6,5,3,1603,0,0,0,,0,0L2,"E HANFORD RD","OPAL AV",155.00,W,N,A,-,N,,,,,,,,,,N,1,1,0,2,A,-,12,21453,A,N,G,B,C,A,H,-,A,A,0,Y,,,Y,Y,,F,26,0,0,0,1,0,0,0,0,0,"- ","- ",36.313480377197266,-119.774169921875,KINGS,LEMOORE,,
90514232,2017,2017-08-01,9440,2017-07-31,1800,018566,,1,2,9,1600,0,3,5,,2,010,"8 1/2 AVE","FARGO AVE",0.00,,Y,A,-,N,,,,,,,,,,Y,2,0,2,2,A,-,12,22450,A,N,D,C,A,A,H,-,A,A,0,,,,,Y,,D,22,1,1,0,0,0,0,0,0,0,"- ","- ",36.357169999999996,-119.60977,KINGS,UNINCORPORATED,-119.61000994,36.357120049999999
91639364,2021,2021-12-01,9440,2021-11-22,0915,016774,,1,1,9,1600,0,1,3,,1,198,SR-198,"2ND AVE",0.00,,Y,E,-,Y,,,198,,,,,,,Y,2,0,1,2,A,-,03,22350,,N,D,C,A,A,H,-,A,D,0,,,,Y,Y,,D,22,1,0,0,0,0,0,0,0,0,"- ","- ",36.328281402587891,-119.49308013916016,KINGS,UNINCORPORATED,-119.49308013916016,36.328201293945312
8009837,2015,2016-04-08,1601,2015-12-14,2137,150,7B,1,5,3,1601,0,0,0,,0,00S,"WHITLEY AV","WHITLEY AV 2400",0.00,,-,A,-,N,,,,,,,,,,N,2,0,1,2,A,-,11,21954,A,F,G,B,E,A,H,-,C,D,0,Y,,,,Y,Y,N,60,1,0,0,0,1,0,0,0,0,"- ","- ",36.098100000000002,-119.58095,KINGS,CORCORAN,-119.58040774,36.09807241
91729151,2022,2022-03-22,9440,2022-03-14,0633,018639,,1,1,9,1600,0,1,3,,1,430,SR-43,"IDAHO AVENUE",0.00,,Y,A,-,Y,KIN,,43,,,14.388,H,,R,Y,2,0,2,2,A,-,12,22450,A,N,D,2,A,A,H,-,B,A,0,,,,,Y,,A,01,1,1,0,0,0,0,0,0,0,"- ","- ",36.269420623779297,-119.60073852539062,KINGS,UNINCORPORATED,-119.60073852539062,36.269420623779297
91817561,2022,2022-07-20,9440,2022-07-04,2135,020947,,1,2,9,1600,0,1,3,,1,430,SR-43,"GRANGEVILLE BLVD",1584.00,N,N,A,-,Y,KIN,,43,,,19.780,H,,R,Y,2,0,1,1,A,-,08,22107,,N,E,8,A,A,H,-,D,D,0,,,,,Y,,D,22,1,0,0,0,0,0,0,0,0,"- ","- ",36.347160339355469,-119.60285186767578,KINGS,UNINCORPORATED,-119.60279846191406,36.347202301025391
92157354,2023,2023-08-29,9440,2023-03-11,2042,019755,,6,2,9,1600,0,2,4,,1,068,"17TH AVE","HOUSTON AVE",1584.00,N,N,A,-,N,,,,,,,,,,N,1,1,0,3,A,-,01,23152,A,N,E,8,A,A,H,-,C,D,0,,,,,Y,Y,A,01,0,0,0,0,0,0,0,0,0,"- ","- ",36.303718566894531,-119.76287841796875,KINGS,UNINCORPORATED,-119.7628173828125,36.302627563476562
8152594,2016,2017-02-17,1600,2016-09-20,0700,135,AVL,2,5,3,1690,0,0,0,,0,0A2,"RT 33","7TH ST",5280.00,S,N,A,-,Y,KIN,6,33,-,-,15.580,H,-,S,Y,2,0,2,2,A,-,08,22107,,N,A,C,A,A,H,-,A,D,0,,,,,Y,,-,,2,0,0,0,0,0,0,0,0,"- ","- ",35.993859999999998,-120.12915,KINGS,AVENAL,-120.12139266,35.982869229999999
90575193,2017,2017-10-20,9495,2017-08-31,0808,020250,,4,1,9,1600,0,1,3,,1,010,"STATE ROUTE 41","STATE ROUTE 33",5280.00,S,N,A,-,Y,,,41,,,,,,,Y,1,1,1,2,C,-,18,,,N,A,C,A,A,H,-,A,D,0,,,,,Y,,-,"- ",1,0,0,0,0,0,0,0,0,"- ","- ",35.869990000000001,-120.06658,KINGS,UNINCORPORATED,-120.0665657,35.869974900000003
92342852,2022,2024-03-27,9440,2022-01-11,1835,017630,,2,2,9,1600,0,3,5,,2,030,"UTICA AVENUE","21ST AVENUE",3168.00,W,N,A,-,N,,,,,,,,,,Y,1,1,3,2,A,-,03,22350,,N,C,C,A,A,H,-,D,D,0,,,,,Y,,A,08,0,0,3,0,0,0,0,0,0,"- ","- ",35.934230804443359,-119.87293243408203,KINGS,UNINCORPORATED,-119.85408020019531,35.934108734130859
94567608,2024,2025-02-06,9440,2024-09-10,2019,020947,,2,2,9,1600,0,1,3,,1,198,"SR-198 E/B","14TH AVENUE",1584.00,E,N,A,-,Y,KIN,,198," ",R,15.074,H,,R,N,1,1,0,2,A,-,11,21954,A,N,G,B,E,A,H,-,C,D,0,Y,,,,Y,,N,60,0,0,0,1,0,0,0,0,0,"- ","- ",36.310348510742188,-119.70419311523438,KINGS,UNINCORPORATED,-119.70420837402344,36.310394287109375
90472320,2017,2017-06-07,9440,2017-01-31,0915,018137,,2,1,9,1600,0,1,3,,1,198,"SR-198 W/B","HANFORD ARMONA RD",528.00,W,N,E,-,Y,,,198,,,,,,W,Y,2,0,7,23,A,-,03,22350,,N,C,C,A,B,H,-,A,D,0,,,,Y,Y,,A,01,1,4,2,0,0,0,0,0,0,"- ","- ",36.312570000000001,-119.69776,KINGS,UNINCORPORATED,-119.69776053,36.312571769999998
91461577,2021,2021-04-29,9495,2021-04-20,1437,019104,,2,2,9,1600,0,1,3,,1,010,"STATE ROUTE 41","STATE ROUTE 33",0.00,,Y,A,-,Y,,,41,,,,,,,Y,2,0,2,3,A,-,12,21453,A,N,D,C,A,A,H,-,A,A,0,,,,Y,Y,,A,01,1,0,1,0,0,0,0,0,0,"- ","- ",35.887500762939453,-120.04666900634766,KINGS,UNINCORPORATED,-120.04712677001953,35.887809753417969
92107320,2022,2023-06-30,9495,2022-11-05,1553,021186,,6,2,9,1600,0,1,1,,2,004,"INTERSTATE 5 SOUTHBOUND","KINGS/KERN COUNTY LINE",6336.00,N,N,A,-,Y,KIN,,5,,,1.205,H,,L,Y,1,2,6,2,A,-,01,23152,G,N,C,C,A,A,H,-,A,D,0,,,,,Y,Y,A,07,0,4,2,0,0,0,0,0,0,"- ","- ",35.804920196533203,-119.79408264160156,KINGS,UNINCORPORATED,-119.79405212402344,35.804935455322266
92305383,2024,2024-02-05,9440,2024-01-29,"618 ",019755,,1,1,9,1600,0,1,3,,1,198,"SR-198 W/B","2ND AVE",0.00,,Y,E,-,Y,KIN,,198," "," ",27.339,H,,L,Y,2,0,2,2,A,-,09,21802,A,N,D,C,A,A,H,-,C,A,0,,,,,Y,,A,01,1,1,0,0,0,0,0,0,0,"- ","- ",36.328548431396484,-119.49311828613281,KINGS,UNINCORPORATED,-119.49311828613281,36.328559875488281