CASE_ID,ACCIDENT_YEAR,PROC_DATE,JURIS,COLLISION_DATE,COLLISION_TIME,OFFICER_ID,REPORTING_DISTRICT,DAY_OF_WEEK,CHP_SHIFT,POPULATION,CNTY_CITY_LOC,SPECIAL_COND,BEAT_TYPE,CHP_BEAT_TYPE,CITY_DIVISION_LAPD,CHP_BEAT_CLASS,BEAT_NUMBER,PRIMARY_RD,SECONDARY_RD,DISTANCE,DIRECTION,INTERSECTION,WEATHER_1,WEATHER_2,STATE_HWY_IND,CALTRANS_COUNTY,CALTRANS_DISTRICT,STATE_ROUTE,ROUTE_SUFFIX,POSTMILE_PREFIX,POSTMILE,LOCATION_TYPE,RAMP_INTERSECTION,SIDE_OF_HWY,TOW_AWAY,COLLISION_SEVERITY,NUMBER_KILLED,NUMBER_INJURED,PARTY_COUNT,PRIMARY_COLL_FACTOR,PCF_CODE_OF_VIOL,PCF_VIOL_CATEGORY,PCF_VIOLATION,PCF_VIOL_SUBSECTION,HIT_AND_RUN,TYPE_OF_COLLISION,MVIW,PED_ACTION,ROAD_SURFACE,ROAD_COND_1,ROAD_COND_2,LIGHTING,CONTROL_DEVICE,CHP_ROAD_TYPE,PEDESTRIAN_ACCIDENT,BICYCLE_ACCIDENT,MOTORCYCLE_ACCIDENT,TRUCK_ACCIDENT,NOT_PRIVATE_PROPERTY,ALCOHOL_INVOLVED,STWD_VEHTYPE_AT_FAULT,CHP_VEHTYPE_AT_FAULT,COUNT_SEVERE_INJ,COUNT_VISIBLE_INJ,COUNT_COMPLAINT_PAIN,COUNT_PED_KILLED,COUNT_PED_INJURED,COUNT_BICYCLIST_KILLED,COUNT_BICYCLIST_INJURED,COUNT_MC_KILLED,COUNT_MC_INJURED,PRIMARY_RAMP,SECONDARY_RAMP,LATITUDE,LONGITUDE,COUNTY,CITY,POINT_X,POINT_Y
92342857,2023,2024-03-20,9440,2023-06-24,1257,020716,,6,1,9,1600,0,1,3,,1,198,"STATE ROUTE 198","7TH AVENUE",1056.00,W,N,A,-,Y,KIN,,198," ",T,21.834,H,,R,Y,1,1,1,2,C,-,18,,,N,D,C,A,A,H,-,A,D,0,,,Y,,Y,,-,"- ",0,0,1,0,0,0,0,1,1,"- ","- ",36.327831268310547,-119.58615112304688,KINGS,UNINCORPORATED,-119.58614349365234,36.327793121337891
6740069,2015,2015-05-16,9440,2015-03-21,1347,015975,,6,1,9,1600,0,2,4,,1,063,"10 1/2 AV","KANSAS AV",0.00,,Y,A,-,N,,,,,,,,,,Y,1,1,0,2,A,-,12,22450,A,N,D,C,A,A,H,-,A,A,0,,,Y,,Y,,A,01,0,0,0,0,0,0,0,1,0,"- ","- ",36.211320000000001,-119.64584000000001,KINGS,UNINCORPORATED,-119.64591,36.211266000000002
8400484,2017,2017-07-06,1602,2017-06-07,2239,1428,22,3,5,4,1602,0,0,0,,0,001,"PICADILLY LN","SONOMA WY",6.00,E,N,A,-,N,,,,,,,,,,N,2,0,1,2,A,-,01,23152,A,N,B,E,A,A,H,-,C,D,0,,,Y,,Y,Y,C,02,1,0,0,0,0,0,0,0,1,"- ","- ",36.345100000000002,-119.67673000000001,KINGS,HANFORD,-119.67684964,36.34478017
9760985,2024,2024-12-20,1602,2024-11-22,"131 ",14121,43,5,5,4,1602,0,0,0,,0,002,"N 10TH AV","7TH AV",0.00,,Y,A,-,N,,,,,,,,,,Y,2,0,1,1,A,-,03,22350,,N,E,I,A,A,H,-,C,A,0,,,,,Y,,D,22,1,0,0,0,0,0,0,0,0,"- ","- ",36.327980041503906,-119.6368408203125,KINGS,HANFORD,-119.63699340820312,36.327976226806641
91287251,2020,2020-08-17,9440,2020-08-09,1247,018639,,7,1,9,1600,0,1,3,,1,410,"STATE ROUTE 41 S/B","ELGIN AVENUE",2112.00,N,N,A,-,Y,,,41,,,,,,S,Y,2,0,1,1,A,-,08,22107,,N,F,A,A,A,H,-,A,D,0,,,,,Y,,A,01,1,0,0,0,0,0,0,0,0,"- ","- ",36.388141632080078,-119.80973052978516,KINGS,UNINCORPORATED,-119.8096923828125,36.388137817382812
8500926,2017,2018-01-18,1602,2017-11-04,2320,1488,59,6,5,4,1602,0,0,0,,0,003,"S 12TH AV","HOUSTON AV",0.00,,Y,A,-,N,,,,,,,,,,Y,2,0,2,1,A,-,01,23152,A,F,F,I,A,A,H,-,D,D,0,,,,,Y,Y,-,,1,1,0,0,0,0,0,0,0,"- ","- ",36.298349999999999,-119.67274999999999,KINGS,HANFORD,-119.67275986,36.29835001
9347099,2021,2021-10-29,1600,2021-08-03,0643,149,AVL,2,5,3,1690,0,0,0,,0,0A2,"RT 33","KINGS WY",0.00,,-,A,-,Y,KIN,6,33,-,-,15.300,H,-,N,Y,2,0,1,4,A,-,05,21650,,N,B,C,A,A,H,-,A,D,0,,,,Y,Y,,A,07,1,0,0,0,0,0,0,0,0,"- ","- ",,,KINGS,AVENAL,-120.11886596679688,35.979286193847656
9631539,2023,2023-11-30,1603,2023-10-31,1714,1800,LJI,2,5,3,1603,0,0,0,,0,0L2,"E HANFORD ARMONA RD","FRONTAGE RD",0.00,,Y,A,-,N,,,,,,,,,,Y,2,0,2,2,A,-,09,21802,A,N,D,C,A,A,H,-,A,A,0,,,,,Y,,D,22,1,1,0,0,0,0,0,0,0,"- ","- ",36.312709808349609,-119.77689361572266,KINGS,LEMOORE,-119.77583312988281,36.313343048095703
9821163,2024,2025-08-11,1601,2024-10-11,1159,212,6,5,5,3,1601,0,0,0,,0,00N,"LETTS AV","BELL AV",0.00,,Y,A,-,N,,,,,,,,,,N,2,0,1,2,A,-,09,21804,A,N,G,-,F,A,H,-,A,D,0,Y,,,,Y,,A,01,1,0,0,0,1,0,0,0,0,"- ","- ",36.103389739990234,-119.56755828857422,KINGS,CORCORAN,-119.56761169433594,36.103519439697266
91508205,2021,2021-06-28,9495,2021-06-20,1740,020716,,7,2,9,1600,0,1,3,,1,010,"STATE ROUTE 41","STATE ROUTE 33",3168.00,N,N,A,G,Y,,,41,,,,,,,Y,2,0,2,2,A,-,08,22107,,N,D,C,A,A,H,-,A,D,0,,,,,Y,,A,01,1,1,0,0,0,0,0,0,0,"- ","- ",35.896011352539062,-120.04184722900391,KINGS,UNINCORPORATED,-120.04192352294922,35.89605712890625
92277222,2023,2024-01-02,9440,2023-05-30,1205,019226,,2,1,9,1600,0,3,5,,2,030,"LAUREL AVENUE","AVENAL CUTOFF RD.",0.00,,Y,A,-,N,,,,,,,,,,Y,1,2,4,2,A,-,09,21802,A,N,D,C,A,A,H,-,A,A,0,,,,,Y,,D,22,1,1,2,0,0,0,0,0,0,"- ","- ",36.189399719238281,-119.94542694091797,KINGS,UNINCORPORATED,-119.94550323486328,36.189350128173828
92401581,2024,2024-05-29,9440,2024-02-25,1350,019226,,7,1,9,1600,0,3,5,,2,020,"IONA AVENUE","14TH AVENUE",0.00,,Y,A,-,N,,,,,,,,,,Y,1,1,3,2,A,-,12,22450,A,N,D,C,A,A,H,-,A,A,0,,,,,Y,,A,01,1,1,1,0,0,0,0,0,0,"- ","- ",36.283870697021484,-119.70912170410156,KINGS,UNINCORPORATED,-119.70913696289062,36.283924102783203
6850371,2015,2015-04-21,9440,2015-02-26,1548,015975,,4,2,9,1600,0,2,4,,1,041,"EXCELSIOR AV","13 1/4 AV",2112.00,W,N,A,-,N,,,,,,,,,,N,2,0,1,2,A,-,08,22107,,N,H,G,A,A,H,-,A,D,0,,Y,,,Y,,D,22,1,0,0,0,0,0,1,0,0,"- ","- ",36.401249999999997,-119.70301000000001,KINGS,UNINCORPORATED,-119.70264127999999,36.40115789
90558109,2017,2017-09-28,9495,2017-09-25,1402,018253,,1,2,9,1600,0,1,3,,1,010,"STATE ROUTE 41","STATE ROUTE 33",27456.00,S,N,A,-,Y,,,41,,,,,,,Y,2,0,1,2,A,-,01,23152,A,N,A,C,A,A,H,-,A,D,0,,,,Y,Y,Y,A,01,1,0,0,0,0,0,0,0,0,"- ","- ",35.823210000000003,-120.09477,KINGS,UNINCORPORATED,-120.09481353,35.823232060000002
90583553,2017,2017-10-31,9440,2017-10-23,0855,012806,,1,1,9,1600,0,3,5,,2,020,"UTICA AVE",I-5,46464.00,E,N,A,-,N,,,,,,,,,,Y,2,0,1,1,A,-,08,22107,,N,E,I,A,A,H,-,A,D,0,,,,,Y,,D,22,1,0,0,0,0,0,0,0,0,"- ","- ",35.933909999999997,-119.75418999999999,KINGS,UNINCORPORATED,-119.91181,35.934539999999998
91496191,2021,2021-06-14,9440,2021-01-05,1750,021114,,2,2,9,1600,0,1,3,,1,198,"SR-198 W/B","2ND AVENUE",2640.00,W,N,A,-,Y,,,198,,,,,,W,Y,1,1,2,2,A,-,03,22350,,N,C,C,A,A,H,-,D,D,0,,,,,Y,,A,01,1,1,0,0,0,0,0,0,0,"- ","- ",36.328678131103516,-119.500732421875,KINGS,UNINCORPORATED,-119.500732421875,36.328205108642578
9580518,2023,2023-06-08,1602,2023-04-28,"11  ",1411,12,5,5,4,1602,0,0,0,,0,001,"CENTENNIAL DR","GRANGEVILLE BL",0.00,,Y,A,-,N,,,,,,,,,,N,2,0,1,2,A,-,00,21955,A,N,A,B,D,A,H,-,C,A,0,Y,,,,Y,,N,60,1,0,0,0,1,0,0,0,0,"- ","- ",36.342601776123047,-119.68190002441406,KINGS,HANFORD,-119.68191528320312,36.342628479003906
9676397,2023,2024-04-02,1601,2023-12-03,1622,206,6,7,5,3,1601,0,0,0,,0,00N,"DAIRY AV","NORTH AV",10.00,N,N,A,-,N,,,,,,,,,,Y,2,0,2,5,A,-,01,23152,A,N,D,C,A,A,H,-,B,D,0,,,,Y,Y,Y,F,76,1,0,1,0,0,0,0,0,0,"- ","- ",36.105358123779297,-119.57205963134766,KINGS,CORCORAN,-119.57209014892578,36.105377197265625
9265718,2021,2021-06-02,1603,2021-05-01,2113,1841,LI1,6,5,3,1603,0,0,0,,0,0L2,"NORTH LEMOORE AV","DEVON DR",0.00,,Y,A,-,N,,,,,,,,,,Y,2,0,1,2,A,-,09,21804,A,N,C,C,A,A,H,-,C,A,0,,,,,Y,,A,01,1,0,0,0,0,0,0,0,0,"- ","- ",,,KINGS,LEMOORE,-119.78080749511719,36.308807373046875
91578250,2021,2021-09-23,9495,2021-09-18,1300,019082,,6,1,9,1600,0,1,1,,2,004,"INTERSTATE 5 (SOUTHBOUND)","QUEBEC AVENUE",1584.00,N,N,A,-,Y,,,5,,,,,,,Y,2,0,1,2,A,-,08,22107,,N,F,A,A,A,H,-,A,D,0,,,,,Y,,A,01,1,0,0,0,0,0,0,0,0,"- ","- ",36.054698944091797,-120.06590270996094,KINGS,UNINCORPORATED,-120.06584930419922,36.054782867431641
94415312,2024,2024-10-01,9440,2024-05-26,"215 ",021665,,7,3,9,1600,0,2,4,,1,040,"AVENAL CUTOFF ROAD","25TH AVENUE",1584.00,S,N,A,-,N,,,,,,,,,,Y,1,2,1,2,A,-,05,21650,,N,A,C,A,A,H,-,D,D,0,,,,,Y,Y,A,01,1,0,0,0,0,0,0,0,0,"- ","- ",36.216590881347656,-119.91063690185547,KINGS,UNINCORPORATED,-119.90907287597656,36.217815399169922
94577028,2025,2025-02-12,9440,2025-02-03,"545 ",018840,,1,3,9,1600,0,3,5,,2,010,"5TH AVE","JACKSON AVE",634.00,S,N,B,E,N,,,,,,,,,,Y,2,0,1,1,A,-,01,23152,A,N,E,I,A,A,H,-,D,D,0,,,,,Y,Y,A,01,1,0,0,0,0,0,0,0,0,"- ","- ",36.253231048583984,-119.54739379882812,KINGS,UNINCORPORATED,-119.54731750488281,36.253318786621094
9876808,2025,2025-09-10,1603,2025-06-22,1125,1862,LK1,7,5,3,1603,0,0,0,,0,0L2,"NORTH LEMOORE AV","E HAZELWOOD DR",0.00,,Y,A,-,N,,,,,,,,,,N,2,0,1,2,A,-,09,21804,A,N,C,C,A,A,H,-,A,A,0,,Y,,,Y,,L,04,1,0,0,0,0,0,1,0,0,"- ","- ",36.316410064697266,-119.78079223632812,KINGS,LEMOORE,-119.78079223632812,36.316387176513672
90509325,2017,2017-07-26,9440,2017-07-23,1332,015703,,7,1,9,1600,0,2,4,,1,047,"16TH AVE","HANFORD ARMONA RD",0.00,,Y,A,-,N,,,,,,,,,,Y,2,0,4,2,A,-,09,21802,A,N,D,C,A,A,H,-,A,A,0,,,,,Y,,A,01,1,0,3,0,0,0,0,0,0,"- ","- ",36.313510000000001,-119.74477,KINGS,UNINCORPORATED,-119.74474997,36.31351007
91288697,2020,2020-08-19,9440,2020-08-09,2500,021114,,7,4,9,1600,0,3,5,,2,010,"FAIRFAX AVE","2ND AVE",1056.00,E,N,A,-,N,,,,,,,,,,Y,2,0,1,1,A,-,08,22107,,N,E,I,A,A,H,-,D,D,0,,,,,Y,,A,01,1,0,0,0,0,0,0,0,0,"- ","- ",36.348911285400391,-119.48870849609375,KINGS,UNINCORPORATED,-119.48963165283203,36.348804473876953
91616050,2021,2021-11-04,9440,2021-10-30,0150,019226,,6,3,9,1600,0,1,3,,1,198,"SR-198 E/B","15TH AVENUE",350.00,E,N,A,-,Y,,,198,,,,,,E,Y,2,0,4,1,A,-,01,23152,A,N,F,A,A,A,H,-,D,D,0,,,,,Y,Y,A,01,1,3,0,0,0,0,0,0,0,"- ","- ",36.305538177490234,-119.72245025634766,KINGS,UNINCORPORATED,-119.72245788574219,36.305580139160156
93491343,2024,2024-08-05,9440,2024-07-24,"700 ",021665,,3,1,9,1600,0,2,4,,1,043,"FLINT AVENUE","STATE ROUTE 43",2112.00,E,N,A,-,N,,,,,,,,,,Y,2,0,1,1,A,-,01,23152,A,N,F,A,A,A,H,-,A,D,0,,,,,Y,Y,D,22,1,0,0,0,0,0,0,0,0,"- ","- ",36.371940612792969,-119.62847137451172,KINGS,UNINCORPORATED,-119.62987518310547,36.371917724609375
90638102,2017,2018-01-11,9440,2017-12-30,0708,015703,,6,1,9,1600,0,2,4,,1,050,"KANSAS AVE","13TH AVE",0.00,,Y,E,-,N,,,,,,,,,,Y,2,0,1,2,A,-,03,22350,,N,D,C,A,B,H,-,A,A,0,,,,Y,Y,,D,22,1,0,0,0,0,0,0,0,0,"- ","- ",,,KINGS,UNINCORPORATED,-119.69064994,36.211110069999997
90933964,2019,2019-02-26,9440,2019-02-16,2330,021086,,6,3,9,1600,0,2,4,,1,048,"HOUSTON AVENUE","16TH AVENUE",2898.00,E,N,A,-,N,,,,,,,,,,Y,2,0,1,1,A,-,08,22107,,N,E,I,A,A,H,-,D,D,0,,,,,Y,,D,22,1,0,0,0,0,0,0,0,0,"- ","- ",36.298538208007812,-119.73455810546875,KINGS,UNINCORPORATED,-119.73487854003906,36.298557281494141
94720512,2025,2025-06-10,9495,2025-06-02,1430,021877,,1,2,9,1600,0,3,5,,2,054,"PLYMOUTH AVENUE","32ND AVENUE",1584.00,W,N,A,-,N,,,,,,,,,,Y,2,0,2,2,A,-,08,22107,,N,B,E,A,A,H,-,A,D,0,,,,Y,Y,,A,01,1,0,1,0,0,0,0,0,0,"- ","- ",36.072540283203125,-120.04538726806641,KINGS,UNINCORPORATED,,
90995277,2019,2019-05-23,9440,2019-05-18,1454,021086,,6,2,9,1600,0,3,5,,2,020,"ELDER AVENUE","13TH AVENUE",0.00,,Y,B,-,N,,,,,,,,,,Y,2,0,2,2,A,-,09,21800,B,N,D,C,A,A,H,-,A,A,0,,,,,Y,,A,01,2,0,0,0,0,0,0,0,0,"- ","- ",36.38616943359375,-119.6910400390625,KINGS,UNINCORPORATED,-119.69098663330078,36.386199951171875
8167208,2017,2018-06-28,1601,2017-10-15,0330,74,3,7,5,3,1601,0,0,0,,0,00N,"WHITLEY AV","PICKERELL AV",0.00,,Y,A,-,N,,,,,,,,,,Y,1,1,0,1,A,-,01,23152,A,N,E,I,A,A,H,-,D,D,0,,,,,Y,Y,A,01,0,0,0,0,0,0,0,0,0,"- ","- ",36.098379999999999,-119.55226999999999,KINGS,CORCORAN,-119.55425995,36.098050110000003
9269769,2021,2021-06-01,1603,2021-03-27,1104,1162,LN4,6,5,3,1603,0,0,0,,0,0L3,"CHERRY LN","SOUTH 19TH AV",96.00,E,N,A,-,N,,,,,,,,,,N,2,0,1,2,A,-,09,21804,A,N,H,G,A,A,H,-,A,D,0,,Y,,,Y,,L,04,1,0,0,0,0,0,1,0,0,"- ","- ",,,KINGS,LEMOORE,-119.79854583740234,36.290534973144531
91747862,2022,2022-04-14,9440,2022-04-07,1625,017161,,4,2,9,1600,0,1,3,,1,410,SR-41,"JACKSON AVE",0.00,,Y,A,-,Y,KIN,,41,,R,37.820,H,,R,Y,2,0,2,2,A,-,09,21802,A,N,D,2,A,A,H,-,A,A,0,,,,,Y,,D,22,1,1,0,0,0,0,0,0,0,"- ","- ",36.255161285400391,-119.80854797363281,KINGS,UNINCORPORATED,-119.80857849121094,36.255168914794922
6871776,2015,2016-10-28,9440,2015-03-27,0410,16585,,5,3,9,1600,0,1,3,,1,410,"RT 41","GLENDALE AV",528.00,S,N,A,-,Y,KIN,6,41,-,R,42.550,H,-,N,Y,2,0,1,1,A,-,08,22107,,N,F,A,A,A,H,-,D,D,5,,,,Y,Y,,G,25,1,0,0,0,0,0,0,0,0,"- ","- ",36.318530000000003,-119.80794,KINGS,UNINCORPORATED,-119.80778180999999,36.319202500000003
7170465,2015,2016-01-29,1601,2015-11-20,0607,94,15,5,5,3,1601,0,0,0,,0,00S,"KING AV","KING AV 4001",0.00,,Y,A,-,N,,,,,,,,,,N,2,0,1,2,A,-,10,21950,A,N,G,B,D,A,H,-,B,D,0,Y,,,,Y,,A,01,1,0,0,0,1,0,0,0,0,"- ","- ",36.060229999999997,-119.55286,KINGS,CORCORAN,-119.55480695,36.058031640000003
9640952,2024,2024-09-25,1601,2024-05-08,1336,168,15,3,5,3,1601,0,0,0,,0,00S,"KING AV","OREGON AV",0.00,,Y,A,-,N,,,,,,,,,,N,1,1,2,2,A,-,09,21802,A,N,D,C,A,A,H,-,A,D,0,,,,,Y,,A,01,1,1,0,0,0,0,0,0,0,"- ","- ",36.087139129638672,-119.55859375,KINGS,CORCORAN,-119.55860137939453,36.087127685546875
9646702,2023,2024-02-16,1602,2023-11-07,1428,1479,57,2,5,4,1602,0,0,0,,0,002,"RT 198","9TH AV",250.00,W,N,A,-,Y,KIN,6,198,-,R,19.910,H,-,W,Y,2,0,2,2,A,-,08,22107,,N,A,C,A,A,H,-,A,D,0,,,,,Y,,A,01,1,1,0,0,0,0,0,0,0,"- ","- ",36.324470520019531,-119.6190185546875,KINGS,HANFORD,-119.61990356445312,36.324481964111328
6953983,2015,2015-07-14,1602,2015-06-23,1444,1429,55,2,5,4,1602,0,0,0,,0,004,"3RD ST",PHILLIPS,0.00,,Y,A,-,N,,,,,,,,,,Y,2,0,2,6,A,-,12,22450,,N,D,D,A,A,H,-,A,A,0,,,,,Y,,A,01,2,0,0,0,0,0,0,0,0,"- ","- ",,,KINGS,HANFORD,-119.64953996,36.321750020000003
90960599,2019,2019-04-03,9440,2019-03-24,1435,021114,,7,2,9,1600,0,2,4,,1,049,"19TH AVE","JACKSON AVE",0.00,,Y,A,-,N,,,,,,,,,,Y,2,0,3,2,A,-,01,23152,A,N,D,C,A,A,H,-,A,A,0,,,,,Y,Y,A,07,1,2,0,0,0,0,0,0,0,"- ","- ",36.254600524902344,-119.79879760742188,KINGS,UNINCORPORATED,-119.79879760742188,36.254680633544922
94723232,2025,2025-06-12,9495,2025-06-04,"820 ",022157,,3,1,9,1600,0,1,1,,2,004,"INTERSTATE 5 SOUTHBOUND","STATE ROUTE 41",1690.00,N,N,A,-,Y,KIN,,5," "," ",16.931,H,,L,N,2,0,1,2,A,-,11,21954,A,N,G,B,E,D,H,-,A,D,0,Y,,,,Y,,N,60,1,0,0,0,1,0,0,0,0,"- ","- ",35.985309600830078,-119.96430969238281,KINGS,UNINCORPORATED,-119.96430206298828,35.985317230224609
6291205,2014,2014-10-15,9495,2014-07-12,1438,19111,,6,2,9,1600,0,1,3,,1,010,"RT 41","YORK AV",4752.00,N,N,A,-,Y,KIN,6,41,-,-,17.450,H,-,N,Y,1,1,3,2,A,-,05,21650,,N,A,C,A,A,H,-,A,D,0,,,,,Y,,A,01,0,1,2,0,0,0,0,0,0,"- ","- ",35.832509999999999,-120.09004,KINGS,UNINCORPORATED,-119.95948964,35.998581950000002
6291325,2014,2014-10-22,9440,2014-07-01,0835,16774,,2,1,9,1600,0,1,3,,1,410,"RT 41","QUAIL AV",4224.00,N,N,A,-,Y,KIN,6,41,-,-,20.910,H,-,N,Y,1,1,0,2,A,-,08,22107,,N,B,C,A,A,H,-,A,D,0,,,,Y,Y,,D,22,0,0,0,0,0,0,0,0,0,"- ","- ",36.045850000000002,-119.94928,KINGS,UNINCORPORATED,-119.94963301,36.045481209999998
6291332,2014,2014-10-20,1602,2014-07-10,1517,1433,36,4,5,4,1602,0,0,0,,0,002,"E GRANGEVILLE BL","10TH AV",0.00,,Y,A,-,N,,,,,,,,,,Y,1,1,0,2,A,-,09,21453,B,N,D,C,A,A,H,-,A,A,0,,,Y,Y,Y,,C,02,0,0,0,0,0,0,0,1,0,"- ","- ",,,KINGS,HANFORD,-119.63705997,36.34269003
6292673,2015,2015-09-21,9440,2015-08-27,1632,16585,,4,2,9,1600,0,2,4,,1,067,"14TH AV","FARGO AV",1.00,S,N,A,-,N,,,,,,,,,,Y,1,1,0,2,A,-,09,21801,A,N,A,C,A,A,H,-,A,D,0,,,,,Y,,M,46,0,0,0,0,0,0,0,0,0,"- ","- ",35.357300000000002,-119.7093,KINGS,UNINCORPORATED,-119.70899,36.35717726
6444524,2014,2016-03-24,9495,2014-03-29,0425,019427,,6,3,9,1600,0,1,1,,2,004,"RT 5","UTICA AV",1056.00,N,N,A,-,Y,KIN,6,5,-,-,12.560,H,-,N,Y,2,0,1,1,A,-,08,22107,,N,F,A,A,A,H,-,C,D,1,,,,,Y,,A,01,1,0,0,0,0,0,0,0,0,"- ","- ",36.253740000000001,-120.21444,KINGS,UNINCORPORATED,-119.9140819,35.936755769999998
6498467,2014,2016-04-08,9440,2014-04-15,0025,018625,,2,3,9,1600,0,1,3,,1,198,"RT 198","15TH AV",528.00,E,N,A,-,Y,KIN,6,198,-,R,13.830,H,-,W,Y,2,0,2,1,A,-,01,23152,E,N,F,A,A,A,H,-,D,D,5,,,,,Y,,A,08,1,0,1,0,0,0,0,0,0,"- ","- ",36.304470000000002,-119.72808000000001,KINGS,UNINCORPORATED,-119.72530407000001,36.3050231
6590650,2014,2016-05-10,1603,2014-07-29,1452,1162,LO6,2,5,3,1603,0,0,0,,0,0L3,"RT 41","RT 198",105.00,S,N,A,-,Y,KIN,6,41,-,R,40.125,I,5,N,Y,2,0,6,2,A,-,03,22350,,N,C,D,A,A,H,-,A,A,0,,,,,Y,,M,58,1,0,5,0,0,0,0,0,0,"- ",WF,,,KINGS,LEMOORE,-119.80791313,36.284742700000002
6595521,2014,2014-08-29,1603,2014-07-16,1458,1162,LA3,3,5,3,1603,0,0,0,,0,0L3,"BUSH ST","WILLOW DR",4.00,E,N,A,-,N,,,,,,,,,,N,2,0,1,2,A,-,08,22107,,N,H,G,A,A,D,-,A,A,0,,Y,,,Y,,L,04,1,0,0,0,0,0,1,0,0,"- ","- ",,,KINGS,LEMOORE,-119.79558643999999,36.298270000000002
6629952,2014,2014-09-26,9440,2014-08-15,1025,16585,,5,1,9,1600,0,3,5,,2,020,"15TH AV","HANFORD ARMONA RD",358.00,S,N,A,-,N,,,,,,,,,,Y,2,0,1,1,A,-,"- ",,,N,H,F,A,A,H,-,A,A,0,,,,,Y,,A,01,1,0,0,0,0,0,0,0,0,"- ","- ",36.312460000000002,-119.73698,KINGS,UNINCORPORATED,-119.7269778,36.312547549999998
6633505,2014,2014-10-30,9440,2014-09-04,0610,012806,,4,1,9,1600,0,3,5,,2,030,"LINCOLN AV","20TH AV",191.00,E,N,A,-,N,,,,,,,,,,Y,2,0,1,1,A,-,08,22107,,N,F,A,A,A,H,-,B,D,0,,,,,Y,,A,01,1,0,0,0,0,0,0,0,0,"- ","- ",36.181989999999999,-119.81596,KINGS,UNINCORPORATED,-119.81538326,36.18206515
6690861,2014,2015-08-03,1602,2014-10-15,1920,1432,42,3,5,4,1602,0,0,0,,0,004,"10TH AV","MYRTLE ST",18.00,S,N,A,-,N,,,,,,,,,,N,1,1,0,2,A,-,08,22107,,F,H,G,A,A,H,-,C,A,0,,Y,,,Y,Y,L,04,0,0,0,0,0,1,0,0,0,"- ","- ",36.315849999999998,-119.64512000000001,KINGS,HANFORD,-119.63708206,36.333040619999998
6702296,2014,2015-01-07,9440,2014-11-01,2343,18576,,6,3,9,1600,0,1,3,,1,410,"RT 41","JACKSON AV",1584.00,N,N,A,-,Y,,,41,,,,,,,Y,2,0,4,2,A,-,01,23152,A,N,A,C,A,A,H,-,D,D,0,,,,,Y,Y,A,01,2,2,0,0,0,0,0,0,0,"- ","- ",36.259030000000003,-119.80775,KINGS,UNINCORPORATED,-119.80775547,36.259030299999999
6718075,2014,2015-02-11,9440,2014-12-12,1012,16585,,5,1,9,1600,0,1,3,,1,430,"RT 43","FARGO AV",528.00,S,N,B,C,Y,KIN,6,43,-,-,20.890,H,-,S,Y,1,1,1,2,A,-,05,21650,,N,A,C,A,B,H,-,A,D,0,,,,Y,Y,,D,22,0,0,1,0,0,0,0,0,0,"- ","- ",36.355879999999999,-119.61798,KINGS,UNINCORPORATED,-119.61914389,36.356515199999997
6718573,2017,2019-04-05,1602,2017-11-10,1730,1432,35,5,5,4,1602,0,0,0,,0,005,"N DOUTY ST","POLE# 585170F",50.00,S,N,A,-,N,,,,,,,,,,N,1,1,0,2,A,-,11,21955,,N,A,B,D,A,H,-,C,D,0,Y,,,,Y,Y,N,60,0,0,0,1,0,0,0,0,0,"- ","- ",36.34149,-119.64603,KINGS,HANFORD,,
6721251,2014,2015-01-09,1602,2014-11-19,1420,1457,42,3,5,4,1602,0,0,0,,0,004,"10TH AV","IVY ST",0.00,,Y,B,-,N,,,,,,,,,,Y,2,0,2,2,A,-,09,21801,A,N,D,C,A,B,H,-,A,A,0,,,,,Y,,A,01,1,1,0,0,0,0,0,0,0,"- ","- ",36.332909999999998,-119.66703,KINGS,HANFORD,-119.6371199,36.332180110000003
6754010,2014,2015-02-11,1602,2014-12-23,2208,1421,46,2,5,4,1602,0,0,0,,0,003,"LACEY BL","MALL DR",0.00,,Y,A,-,N,,,,,,,,,,Y,2,0,2,2,A,-,01,23153,A,N,D,C,A,A,H,-,C,A,0,,,,,Y,Y,-,,1,0,1,0,0,0,0,0,0,"- ","- ",36.332909999999998,-119.66703,KINGS,HANFORD,-119.66848999,36.328130010000002
6799929,2015,2015-03-11,1602,2015-01-22,2136,1471,55,4,5,4,1602,0,0,0,,0,004,"JONES ST","HIGHLAND CT",0.00,,Y,-,-,N,,,,,,,,,,Y,2,0,1,3,A,-,01,23152,,N,-,-,A,-,-,-,-,-,0,,,,,Y,Y,A,01,1,0,0,0,0,0,0,0,0,"- ","- ",36.310749999999999,-119.65285,KINGS,HANFORD,-119.65269996000001,36.310510039999997
6828594,2015,2016-10-28,9440,2015-02-22,1140,013492,,7,1,9,1600,0,1,3,,1,410,"RT 41","LINCOLN AV",471.00,S,N,B,-,Y,KIN,6,41,-,-,32.330,H,-,N,N,2,0,1,2,A,-,09,21804,A,N,D,C,A,A,H,-,A,D,0,,,Y,,Y,,C,02,1,0,0,0,0,0,0,0,1,"- ","- ",36.181089999999998,-119.83409,KINGS,UNINCORPORATED,-119.83400774,36.180991720000002