CASE_ID,ACCIDENT_YEAR,PROC_DATE,JURIS,COLLISION_DATE,COLLISION_TIME,OFFICER_ID,REPORTING_DISTRICT,DAY_OF_WEEK,CHP_SHIFT,POPULATION,CNTY_CITY_LOC,SPECIAL_COND,BEAT_TYPE,CHP_BEAT_TYPE,CITY_DIVISION_LAPD,CHP_BEAT_CLASS,BEAT_NUMBER,PRIMARY_RD,SECONDARY_RD,DISTANCE,DIRECTION,INTERSECTION,WEATHER_1,WEATHER_2,STATE_HWY_IND,CALTRANS_COUNTY,CALTRANS_DISTRICT,STATE_ROUTE,ROUTE_SUFFIX,POSTMILE_PREFIX,POSTMILE,LOCATION_TYPE,RAMP_INTERSECTION,SIDE_OF_HWY,TOW_AWAY,COLLISION_SEVERITY,NUMBER_KILLED,NUMBER_INJURED,PARTY_COUNT,PRIMARY_COLL_FACTOR,PCF_CODE_OF_VIOL,PCF_VIOL_CATEGORY,PCF_VIOLATION,PCF_VIOL_SUBSECTION,HIT_AND_RUN,TYPE_OF_COLLISION,MVIW,PED_ACTION,ROAD_SURFACE,ROAD_COND_1,ROAD_COND_2,LIGHTING,CONTROL_DEVICE,CHP_ROAD_TYPE,PEDESTRIAN_ACCIDENT,BICYCLE_ACCIDENT,MOTORCYCLE_ACCIDENT,TRUCK_ACCIDENT,NOT_PRIVATE_PROPERTY,ALCOHOL_INVOLVED,STWD_VEHTYPE_AT_FAULT,CHP_VEHTYPE_AT_FAULT,COUNT_SEVERE_INJ,COUNT_VISIBLE_INJ,COUNT_COMPLAINT_PAIN,COUNT_PED_KILLED,COUNT_PED_INJURED,COUNT_BICYCLIST_KILLED,COUNT_BICYCLIST_INJURED,COUNT_MC_KILLED,COUNT_MC_INJURED,PRIMARY_RAMP,SECONDARY_RAMP,LATITUDE,LONGITUDE,COUNTY,CITY,POINT_X,POINT_Y
6840301,2015,2015-03-26,9440,2015-02-28,1425,012806,,6,2,9,1600,0,2,4,,1,048,"HOUSTON AV","16TH AV",1056.00,W,N,B,-,N,,,,,,,,,,Y,2,0,4,2,A,-,01,23152,A,N,D,C,A,A,H,-,A,D,0,,,,,Y,Y,D,22,1,1,2,0,0,0,0,0,0,"- ","- ",36.298139999999997,-119.74942,KINGS,UNINCORPORATED,-119.74825657,36.29855336
6844465,2014,2015-03-16,1601,2014-09-14,1941,101,12,7,5,3,1601,0,0,0,,0,00S,"DAIRY AV","DAIRY AV 1400 BLOCK",0.00,,-,A,-,N,,,,,,,,,,N,2,0,1,2,A,-,10,21950,A,F,G,B,D,A,H,-,D,D,0,Y,,,,Y,Y,N,60,1,0,0,0,1,0,0,0,0,"- ","- ",36.098979999999997,-119.55884,KINGS,CORCORAN,,
6854062,2015,2015-03-23,9440,2015-02-15,2215,16979,,7,3,9,1600,0,2,4,,1,041,"EXCELSIOR AV","16TH AV",1682.00,W,N,A,-,N,,,,,,,,,,Y,1,1,0,1,A,-,08,22107,,N,E,I,A,A,H,-,D,D,0,,,Y,,Y,,C,02,0,0,0,0,0,0,0,1,0,"- ","- ",36.402000000000001,-119.753,KINGS,UNINCORPORATED,-119.75063609,36.401271739999999
6854695,2015,2015-07-15,9440,2015-05-26,1134,014363,,2,1,9,1600,0,1,3,,1,410,"RT 41","JERSEY AV",2640.00,N,N,A,-,Y,KIN,6,41,-,R,37.190,H,-,S,Y,1,1,2,3,A,-,01,23152,A,N,A,C,A,A,H,-,A,D,0,,,,,Y,Y,A,01,2,0,0,0,0,0,0,0,0,"- ","- ",36.247669999999999,-119.81441,KINGS,UNINCORPORATED,-119.81434288,36.247734319999999
6905644,2015,2015-05-15,9440,2015-04-09,2017,16934,,4,2,9,1600,0,2,4,,1,047,"HANFORD ARMONA RD","16TH AV",1416.00,E,N,A,-,N,,,,,,,,,,N,1,1,1,2,A,-,03,22350,,N,H,G,A,A,H,-,D,D,0,,Y,,,Y,,D,22,1,0,0,0,0,1,1,0,0,"- ","- ",36.313519999999997,-119.74311,KINGS,UNINCORPORATED,-119.73994724000001,36.31351566
6946671,2015,2015-06-17,9440,2015-05-01,1841,18576,,5,2,9,1600,0,2,4,,1,045,"GRANGEVILLE BL","2ND AV",0.00,,Y,A,-,N,,,,,,,,,,Y,2,0,1,2,A,-,09,21801,A,N,D,C,A,A,H,-,A,D,0,,,,Y,Y,,A,07,1,0,0,0,0,0,0,0,0,"- ","- ",36.34281,-119.49361,KINGS,UNINCORPORATED,-119.49300986,36.342740030000002
6962693,2015,2015-07-01,1602,2015-06-13,1645,1461,53,6,5,4,1602,0,0,0,,0,003,"W HANFORD ARMONA RD","MANOR AV",12.00,E,N,A,-,N,,,,,,,,,,Y,2,0,1,2,A,-,09,21802,A,N,B,C,A,A,H,-,A,D,0,,,,,Y,,D,22,1,0,0,0,0,0,0,0,0,"- ","- ",36.31335,-119.66486,KINGS,HANFORD,-119.66486930000001,36.3134704
6985124,2015,2015-07-16,1602,2015-06-11,0037,1440,53,4,5,4,1602,0,0,0,,0,003,"S HOLT AV","LOMBARD ST",0.00,,Y,A,-,N,,,,,,,,,,N,2,0,1,1,A,-,03,22350,,F,H,A,A,A,H,-,D,D,0,,,,,Y,Y,D,22,1,0,0,0,0,0,0,0,0,"- ","- ",36.319029999999998,-119.6657,KINGS,HANFORD,-119.66574993,36.319140089999998
7006003,2015,2017-04-05,9440,2015-06-04,2350,19226,,4,3,9,1600,0,2,4,,1,062,"10TH AV","NEVADA AV",280.00,S,N,A,-,N,,,,,,,,,,Y,1,4,2,2,A,-,01,23152,A,N,A,C,A,A,H,-,C,D,0,,,,,Y,Y,A,01,1,1,0,0,0,0,0,0,0,"- ","- ",36.138199999999998,-119.64483,KINGS,UNINCORPORATED,-119.64445550000001,36.137204920000002
7006478,2016,2018-09-27,1602,2016-01-11,2243,1421,27,1,5,4,1602,0,0,0,,0,002,"10TH AV","GRANGEVILLE BL",0.00,,Y,A,-,N,,,,,,,,,,Y,1,1,0,1,A,-,03,22350,,N,E,I,A,A,H,-,C,A,0,,,,,Y,Y,A,01,0,0,0,0,0,0,0,0,0,"- ","- ",36.344140000000003,-119.63764999999999,KINGS,HANFORD,-119.63705997,36.34269003
7012453,2015,2015-09-18,9440,2015-07-20,1240,14567,,1,1,9,1600,0,2,4,,1,046,"LACEY BL","COUNTRY LN",68.00,W,N,B,-,N,,,,,,,,,,Y,2,0,2,2,A,-,05,21650,,N,A,C,A,A,H,-,A,D,0,,,,,Y,,D,22,1,1,0,0,0,0,0,0,0,"- ","- ",36.327979999999997,-119.61543,KINGS,UNINCORPORATED,-119.61525066,36.32799
7037918,2015,2017-01-12,9495,2015-08-09,2010,017312,,7,2,9,1600,0,1,1,,2,004,"RT 5","25TH AV",1584.00,S,N,A,-,Y,KIN,6,5,-,-,14.250,H,-,S,Y,2,0,2,1,A,-,08,22107,,N,F,A,A,A,D,-,D,D,1,,,,,Y,,A,01,1,1,0,0,0,0,0,0,0,"- ","- ",,,KINGS,UNINCORPORATED,-119.93365926,35.955432559999998
7052738,2015,2015-09-18,1603,2015-07-04,0756,1354,LI1,6,5,3,1603,0,0,0,,0,0L2,"NORTH LEMOORE AV","G ST",14.00,S,N,A,-,N,,,,,,,,,,Y,2,0,4,2,C,-,18,,,N,A,E,A,A,H,-,A,D,0,,,,,Y,,-,"- ",2,2,0,0,0,0,0,0,0,"- ","- ",,,KINGS,LEMOORE,-119.78081,36.305551569999999
7053789,2015,2015-09-23,1602,2015-09-10,2021,1433,37,4,5,4,1602,0,0,0,,0,004,"E LACEY","VIDAURRI LN",82.00,E,N,A,-,N,,,,,,,,,,Y,2,0,1,1,A,-,08,22107,,N,E,I,A,A,H,-,D,D,0,,,,,Y,,A,07,1,0,0,0,0,0,0,0,0,"- ","- ",36.32799,-119.6009,KINGS,HANFORD,-119.60669185,36.328000000000003
7157446,2016,2016-01-20,1602,2016-01-02,1915,1460,32,6,5,4,1602,0,0,0,,0,001,"N 11TH AV","N 11TH AV 1308",0.00,,N,A,-,N,,,,,,,,,,Y,2,0,1,1,A,-,03,22350,,N,E,I,A,A,H,-,C,D,0,,,,,Y,,A,01,1,0,0,0,0,0,0,0,0,"- ","- ",36.339669999999998,-119.65542000000001,KINGS,HANFORD,-119.65514749,36.339639220000002
7190303,2016,2016-08-30,1602,2016-07-08,0431,1421,73,5,5,4,1602,0,0,0,,0,003,"IDAHO AV","11TH AV",0.00,,Y,A,-,N,,,,,,,,,,Y,1,2,2,2,A,-,12,22450,,N,D,C,A,A,H,-,D,A,0,,,,,Y,,A,01,0,0,2,0,0,0,0,0,0,"- ","- ",36.269269999999999,-119.65488000000001,KINGS,HANFORD,-119.65487998,36.269280100000003
7191127,2016,2016-02-24,1602,2016-02-06,0215,1472,55,6,5,4,1602,0,0,0,,0,004,"2ND ST","HARRIS ST",0.00,,Y,A,-,N,,,,,,,,,,N,2,0,1,2,A,-,03,22350,,F,G,B,D,A,H,-,C,D,0,Y,,,,Y,Y,-,99,1,0,0,0,1,0,0,0,0,"- ","- ",36.321680000000001,-119.64285,KINGS,HANFORD,-119.64284994,36.321700010000001
7196493,2016,2016-03-08,1602,2016-02-29,1830,1457,52,1,5,4,1602,0,0,0,,0,003,"12TH AV","POWER POLE #4362801E",126.00,N,N,A,-,N,,,,,,,,,,Y,2,0,1,2,A,-,05,21650,1,N,D,G,A,A,H,-,C,D,0,,Y,,,Y,Y,L,04,1,0,0,0,0,0,1,0,0,"- ","- ",36.313490000000002,-119.67297000000001,KINGS,HANFORD,,
7200036,2017,2017-08-16,1602,2017-03-22,2040,1457,59,3,5,4,1602,0,0,0,,0,003,"12TH AV","W SPRINGCREST",0.00,,Y,A,-,N,,,,,,,,,,Y,1,1,1,2,A,-,09,21801,A,N,D,C,A,A,H,-,C,A,0,,,,,Y,,A,01,1,0,0,0,0,0,0,0,0,"- ","- ",36.308500000000002,-119.67357,KINGS,HANFORD,-119.67288990999999,36.308800009999999
8063468,2016,2016-06-18,1603,2016-05-20,1654,1359,LE2,5,5,3,1603,0,0,0,,0,0L1,"W HANFORD ARMONA RD","FOX ST",239.00,W,N,A,-,N,,,,,,,,,,N,2,0,1,2,A,-,17,21208,B,N,H,G,A,A,H,-,A,D,0,,Y,,Y,Y,,L,04,1,0,0,0,0,0,1,0,0,"- ","- ",,,KINGS,LEMOORE,-119.78608066,36.313440010000001
8139860,2016,2016-10-07,1603,2016-07-29,1756,1068,LG1,5,5,3,1603,0,0,0,,0,0L3,"E D ST","SMITH AV",1028.00,W,N,A,-,N,,,,,,,,,,N,2,0,1,2,A,-,03,22350,,N,C,E,A,A,H,-,A,D,0,,,Y,,Y,,C,02,1,0,0,0,0,0,0,0,1,"- ","- ",,,KINGS,LEMOORE,-119.77875485,36.302154819999998
8160428,2016,2016-11-08,1602,2016-10-15,1609,1465,29,6,5,4,1602,0,0,0,,0,001,"W LIBERTY ST","MT VERNON DR",0.00,,Y,A,-,N,,,,,,,,,,Y,2,0,1,3,A,-,03,22350,,N,C,E,A,A,H,-,A,D,0,,,,,Y,,A,01,1,0,0,0,0,0,0,0,0,"- ","- ",36.333089999999999,-119.68133,KINGS,HANFORD,-119.68100989,36.33256008
8286522,2016,2017-01-23,1602,2016-11-27,2150,1442,52,7,5,4,1602,0,0,0,,0,003,"WEST HANFORD ARMONA RD","UTILITY POLE 4847905E",16.00,E,N,A,-,N,,,,,,,,,,N,2,0,1,2,A,-,00,21954,,N,B,B,D,A,H,-,C,D,0,Y,,,,Y,Y,N,60,1,0,0,0,1,0,0,0,0,"- ","- ",36.313490000000002,-119.67297000000001,KINGS,HANFORD,,
8290732,2016,2017-02-15,1600,2016-12-25,1705,135,AVL,7,5,3,1690,0,0,0,,0,0A1,"7TH AV","SAN JOAQUIN ST",0.00,,Y,A,-,N,,,,,,,,,,Y,2,0,4,2,A,-,01,23152,A,F,D,C,A,A,H,-,C,D,0,,,,,Y,Y,A,07,3,0,1,0,0,0,0,0,0,"- ","- ",,,KINGS,AVENAL,-120.12892986,36.007110019999999
8328613,2017,2017-03-23,1600,2017-02-15,1720,136,AVL,3,5,3,1690,0,0,0,,0,,"SKYLINE BL","W CENTRAL AV",210.00,W,N,A,-,N,,,,,,,,,,N,2,0,1,2,A,-,11,21954,A,N,G,B,D,A,H,-,A,D,0,Y,,,,Y,,N,60,1,0,0,0,1,0,0,0,0,"- ","- ",,,KINGS,AVENAL,-120.12726981,36.005155100000003
8395922,2017,2017-07-17,1603,2017-05-19,1112,1812,LE4,5,5,3,1603,0,0,0,,0,0L1,"W HANFORD ARMONA RD","LIBERTY DR",0.00,,Y,A,-,N,,,,,,,,,,N,2,0,2,2,A,-,12,22450,A,N,D,C,A,A,H,-,A,A,0,,,,Y,Y,,A,01,1,0,1,0,0,0,0,0,0,"- ","- ",,,KINGS,LEMOORE,-119.79423988000001,36.313400029999997
8404364,2017,2017-08-03,1600,2017-05-08,0537,111,A1,1,5,3,1690,0,0,0,,0,001,"RT 269","OLD SKYLINE RD",0.00,,Y,A,-,Y,KIN,6,269,-,-,3.260,H,-,N,Y,1,1,0,2,A,-,03,22350,,N,C,C,A,A,H,-,A,D,0,,,,,Y,,A,01,0,0,0,0,0,0,0,0,0,"- ","- ",,,KINGS,AVENAL,-120.11356429999999,36.0387883
8463603,2017,2017-10-26,1603,2017-08-26,1239,1815,LC1,6,5,3,1603,0,0,0,,0,0L1,"FOX ST","CINNAMON DR",48.00,N,N,A,-,N,,,,,,,,,,Y,2,0,1,1,A,-,08,22107,,N,E,J,A,A,H,-,A,A,0,,,Y,,Y,,C,03,1,0,0,0,0,0,0,0,1,"- ","- ",,,KINGS,LEMOORE,-119.78777144,36.306232889999997
8468877,2017,2017-10-10,1602,2017-09-27,2131,1425,55,3,5,4,1602,0,0,0,,0,004,"S IRWIN ST","LONG ST",39.00,N,N,A,-,N,,,,,,,,,,Y,2,0,1,1,A,-,03,22350,,N,E,I,A,A,H,-,C,D,0,,,,,Y,Y,A,01,1,0,0,0,0,0,0,0,0,"- ","- ",36.313409999999998,-119.64594,KINGS,HANFORD,-119.6459,36.319067050000001
8501557,2017,2017-12-19,1602,2017-11-25,0736,1433,73,6,5,4,1602,0,0,0,,0,003,"11TH AV","IDAHO AV",0.00,,Y,E,-,N,,,,,,,,,,Y,2,0,1,2,A,-,09,21802,A,N,D,C,A,A,H,-,A,A,0,,,,Y,Y,,G,25,1,0,0,0,0,0,0,0,0,"- ","- ",36.269269999999999,-119.65488000000001,KINGS,HANFORD,-119.65487998,36.269280100000003
8525674,2017,2018-01-12,1602,2017-11-26,0142,1474,18,7,5,4,1602,0,0,0,,0,002,"NEILL WY","LAKEWOOD DR",0.00,,-,A,-,N,,,,,,,,,,Y,2,0,1,2,A,-,01,23152,A,N,B,E,A,A,H,-,C,D,0,,,Y,,Y,Y,C,02,1,0,0,0,0,0,0,0,1,"- ","- ",36.352170000000001,-119.63184,KINGS,HANFORD,-119.63219998,36.35223002
8599327,2018,2018-04-27,1602,2018-03-30,1050,1425,8,5,5,4,1602,0,0,0,,0,001,GLACIER,"FARGO AV",78.00,N,N,A,-,N,,,,,,,,,,Y,2,0,1,1,A,-,03,22350,,N,E,I,A,A,H,-,A,A,0,,,,,Y,,A,07,1,0,0,0,0,0,0,0,0,"- ","- ",36.35723876953125,-119.66184234619141,KINGS,HANFORD,-119.66181945800781,36.357475280761719
8607780,2018,2018-05-18,1600,2018-04-23,2002,111,A2,1,5,3,1690,0,0,0,,0,002,"S CORCORAN AV","S CORCORAN AV 801",0.00,,-,A,-,N,,,,,,,,,,Y,2,0,1,1,A,-,03,38305,,N,E,I,A,A,G,-,B,D,0,,,Y,,Y,,C,06,1,0,0,0,0,0,0,0,1,"- ","- ",36.000011444091797,-120.11904907226562,KINGS,AVENAL,-120.11987999999999,36.000926999999997
8650934,2018,2018-10-10,1601,2018-02-20,0630,164,12,2,5,3,1601,0,0,0,,0,00S,"STANLEY AV","CLAIRE AV",0.00,,Y,A,-,N,,,,,,,,,,N,2,0,2,2,A,-,09,21800,,N,D,C,A,A,H,-,A,D,0,,,,,Y,,A,01,1,0,1,0,0,0,0,0,0,"- ","- ",36.092601776123047,-119.57083892822266,KINGS,CORCORAN,-119.57084655761719,36.092601776123047
8671254,2018,2018-08-10,1601,2018-02-03,1453,95,11,6,5,3,1601,0,0,0,,0,00S,"CHASE AV","JEPSEN AV",0.00,,-,A,-,N,,,,,,,,,,N,2,0,1,2,A,-,08,22107,,N,G,B,E,A,H,-,A,D,0,Y,,,,Y,,D,22,1,0,0,0,1,0,0,0,0,"- ","- ",36.096439361572266,-119.56070709228516,KINGS,CORCORAN,-119.56101226806641,36.096668243408203
8678489,2018,2018-09-10,1602,2018-08-11,0130,1478,44,6,5,4,1602,0,0,0,,0,001,"GLENDALE AV","EDISON POLE 468341E",42.00,E,N,A,-,N,,,,,,,,,,Y,2,0,1,2,A,-,01,23152,,N,C,E,A,A,H,-,C,D,0,,,,,Y,Y,A,07,1,0,0,0,0,0,0,0,0,"- ","- ",,,KINGS,HANFORD,,
8734090,2018,2018-11-19,1602,2018-10-24,1305,1421,35,3,5,4,1602,0,0,0,,0,002,"W GRANGEVILLE BL","DOUTY ST",250.00,W,N,A,-,N,,,,,,,,,,N,2,0,1,2,A,-,05,21650,1,N,D,G,A,A,H,-,A,D,0,,Y,,,Y,Y,L,04,1,0,0,0,0,0,1,0,0,"- ","- ",36.342681884765625,-119.64601898193359,KINGS,HANFORD,-119.64689636230469,36.342689514160156
8756484,2018,2018-12-19,1601,2018-05-03,1602,126,4,4,5,3,1601,0,0,0,,0,00N,"WHITLEY AV","DORAN AV",169.00,E,N,A,-,N,,,,,,,,,,N,2,0,1,2,A,-,08,22107,,N,H,G,A,A,H,-,A,D,0,,Y,,,Y,,L,04,1,0,0,0,0,0,1,0,0,"- ","- ",36.098480224609375,-119.58399963378906,KINGS,CORCORAN,-119.58372497558594,36.098098754882812
8773061,2018,2019-01-18,1602,2018-12-08,1942,1465,62,6,5,4,1602,0,0,0,,0,004,"HUME AV","DAWN LN",0.00,,Y,A,-,N,,,,,,,,,,N,2,0,1,2,A,-,11,21954,A,F,G,B,D,A,H,-,C,D,0,Y,,,,Y,,N,60,1,0,0,0,1,0,0,0,0,"- ","- ",36.305591583251953,-119.65502166748047,KINGS,HANFORD,-119.65590667724609,36.305591583251953
8793049,2019,2019-02-28,1602,2019-02-03,1907,1460,16,7,5,4,1602,0,0,0,,0,002,"CORTNER ST","11TH AV",101.00,W,N,A,-,N,,,,,,,,,,Y,2,0,2,2,A,-,01,23153,B,N,A,C,A,A,H,-,D,D,0,,,,,Y,Y,A,07,1,1,0,0,0,0,0,0,0,"- ","- ",36.351791381835938,-119.65505981445312,KINGS,HANFORD,-119.65541076660156,36.351760864257812
8834358,2019,2019-04-25,1602,2019-03-24,2010,1495,40,7,5,4,1602,0,0,0,,0,001,"N 11TH AV","WEST LACEY BL",14.00,S,N,A,-,N,,,,,,,,,,Y,2,0,2,3,-,-,"- ",,,N,D,C,D,A,H,-,C,A,0,Y,,,,Y,,-,"- ",1,1,0,0,1,0,0,0,0,"- ","- ",36.328128814697266,-119.65521240234375,KINGS,HANFORD,-119.65519714355469,36.328010559082031
8869449,2019,2019-06-06,1602,2019-05-26,2043,1485,16,7,5,4,1602,0,0,0,,0,002,"N DOUTY ST","W TERRACE DR",0.00,,-,A,-,N,,,,,,,,,,N,2,0,1,2,D,-,00,,,N,G,B,E,B,H,-,C,D,0,Y,,,,Y,Y,-,"- ",1,0,0,0,1,0,0,0,0,"- ","- ",36.328411102294922,-119.64808654785156,KINGS,HANFORD,-119.64604187011719,36.346759796142578
8881757,2019,2019-07-25,1603,2019-06-07,0758,1354,LN3,5,5,3,1603,0,0,0,,0,0L3,"VINE ST","BEECH LN",22.00,S,N,A,-,N,,,,,,,,,,Y,2,0,2,2,A,-,01,23153,A,N,C,E,A,A,H,-,A,D,0,,,,,Y,Y,A,01,2,0,0,0,0,0,0,0,0,"- ","- ",,,KINGS,LEMOORE,-119.78985595703125,36.291297912597656
8911725,2020,2020-10-23,1603,2020-10-09,2329,1809,LB4,5,5,3,1603,0,0,0,,0,0L1,"WINDY LN","NORTH 19TH AV",68.00,W,N,A,-,N,,,,,,,,,,Y,1,1,0,2,A,-,00,23153,F,F,E,I,A,A,H,-,C,D,0,,,,,Y,,A,07,0,0,0,0,0,0,0,0,0,"- ","- ",,,KINGS,LEMOORE,-119.79900360107422,36.304492950439453
8939479,2019,2021-05-24,1601,2019-08-03,2236,88,15,6,5,3,1601,0,0,0,,0,00S,"KING AV","PUEBLO AV",0.00,,Y,A,-,N,,,,,,,,,,N,1,1,0,2,A,-,11,21954,A,N,G,B,E,A,H,-,D,D,0,Y,,,Y,Y,Y,N,60,0,0,0,1,0,0,0,0,0,"- ","- ",36.079879760742188,-119.55857086181641,KINGS,CORCORAN,-119.55857849121094,36.079891204833984
8947685,2019,2019-10-15,1603,2019-07-01,1424,1068,LA4,1,5,3,1603,0,0,0,,0,0L3,"WEST BUSH ST","SOUTH 19TH AV",0.00,,Y,A,-,N,,,,,,,,,,Y,2,0,1,2,A,-,12,21453,A,N,D,G,A,A,H,-,A,A,0,,Y,,,Y,Y,L,04,1,0,0,0,0,0,1,0,0,"- ","- ",,,KINGS,LEMOORE,-119.79879760742188,36.298259735107422
90012584,2015,2015-11-19,9440,2015-08-22,0230,018566,,6,3,9,1600,0,3,5,,2,010,"7TH AVENUE","NORTH AVENUE",196.00,S,N,A,-,N,,,,,,,,,,Y,2,0,1,1,A,-,01,23152,A,N,F,A,A,A,H,-,D,D,0,,,,,Y,Y,D,22,1,0,0,0,0,0,0,0,0,"- ","- ",36.10266,-119.58994,KINGS,UNINCORPORATED,-119.58996645000001,36.10491202
90015218,2015,2015-10-29,9440,2015-09-03,0330,015975,,4,3,9,1600,0,3,5,,2,010,"9 1/4 AVE","MYRTLE ST",240.00,N,N,A,-,N,,,,,,,,,,Y,1,1,3,1,A,-,08,22107,,F,E,I,A,A,H,-,D,D,0,,,,,Y,,A,01,1,2,0,0,0,0,0,0,0,"- ","- ",36.333120000000001,-119.62341000000001,KINGS,UNINCORPORATED,-119.62350189999999,36.333036700000001
90029667,2015,2015-10-19,9440,2015-09-18,0620,015975,,5,1,9,1600,0,2,4,,1,070,"22ND AVE","GRANGEVILLE BLVD",0.00,,Y,A,-,N,,,,,,,,,,Y,1,2,0,2,A,-,09,21802,A,N,D,C,A,A,H,-,B,A,0,,,,Y,Y,,A,01,0,0,0,0,0,0,0,0,0,"- ","- ",36.343879999999999,-119.85127,KINGS,UNINCORPORATED,-119.85126986,36.343970069999997
90046703,2015,2015-11-09,9440,2015-10-28,0540,012806,,3,3,9,1600,0,2,4,,1,061,"6TH AVE","KANSAS AVE",0.00,,Y,B,-,N,,,,,,,,,,Y,1,1,1,2,A,-,12,22450,A,N,D,C,A,A,H,-,D,A,0,,,,,Y,,A,01,0,0,1,0,0,0,0,0,0,"- ","- ",36.211010000000002,-119.56492,KINGS,UNINCORPORATED,-119.56495993999999,36.21105
90057201,2015,2015-11-23,9440,2015-11-15,0435,013492,,7,3,9,1600,0,3,5,,2,020,"HUME AVE","14TH AVE",492.00,E,N,A,-,N,,,,,,,,,,N,2,0,1,1,A,-,08,22107,,N,E,I,A,A,H,-,D,D,0,,,Y,,Y,,C,06,1,0,0,0,0,0,0,0,1,"- ","- ",36.305759999999999,-119.70753000000001,KINGS,UNINCORPORATED,-119.70750160999999,36.305770889999998
90064907,2015,2015-12-03,9440,2015-11-18,0815,016585,,3,1,9,1600,0,2,4,,1,061,"6TH AVENUE","VIRGINA AVENUE",9504.00,S,N,A,-,N,,,,,,,,,,Y,1,1,1,1,A,-,08,22107,,N,E,I,A,A,H,-,A,D,0,,,,,Y,,A,01,0,1,0,0,0,0,0,0,0,"- ","- ",35.8705,-119.5733,KINGS,UNINCORPORATED,-119.57332977999999,35.901293529999997
90099501,2016,2016-01-21,9440,2016-01-14,0210,018576,,4,3,9,1600,0,1,3,,1,198,"SR-198 (EASTBOUND) TO HOUSTON AVENUE","HOUSTON AVE",701.00,W,N,A,-,Y,,,198,,,,R,,,Y,2,0,1,1,A,-,01,23152,A,N,E,I,A,A,H,-,D,D,0,,,,,Y,Y,D,22,1,0,0,0,0,0,0,0,0,"- ","- ",36.296680000000002,-119.75509,KINGS,UNINCORPORATED,-119.75509,36.296680000000002
90099968,2015,2016-01-21,9495,2015-12-29,1320,018253,,2,1,9,1600,0,1,3,,1,010,"STATE ROUTE 41","STATE ROUTE 33",0.00,,Y,A,-,Y,,,41,,,,,,,Y,2,0,5,3,A,-,12,21453,A,N,D,C,A,A,H,-,A,A,0,,,,,Y,,M,47,1,3,1,0,0,0,0,0,0,"- ","- ",35.888120000000001,-120.04694000000001,KINGS,UNINCORPORATED,-120.04692415,35.888109270000001
90108065,2016,2016-02-03,9440,2016-01-22,1810,018202,,5,2,9,1600,0,3,5,,2,020,"13TH AVE","LACEY BLVD",528.00,S,N,A,-,N,,,,,,,,,,Y,2,0,1,2,A,-,01,23152,F,N,A,C,A,A,H,-,A,D,0,,,,,Y,Y,A,01,1,0,0,0,0,0,0,0,0,"- ","- ",36.327019999999997,-119.69109,KINGS,UNINCORPORATED,-119.69100104,36.32662071
90123499,2016,2016-02-25,9440,2016-02-16,1335,013492,,2,1,9,1600,0,1,3,,1,430,"STATE ROUTE 43","8 1/2 AVE",528.00,N,N,A,-,Y,,,43,,,,,,,N,2,0,1,1,A,-,08,22107,,N,H,A,A,A,H,-,A,D,0,,Y,,,Y,,L,04,1,0,0,0,0,0,1,0,0,"- ","- ",36.352539999999998,-119.61219,KINGS,UNINCORPORATED,-119.61216172,36.352590149999997
90125535,2015,2016-02-29,9495,2015-12-09,0415,019789,,3,3,9,1600,0,1,3,,1,010,SR-41,"UTICA AVE",717.00,N,N,E,-,Y,,,,,,,,,,Y,1,1,0,2,A,-,03,22350,,N,C,C,A,B,H,-,D,D,0,,,,Y,Y,,A,07,0,0,0,0,0,0,0,0,0,"- ","- ",35.934539999999998,-120.01991,KINGS,UNINCORPORATED,-120.01678273,35.936017280000002
90143373,2016,2016-03-24,9495,2016-03-12,0245,019463,,6,3,9,1600,0,1,1,,2,004,"INTERSTATE-5 (NORTHBOUND)","QUEBEC AVENUE O/C",528.00,N,N,A,-,Y,,,5,,,,,,,Y,2,0,2,1,A,-,08,22107,,N,E,I,A,A,H,-,D,D,0,,,,,Y,,A,01,2,0,0,0,0,0,0,0,0,"- ","- ",36.05489,-120.06531,KINGS,UNINCORPORATED,-120.06533969,36.054840540000001
9015179,2019,2020-02-04,1602,2019-12-11,0609,1486,57,3,5,4,1602,0,0,0,,0,004,"RT 198","9TH AV",0.00,,Y,E,-,N,,,198,,,,,,,Y,2,0,1,2,A,-,03,22350,,N,B,C,A,B,H,-,C,D,0,,,,,Y,,A,01,1,0,0,0,0,0,0,0,0,"- ","- ",36.324470520019531,-119.6190185546875,KINGS,HANFORD,-119.6190185546875,36.324478149414062
90166575,2016,2016-04-27,9440,2016-04-24,2345,017082,,7,3,9,1600,0,2,4,,1,047,"HANFORD ARMONA RD","OAK ST",7.00,E,N,A,-,N,,,,,,,,,,Y,2,0,1,1,A,-,08,22107,,N,E,I,A,A,H,-,C,A,0,,,,,Y,,A,07,1,0,0,0,0,0,0,0,0,"- ","- ",36.313609999999997,-119.69099,KINGS,UNINCORPORATED,-119.70198626,36.313549999999999
90175097,2016,2016-05-09,9495,2016-02-21,0050,020298,,7,3,9,1600,0,1,1,,2,004,"INTERSTATE 5 NORTHBOUND","COUNTY LINE ROAD",3168.00,N,N,A,-,Y,,,5,,,,,,N,Y,1,4,3,1,A,-,08,22107,,N,F,A,A,A,H,-,D,D,0,,,,,Y,,A,07,1,2,0,0,0,0,0,0,0,"- ","- ",35.797499999999999,-119.7882,KINGS,UNINCORPORATED,-119.78810718,35.797569340000003
90175481,2016,2016-05-09,9440,2016-04-22,2125,018566,,5,2,9,1600,0,1,3,,1,430,"STATE ROUTE 43","WHITLEY AVENUE",0.00,,Y,A,-,Y,,,43,,,,,,,Y,1,1,1,2,A,-,09,21802,A,N,D,C,A,A,H,-,C,A,0,,,,Y,Y,,A,01,0,1,0,0,0,0,0,0,0,"- ","- ",36.098350000000003,-119.54604999999999,KINGS,UNINCORPORATED,-119.54594895,36.098404420000001