CASE_ID,ACCIDENT_YEAR,PROC_DATE,JURIS,COLLISION_DATE,COLLISION_TIME,OFFICER_ID,REPORTING_DISTRICT,DAY_OF_WEEK,CHP_SHIFT,POPULATION,CNTY_CITY_LOC,SPECIAL_COND,BEAT_TYPE,CHP_BEAT_TYPE,CITY_DIVISION_LAPD,CHP_BEAT_CLASS,BEAT_NUMBER,PRIMARY_RD,SECONDARY_RD,DISTANCE,DIRECTION,INTERSECTION,WEATHER_1,WEATHER_2,STATE_HWY_IND,CALTRANS_COUNTY,CALTRANS_DISTRICT,STATE_ROUTE,ROUTE_SUFFIX,POSTMILE_PREFIX,POSTMILE,LOCATION_TYPE,RAMP_INTERSECTION,SIDE_OF_HWY,TOW_AWAY,COLLISION_SEVERITY,NUMBER_KILLED,NUMBER_INJURED,PARTY_COUNT,PRIMARY_COLL_FACTOR,PCF_CODE_OF_VIOL,PCF_VIOL_CATEGORY,PCF_VIOLATION,PCF_VIOL_SUBSECTION,HIT_AND_RUN,TYPE_OF_COLLISION,MVIW,PED_ACTION,ROAD_SURFACE,ROAD_COND_1,ROAD_COND_2,LIGHTING,CONTROL_DEVICE,CHP_ROAD_TYPE,PEDESTRIAN_ACCIDENT,BICYCLE_ACCIDENT,MOTORCYCLE_ACCIDENT,TRUCK_ACCIDENT,NOT_PRIVATE_PROPERTY,ALCOHOL_INVOLVED,STWD_VEHTYPE_AT_FAULT,CHP_VEHTYPE_AT_FAULT,COUNT_SEVERE_INJ,COUNT_VISIBLE_INJ,COUNT_COMPLAINT_PAIN,COUNT_PED_KILLED,COUNT_PED_INJURED,COUNT_BICYCLIST_KILLED,COUNT_BICYCLIST_INJURED,COUNT_MC_KILLED,COUNT_MC_INJURED,PRIMARY_RAMP,SECONDARY_RAMP,LATITUDE,LONGITUDE,COUNTY,CITY,POINT_X,POINT_Y
90180970,2015,2016-05-17,9440,2015-11-03,0852,013492,,2,1,9,1600,0,2,4,,1,070,"22ND AVE","GRANGEVILLE BOULEVARD",0.00,,Y,B,-,N,,,,,,,,,,Y,1,2,2,3,A,-,01,23152,E,N,D,C,A,A,H,-,A,A,0,,,,,Y,,D,22,2,0,0,0,0,0,0,0,0,"- ","- ",36.343879999999999,-119.85118,KINGS,UNINCORPORATED,-119.85126986,36.343970069999997
90193254,2016,2017-03-13,9440,2016-05-13,2205,019199,,5,3,9,1600,0,3,5,,2,020,"FRONT ST","JENSEN ST",138.00,W,N,A,-,N,,,,,,,,,,Y,1,1,2,1,A,-,03,22350,,N,E,I,A,A,H,-,D,A,0,,,,,Y,,A,01,1,1,0,0,0,0,0,0,0,"- ","- ",36.315449999999998,-119.71109,KINGS,UNINCORPORATED,-119.71216341,36.315087900000002
90197343,2016,2016-06-08,9440,2016-05-30,1813,016934,,1,2,9,1600,0,3,5,,2,010,"7TH AVENUE","HOUSTON AVE",320.00,N,N,A,-,N,,,,,,,,,,Y,1,1,2,1,A,-,08,22107,,N,E,I,A,A,H,-,A,A,0,,,,,Y,,A,07,1,0,1,0,0,0,0,0,0,"- ","- ",36.299869999999999,-119.58293999999999,KINGS,UNINCORPORATED,-119.58304697,36.299388299999997
90200200,2016,2016-06-13,9440,2016-05-26,1837,018202,,4,2,9,1600,0,2,4,,1,041,"13 1/4 AVE","EXCELSIOR AVE",0.00,,Y,A,-,N,,,,,,,,,,Y,1,1,0,2,A,-,09,21802,A,N,D,C,A,A,H,-,A,A,0,,,,Y,Y,,A,01,0,0,0,0,0,0,0,0,0,"- ","- ",36.401179999999997,-119.69551,KINGS,UNINCORPORATED,-119.69546990000001,36.401170049999998
90200464,2016,2016-06-23,9440,2016-06-05,1849,017082,,7,2,9,1600,0,2,4,,1,041,"EXCELSIOR AVE","14 1/2 AVE",516.00,E,N,A,-,N,,,,,,,,,,Y,1,1,0,1,A,-,08,22107,,N,E,I,A,A,H,-,A,D,0,,,,,Y,,A,01,0,0,0,0,0,0,0,0,0,"- ","- ",36.401330000000002,-119.70887999999999,KINGS,UNINCORPORATED,-119.7163979,36.401140009999999
90216960,2016,2016-07-06,9440,2016-06-24,1145,015703,,5,1,9,1600,0,2,4,,1,046,"LACEY BLVD","14TH AVE",654.00,E,N,A,-,N,,,,,,,,,,Y,2,0,1,3,A,-,08,22107,,N,C,C,A,A,H,-,A,D,0,,,,,Y,,A,01,1,0,0,0,0,0,0,0,0,"- ","- ",36.32799,-119.70612,KINGS,UNINCORPORATED,-119.70676141,36.328070150000002
90218156,2016,2016-07-07,9440,2016-06-29,2105,016774,,3,2,9,1600,0,1,3,,1,198,"SR-198 E/B","7TH AVE",1584.00,E,N,A,-,Y,,,198,,,,,,E,Y,2,0,1,1,A,-,01,23152,A,N,F,A,A,A,H,-,C,D,0,,,,Y,Y,Y,G,25,1,0,0,0,0,0,0,0,0,"- ","- ",36.328180000000003,-119.56511,KINGS,UNINCORPORATED,-119.56510996,36.32816158
90234858,2016,2016-08-01,9440,2016-07-21,0449,016585,,4,3,9,1600,0,2,4,,1,050,"KANSAS AVE",SR-41,10.00,E,N,A,-,Y,,,,,,,,,,Y,2,0,2,2,A,-,09,21801,A,N,E,I,A,A,H,-,C,D,0,,,,Y,Y,,G,25,2,0,0,0,0,0,0,0,0,"- ","- ",36.211500000000001,-119.81610000000001,KINGS,UNINCORPORATED,-119.81608611999999,36.211480000000002
90246194,2016,2016-08-16,9440,2016-08-09,0645,014363,,2,1,9,1600,0,2,4,,1,047,"HANFORD ARMONA ROAD","STATE ROUTE 198",613.00,W,N,A,-,N,,,,,,,,,,N,2,0,1,2,A,-,11,21954,A,N,G,B,D,A,H,-,B,D,0,Y,,,,Y,,N,60,1,0,0,0,1,0,0,0,0,"- ","- ",36.314419999999998,-119.69495999999999,KINGS,UNINCORPORATED,-119.69477608,36.314480000000003
90250913,2016,2016-08-23,9440,2016-08-19,1258,016585,,5,1,9,1600,0,2,4,,1,061,"6TH AVE","BURRIS PARK DR",11.00,N,N,A,-,N,,,,,,,,,,Y,2,0,2,1,A,-,08,22107,,N,E,I,A,A,H,-,A,D,0,,,,,Y,,A,01,1,1,0,0,0,0,0,0,0,"- ","- ",36.4405,-119.56480000000001,KINGS,UNINCORPORATED,-119.56468017,36.440410190000001
9025232,2019,2020-02-03,1602,2019-12-24,1458,1441,3,2,5,4,1602,0,0,0,,0,001,"W JULIA WY","POLE #4496183E",144.00,E,N,A,-,N,,,,,,,,,,N,2,0,1,1,A,-,03,22350,,N,H,-,A,A,H,-,A,D,0,,,Y,,Y,,C,02,1,0,0,0,0,0,0,0,1,"- ","- ",36.364749908447266,-119.65659332275391,KINGS,HANFORD,,
90255456,2016,2016-10-07,9440,2016-08-22,0430,013492,,1,3,9,1600,0,2,4,,1,050,"KANSAS AVENUE","16TH AVE",917.00,W,N,B,-,N,,,,,,,,,,Y,1,1,1,2,A,-,01,23152,E,N,A,C,A,A,H,-,D,D,0,,,,,Y,,A,01,1,0,0,0,0,0,0,0,0,"- ","- ",36.211069999999999,-119.74754,KINGS,UNINCORPORATED,-119.74754606,36.211064499999999
90268974,2016,2016-09-16,9440,2016-09-04,0140,018202,,7,3,9,1600,0,2,4,,1,040,"AVENAL CUTOFF RD","30TH AVE",7920.00,N,N,A,-,N,,,,,,,,,,Y,2,0,5,2,A,-,01,23152,A,N,A,C,A,A,H,-,D,D,0,,,,,Y,Y,A,01,4,1,0,0,0,0,0,0,0,"- ","- ",36.165680000000002,-119.97587,KINGS,UNINCORPORATED,-119.98472055000001,36.158650989999998
90283275,2016,2016-10-04,9440,2016-09-29,0410,016585,,4,3,9,1600,0,3,5,,2,020,"JERSEY AVE.","17TH AVE",1584.00,W,N,A,-,N,,,,,,,,,,Y,2,0,1,1,C,-,18,,,N,H,H,A,A,H,-,D,D,0,,,,,Y,,-,"- ",1,0,0,0,0,0,0,0,0,"- ","- ",36.239899999999999,-119.7696,KINGS,UNINCORPORATED,-119.76814748,36.240040010000001
90347653,2016,2016-12-19,9440,2016-12-10,1630,019199,,6,2,9,1600,0,2,4,,1,040,"AVENAL CUTOFF RD","30TH AVE",120.00,N,N,B,-,N,,,,,,,,,,Y,2,0,1,1,A,-,01,23152,A,N,E,I,A,A,H,-,B,D,0,,,,,Y,Y,D,22,1,0,0,0,0,0,0,0,0,"- ","- ",36.15081,-119.99489,KINGS,UNINCORPORATED,-120.00370798,36.14376901
90352886,2016,2016-12-27,9440,2016-12-15,0725,015399,,4,1,9,1600,0,1,3,,1,430,"STATE ROUTE 43","WHITLEY AVENUE",0.00,,Y,C,-,Y,,,43,,,,,,,Y,2,0,3,2,A,-,12,22450,A,N,D,C,A,B,H,-,A,A,0,,,,Y,Y,Y,G,25,1,0,2,0,0,0,0,0,0,"- ","- ",36.097969999999997,-119.54586,KINGS,UNINCORPORATED,-119.54574758,36.098030549999997
90359840,2016,2017-01-03,9440,2016-12-26,1619,016979,,1,2,9,1600,0,1,3,,1,410,"STATE ROUTE 41","NEWTON AVENUE",1665.00,N,N,A,-,Y,,,41,,,,,,,Y,2,0,2,1,A,-,08,22107,,N,E,I,A,A,H,-,A,D,0,,,,,Y,,D,22,1,1,0,0,0,0,0,0,0,"- ","- ",36.12762,-119.88796000000001,KINGS,UNINCORPORATED,-119.88799532,36.12765289
90380092,2017,2017-02-09,9440,2017-01-18,2035,017161,,3,2,9,1600,0,2,4,,1,047,"HANFORD ARMONA RD","16TH AVE",532.00,W,N,B,-,N,,,,,,,,,,Y,2,0,3,3,A,-,08,22107,,N,E,I,A,B,H,-,D,D,0,,,Y,,Y,,D,22,1,2,0,0,0,0,0,0,0,"- ","- ",36.313540000000003,-119.74696,KINGS,UNINCORPORATED,-119.74655443,36.313507919999999
90383451,2016,2017-02-07,9495,2016-11-14,2326,020021,,1,3,9,1600,0,1,3,,1,010,"STATE ROUTE 41","YORK AVENUE",1373.00,N,N,A,-,Y,,,41,,,,,,,Y,1,1,1,1,A,-,01,23152,A,N,F,A,A,A,H,-,D,D,0,,,,,Y,Y,A,08,0,1,0,0,0,0,0,0,0,"- ","- ",35.83549,-120.0886,KINGS,UNINCORPORATED,-120.08862383,35.83550193
90411413,2017,2017-03-13,9440,2017-03-10,1724,018566,,5,2,9,1600,0,3,5,,2,020,"SHEPARD DRIVE","CHRISTY LANE",0.00,,Y,A,-,N,,,,,,,,,,N,2,0,1,1,A,-,01,23152,A,N,E,I,A,A,H,-,A,D,0,,,Y,,Y,Y,C,02,1,0,0,0,0,0,0,0,1,"- ","- ",36.308340000000001,-119.65169,KINGS,UNINCORPORATED,-119.65159989,36.308250090000001
9041291,2019,2020-02-10,1601,2019-11-05,2110,171,8,2,5,3,1601,0,0,0,,0,00M,"LETTS AV","LETTS AV 1000",0.00,,-,A,-,N,,,,,,,,,,Y,2,0,1,1,A,-,12,22450,A,N,E,I,A,A,H,-,D,D,0,,,,,Y,Y,A,01,1,0,0,0,0,0,0,0,0,"- ","- ",36.099258422851562,-119.56704711914062,KINGS,CORCORAN,-119.56753500000001,36.099631000000002
90416700,2017,2017-11-14,9495,2017-02-16,0840,019424,,4,1,9,1600,0,1,1,,2,004,"INTERSTATE 5 (NORTHBOUND)","25TH AVENUE",4752.00,S,N,C,-,Y,,,5,,,,,,,Y,1,1,0,2,A,-,08,22107,,N,A,D,A,B,H,-,A,D,0,,,,Y,Y,,D,22,0,0,0,0,0,0,0,0,0,"- ","- ",35.948340000000002,-119.92623,KINGS,UNINCORPORATED,-119.92632948000001,35.948238660000001
90426781,2017,2017-04-04,9440,2017-03-11,0532,016585,,6,3,9,1600,0,1,3,,1,410,SR-41,"QUAIL AVE",1056.00,N,N,E,-,Y,,,41,,,,,,,Y,1,1,1,2,A,-,05,21650,,N,A,C,A,A,H,-,D,D,0,,,,Y,Y,,F,26,1,0,0,0,0,0,0,0,0,"- ","- ",36.038699999999999,-119.95780000000001,KINGS,UNINCORPORATED,-119.95776377999999,36.03866859
90428421,2017,2017-04-17,9440,2017-04-03,0615,013492,,1,1,9,1600,0,1,3,,1,410,"STATE ROUTE 41","JACKSON AVE",0.00,,Y,A,-,Y,,,41,,,,,,,Y,1,1,4,2,A,-,12,22450,A,N,D,C,A,A,H,-,A,A,0,,,,,Y,,A,01,1,2,1,0,0,0,0,0,0,"- ","- ",36.254770000000001,-119.80893,KINGS,UNINCORPORATED,-119.80883616,36.254727799999998
90437743,2017,2017-04-19,9440,2017-04-01,1505,012806,,6,2,9,1600,0,1,3,,1,430,SR-43,"ELDER AVE",0.00,,Y,A,-,Y,,,43,,,,,,,Y,2,0,1,2,A,-,03,22350,,N,C,C,A,A,H,-,A,D,0,,,,,Y,,E,22,1,0,0,0,0,0,0,0,0,"- ","- ",36.386609999999997,-119.63711000000001,KINGS,UNINCORPORATED,-119.63704163,36.386609999999997
90441056,2017,2017-04-24,9440,2017-04-13,1504,016585,,4,2,9,1600,0,2,4,,1,040,"AVENAL CUTOFF RD","MURPHY RANCH RD",1056.00,S,N,B,G,N,,,,,,,,,,Y,2,0,4,3,A,-,03,22350,,N,B,C,A,A,H,-,A,D,0,,,,Y,Y,,D,22,3,1,0,0,0,0,0,0,0,"- ","- ",36.246600000000001,-119.872,KINGS,UNINCORPORATED,-119.87075765,36.247813399999998
90445406,2017,2017-04-28,9495,2017-04-19,0725,020434,,3,1,9,1600,0,1,1,,2,004,"INTERSTATE 5 NORTHBOUND","AVENAL CUTOFF RD.",2640.00,S,N,B,-,Y,,,,,,,,,,Y,2,0,2,1,A,-,08,22107,,N,E,I,A,A,H,-,A,D,0,,,,,Y,,A,01,1,1,0,0,0,0,0,0,0,"- ","- ",36.06859,-120.08801,KINGS,UNINCORPORATED,-120.08909858,36.069170980000003
90450231,2017,2017-05-05,9440,2017-04-27,0825,012806,,4,1,9,1600,0,1,3,,1,410,SR-41,"JERSEY AVE",147.00,S,N,A,G,Y,,,41,,,,,,,Y,2,0,2,2,A,-,08,22107,,N,A,C,A,A,H,-,A,D,0,,,,,Y,Y,A,01,1,0,1,0,0,0,0,0,0,"- ","- ",36.240209999999998,-119.81655000000001,KINGS,UNINCORPORATED,-119.81644224999999,36.240212280000001
90451801,2017,2017-05-09,9440,2017-05-02,0251,017082,,2,3,9,1600,0,1,3,,1,198,"SR-198 E/B","16TH AVE",76.00,E,N,A,-,Y,,,198,,,,,,E,Y,2,0,1,1,A,-,08,22107,,N,E,I,A,A,H,-,C,D,0,,,,,Y,,A,01,1,0,0,0,0,0,0,0,0,"- ","- ",36.300460000000001,-119.74326000000001,KINGS,UNINCORPORATED,-119.74327678,36.30052877
90473120,2017,2017-06-07,9495,2017-05-22,2200,018253,,1,3,9,1600,0,3,5,,2,054,"AVENAL CUTOFF ROAD","STATE ROUTE 269",75.00,E,N,A,-,N,,,,,,,,,,Y,2,0,1,1,A,-,01,23152,A,N,F,A,A,A,H,-,C,D,0,,,,,Y,Y,A,07,1,0,0,0,0,0,0,0,0,"- ","- ",36.072609999999997,-120.1015,KINGS,UNINCORPORATED,-120.10217428,36.072764960000001
90499767,2017,2017-08-08,9440,2017-07-04,2103,017082,,2,2,9,1600,0,2,4,,1,069,"18TH AVE","JERSEY AVE",600.00,N,N,A,-,N,,,,,,,,,,Y,2,0,1,2,D,-,00,,,N,D,C,A,A,H,-,D,D,0,,,Y,,Y,,-,"- ",1,0,0,0,0,0,0,0,1,"- ","- ",36.242170000000002,-119.78088,KINGS,UNINCORPORATED,-119.78080654,36.241755470000001
90501931,2017,2017-07-17,9495,2017-07-11,0730,019424,,2,1,9,1600,0,1,1,,2,004,"INTERSTATE 5 (SOUTHBOUND)","WATERLOO AVENUE",2640.00,S,N,A,-,Y,,,5,,,,,,,Y,2,0,5,1,A,-,08,22107,,N,F,I,A,A,H,-,A,D,0,,,,,Y,,A,07,1,0,4,0,0,0,0,0,0,"- ","- ",35.865830000000003,-119.84336999999999,KINGS,UNINCORPORATED,-119.84330045999999,35.865895999999999
9051012,2020,2020-05-29,1602,2020-02-29,0136,14100,18,6,5,4,1602,0,0,0,,0,002,"N 10TH AV","LELAND WAY",13.00,S,N,A,-,N,,,,,,,,,,Y,2,0,4,1,A,-,08,22107,,N,E,I,A,A,H,-,C,A,0,,,,,Y,Y,A,01,2,2,0,0,0,0,0,0,0,"- ","- ",34.992000579833984,-119.63710784912109,KINGS,HANFORD,-119.63712310791016,36.349895477294922
90542563,2017,2017-09-07,9440,2017-08-26,0410,020947,,6,3,9,1600,0,1,3,,1,198,"SR-198 E/B","14TH AVE",1584.00,E,N,A,-,Y,,,198,,,,,,E,Y,2,0,3,1,A,-,08,22107,,N,E,I,A,A,H,-,C,D,0,,,,,Y,,A,01,1,1,1,0,0,0,0,0,0,"- ","- ",36.310380000000002,-119.70404000000001,KINGS,UNINCORPORATED,-119.70406138,36.310448379999997
90609637,2017,2017-12-04,9440,2017-12-02,1733,020947,,6,2,9,1600,0,1,3,,1,410,"SR-41 N/B","FREMONT AVE",263.00,S,N,A,-,Y,,,41,,,,,,N,Y,2,0,2,1,A,-,01,23152,A,N,E,I,A,A,H,-,D,D,0,,,,,Y,Y,A,07,1,1,0,0,0,0,0,0,0,"- ","- ",36.365560000000002,-119.80963,KINGS,UNINCORPORATED,-119.80964974,36.365560189999997
90612845,2017,2017-12-08,9440,2017-12-02,2245,019226,,6,3,9,1600,0,1,3,,1,198,"STATE ROUTE 198 W/B","6TH AVE",2112.00,W,N,A,-,Y,,,198,,,,,,W,Y,2,0,2,2,A,-,03,22350,,N,C,C,A,A,H,-,C,D,0,,,,,Y,,A,07,2,0,0,0,0,0,0,0,0,"- ","- ",36.328510000000001,-119.56891,KINGS,UNINCORPORATED,-119.56890919999999,36.32818726
90613209,2017,2017-12-08,9440,2017-11-30,0820,016585,,4,1,9,1600,0,1,3,,1,430,SR-43,"DOVER AVE",0.00,,Y,E,-,Y,,,43,,,,,,,Y,2,0,1,2,A,-,09,21802,A,N,D,C,A,A,H,-,A,A,0,,,,,Y,,A,01,1,0,0,0,0,0,0,0,0,"- ","- ",36.415700000000001,-119.63679999999999,KINGS,UNINCORPORATED,-119.63679565,36.415699969999999
90626326,2017,2017-12-26,9440,2017-12-15,1500,015703,,5,2,9,1600,0,1,3,,1,198,"SR-198 E/B","6TH AVE",0.00,,Y,A,-,Y,,,198,,,,,,E,Y,2,0,3,2,A,-,09,21801,A,N,D,C,A,A,H,-,A,D,0,,,,,Y,,A,01,2,1,0,0,0,0,0,0,0,"- ","- ",36.32817,-119.56502,KINGS,UNINCORPORATED,-119.56501998,36.328161790000003
90634156,2017,2018-01-05,9440,2017-10-08,1245,015703,,7,1,9,1600,0,3,5,,2,010,"7TH AVENUE","DENVER AVENUE",1584.00,S,N,A,-,N,,,,,,,,,,Y,1,1,0,1,A,-,01,23152,A,N,E,I,A,A,H,-,A,D,0,,,,,Y,Y,A,01,0,0,0,0,0,0,0,0,0,"- ","- ",36.425440000000002,-119.58288,KINGS,UNINCORPORATED,-119.58279969,36.426022680000003
90673372,2018,2018-03-02,9440,2018-02-16,1022,020936,,5,1,9,1600,0,1,3,,1,430,SR-43,"EXCELSIOR AVE",2112.00,S,N,A,-,Y,,,43,,,,,,,Y,2,0,1,1,A,-,08,22107,,N,E,I,A,A,H,-,A,D,0,,,,,Y,,A,07,1,0,0,0,0,0,0,0,0,"- ","- ",36.401210784912109,-119.63691711425781,KINGS,UNINCORPORATED,-119.63695526123047,36.401210784912109
90682245,2018,2018-03-14,9440,2018-02-18,0200,16870,,7,3,4,1602,0,1,3,,1,198,"SR-198 E/B","12TH AVENUE",3168.00,E,N,A,-,Y,,,198,,,,,,E,Y,1,1,2,2,A,-,01,23152,G,N,A,C,A,A,H,-,C,D,0,,,,,Y,Y,A,01,2,0,0,0,0,0,0,0,0,"- ","- ",36.320308685302734,-119.66192626953125,KINGS,HANFORD,-119.66191864013672,36.320247650146484
90704673,2018,2018-06-22,9440,2018-03-11,0550,013492,,7,3,9,1600,0,1,3,,1,410,"STATE ROUTE 41 (NORTHBOUND)","BUSH STREET",3739.00,N,N,E,-,Y,,,41,,,,,,,Y,1,1,0,1,A,-,08,22107,,N,E,I,A,A,H,-,D,D,0,,,,,Y,,A,01,0,0,0,0,0,0,0,0,0,"- ","- ",36.306739807128906,-119.80832672119141,KINGS,UNINCORPORATED,-119.80828857421875,36.306728363037109
90705867,2018,2018-04-16,9440,2018-04-10,1610,020947,,2,2,9,1600,0,2,4,,1,040,"AVENAL CUTOFF RD","30TH AVE",4224.00,N,N,A,-,N,,,,,,,,,,Y,2,0,3,1,A,-,08,22107,,N,E,I,A,A,H,-,A,D,0,,,,,Y,,A,01,1,1,1,0,0,0,0,0,0,"- ","- ",36.158950805664062,-119.98420715332031,KINGS,UNINCORPORATED,-119.99372100830078,36.151599884033203
90713229,2018,2019-01-08,9440,2018-04-23,0950,013492,,1,1,9,1600,0,2,4,,1,066,"12 3/4 AVE","EXCELSIOR AVENUE",0.00,,Y,A,-,N,,,,,,,,,,Y,2,0,1,2,A,-,09,21802,A,N,D,C,A,A,H,-,A,A,0,,,,Y,Y,,A,01,1,0,0,0,0,0,0,0,0,"- ","- ",36.401149749755859,-119.68647766113281,KINGS,UNINCORPORATED,-119.68648,36.401179999999997
90717668,2018,2018-08-01,9440,2018-02-16,2316,021086,,5,3,9,1600,0,1,3,,1,410,"STATE ROUTE 41","MADISON AVENUE",0.00,,Y,A,-,Y,,,41,,,,,,,Y,1,1,3,2,A,-,01,23152,A,N,A,C,A,A,H,-,D,D,0,,,,,Y,Y,D,22,0,2,1,0,0,0,0,0,0,"- ","- ",36.167530059814453,-119.84394073486328,KINGS,UNINCORPORATED,-119.84395599365234,36.167545318603516
90719837,2018,2018-05-04,9440,2018-04-29,0250,020998,,7,3,9,1600,0,3,5,,2,020,"KENT AVE","15TH AVE",200.00,W,N,A,-,N,,,,,,,,,,Y,2,0,1,1,A,-,08,22107,,N,F,A,A,A,H,-,D,D,0,,,,,Y,,A,01,1,0,0,0,0,0,0,0,0,"- ","- ",36.225681304931641,-119.72840881347656,KINGS,UNINCORPORATED,-119.72724914550781,36.225608825683594
90725473,2018,2018-05-14,9440,2018-05-04,0917,019226,,5,1,9,1600,0,1,3,,1,198,"STATE ROUTE 198 WESTBOUND","21ST AVE",1584.00,W,N,A,-,Y,,,198,,,,,,W,Y,2,0,2,2,A,-,08,22107,,N,B,C,A,A,H,-,A,D,0,,,,Y,Y,,G,25,1,1,0,0,0,0,0,0,0,"- ","- ",36.265541076660156,-119.84648895263672,KINGS,UNINCORPORATED,-119.84644317626953,36.265430450439453
90764461,2017,2018-07-06,9495,2017-04-07,2109,013894,,5,2,9,1600,0,1,3,,1,010,"STATE ROUTE 41","INTERSTATE 5 S/B TO STATE ROUTE 41",0.00,,Y,B,-,Y,,,41,,,,,,,Y,1,1,1,3,A,-,01,23152,A,F,D,C,A,B,H,-,C,A,0,,,,,Y,Y,D,22,0,1,0,0,0,0,0,0,0,"- ","- ",35.980220000000003,-119.96120000000001,KINGS,UNINCORPORATED,-119.96127992,35.980287099999998
90770293,2018,2018-07-16,9495,2018-04-23,0051,021029,,1,3,9,1600,0,1,1,,2,004,"INTERSTATE 5 NORTHBOUND","UTICA AVE",2640.00,N,N,A,-,Y,,,5,,,,,,N,Y,1,1,2,2,A,-,03,22350,,N,C,C,A,A,H,-,D,D,0,,,,,Y,,A,01,2,0,0,0,0,0,0,0,0,"- ","- ",35.941501617431641,-119.91838836669922,KINGS,UNINCORPORATED,-119.91865539550781,35.941226959228516
90773007,2018,2018-07-19,9440,2018-07-17,1430,017630,,2,2,9,1600,0,2,4,,1,065,"12TH AVENUE","HOUSTON AVENUE",1056.00,S,N,A,-,N,,,,,,,,,,Y,2,0,1,1,A,-,01,23152,G,N,E,J,A,A,H,-,A,A,0,,,,,Y,Y,D,22,1,0,0,0,0,0,0,0,0,"- ","- ",36.298221588134766,-119.66194152832031,KINGS,UNINCORPORATED,-119.67272186279297,36.295452117919922
90782083,2018,2018-08-01,9495,2018-07-21,0254,020246,,6,3,9,1600,0,1,3,,1,010,"STATE ROUTE 41","UTICA AVE",4224.00,S,N,A,-,Y,,,41,,,,,,,Y,2,0,1,2,A,-,08,22107,,N,A,C,A,A,H,-,D,D,0,,,,Y,Y,,D,22,1,0,0,0,0,0,0,0,0,"- ","- ",35.924648284912109,-120.02400207519531,KINGS,UNINCORPORATED,-120.02409362792969,35.924709320068359
9078602,2020,2020-07-03,1600,2020-03-06,1611,S22,A1,5,5,3,1690,0,0,0,,0,001,"SAN JOAQUIN ST","6TH AV",0.00,,Y,A,-,N,,,,,,,,,,N,2,0,1,2,A,-,10,21950,A,F,-,B,D,A,H,-,A,D,0,Y,,,,Y,,A,07,1,0,0,0,1,0,0,0,0,"- ","- ",,,KINGS,AVENAL,-120.12969970703125,36.007110595703125
90820544,2018,2018-09-25,9495,2018-09-10,0215,018253,,1,3,9,1600,0,1,1,,2,004,"INTERSTATE 5 SOUTHBOUND","WATERLOO AVENUE",528.00,N,N,A,-,Y,,,5,,,,,,S,Y,2,0,1,1,A,-,08,22107,,N,E,I,A,A,H,-,D,D,0,,,,,Y,,A,01,1,0,0,0,0,0,0,0,0,"- ","- ",35.876979827880859,-119.85404968261719,KINGS,UNINCORPORATED,-119.85416412353516,35.876873016357422
90825728,2018,2018-10-01,9495,2018-09-22,0130,020060,,6,3,9,1600,0,1,1,,2,004,"INTERSTATE 5 SOUTHBOUND","WATERLOO AVE",1056.00,S,N,A,-,Y,,,5,,,,,,S,Y,2,0,2,1,A,-,08,22107,,N,F,A,A,A,H,-,D,D,0,,,,,Y,,A,07,1,0,1,0,0,0,0,0,0,"- ","- ",35.87384033203125,-119.85112762451172,KINGS,UNINCORPORATED,-119.85120391845703,35.873767852783203
9084728,2020,2020-06-26,1602,2020-03-27,1426,1425,9,5,5,4,1602,0,0,0,,0,001,"11TH AV","FARGO AV",0.00,,Y,A,-,N,,,,,,,,,,Y,2,0,3,2,A,-,12,21453,A,N,D,C,A,A,H,-,A,A,0,,,,,Y,,D,72,1,1,1,0,0,0,0,0,0,"- ","- ",36.357261657714844,-119.65514373779297,KINGS,HANFORD,-119.65509796142578,36.357250213623047
90898674,2018,2019-02-22,9495,2018-09-06,1530,019453,,4,2,9,1600,0,1,3,,1,010,"STATE ROUTE 41","UTICA AVENUE",7920.00,S,N,A,-,Y,,,41,,,,,,,Y,1,2,3,2,A,-,01,23152,G,N,A,C,A,A,H,-,A,D,0,,,,,Y,Y,D,22,1,2,0,0,0,0,0,0,0,"- ","- ",35.915401458740234,-120.02980041503906,KINGS,UNINCORPORATED,-120.02987670898438,35.915451049804688
90942036,2018,2019-03-08,9495,2018-05-12,2028,020060,,6,2,9,1600,0,1,3,,1,010,"STATE ROUTE 41","YORK AVE",4752.00,S,N,A,G,Y,,,41,,,,,,,Y,1,3,2,2,A,-,01,23152,F,N,A,C,A,A,H,-,D,D,0,,,,,Y,,A,01,1,1,0,0,0,0,0,0,0,"- ","- ",35.805068969726562,-120.10395050048828,KINGS,UNINCORPORATED,-120.10397338867188,35.805080413818359
90953301,2019,2019-03-26,9440,2019-03-20,0535,013492,,3,3,9,1600,0,1,3,,1,198,"STATE ROUTE 198 W/B","AVENAL CUTOFF RD",2500.00,E,N,B,-,Y,,,198,,,,,,W,Y,2,0,1,2,A,-,08,22107,,F,D,C,A,A,H,-,D,D,0,,,,,Y,,A,07,1,0,0,0,0,0,0,0,0,"- ","- ",36.258918762207031,-119.86170196533203,KINGS,UNINCORPORATED,-119.86164093017578,36.258781433105469