CASE_ID,ACCIDENT_YEAR,PROC_DATE,JURIS,COLLISION_DATE,COLLISION_TIME,OFFICER_ID,REPORTING_DISTRICT,DAY_OF_WEEK,CHP_SHIFT,POPULATION,CNTY_CITY_LOC,SPECIAL_COND,BEAT_TYPE,CHP_BEAT_TYPE,CITY_DIVISION_LAPD,CHP_BEAT_CLASS,BEAT_NUMBER,PRIMARY_RD,SECONDARY_RD,DISTANCE,DIRECTION,INTERSECTION,WEATHER_1,WEATHER_2,STATE_HWY_IND,CALTRANS_COUNTY,CALTRANS_DISTRICT,STATE_ROUTE,ROUTE_SUFFIX,POSTMILE_PREFIX,POSTMILE,LOCATION_TYPE,RAMP_INTERSECTION,SIDE_OF_HWY,TOW_AWAY,COLLISION_SEVERITY,NUMBER_KILLED,NUMBER_INJURED,PARTY_COUNT,PRIMARY_COLL_FACTOR,PCF_CODE_OF_VIOL,PCF_VIOL_CATEGORY,PCF_VIOLATION,PCF_VIOL_SUBSECTION,HIT_AND_RUN,TYPE_OF_COLLISION,MVIW,PED_ACTION,ROAD_SURFACE,ROAD_COND_1,ROAD_COND_2,LIGHTING,CONTROL_DEVICE,CHP_ROAD_TYPE,PEDESTRIAN_ACCIDENT,BICYCLE_ACCIDENT,MOTORCYCLE_ACCIDENT,TRUCK_ACCIDENT,NOT_PRIVATE_PROPERTY,ALCOHOL_INVOLVED,STWD_VEHTYPE_AT_FAULT,CHP_VEHTYPE_AT_FAULT,COUNT_SEVERE_INJ,COUNT_VISIBLE_INJ,COUNT_COMPLAINT_PAIN,COUNT_PED_KILLED,COUNT_PED_INJURED,COUNT_BICYCLIST_KILLED,COUNT_BICYCLIST_INJURED,COUNT_MC_KILLED,COUNT_MC_INJURED,PRIMARY_RAMP,SECONDARY_RAMP,LATITUDE,LONGITUDE,COUNTY,CITY,POINT_X,POINT_Y
90969830,2019,2019-04-17,9440,2019-04-10,1510,019755,,3,2,9,1600,0,1,3,,1,198,"STATE ROUTE 198 WESTBOUND","13TH AVENUE",800.00,W,N,A,-,Y,,,198,,,,,,W,Y,2,0,4,4,A,-,01,23152,A,N,C,C,A,A,H,-,A,D,0,,,,,Y,Y,D,22,1,0,3,0,0,0,0,0,0,"- ","- ",36.313400268554688,-119.6947021484375,KINGS,UNINCORPORATED,-119.69474029541016,36.313526153564453
90972186,2019,2019-04-22,9440,2019-04-19,2345,020936,,5,3,9,1600,0,3,5,,2,020,"KENT AVENUE","11TH AVENUE",0.00,,Y,A,-,N,,,,,,,,,,Y,2,0,6,2,A,-,12,22450,A,F,D,C,A,A,H,-,D,A,0,,,,,Y,,A,01,2,0,4,0,0,0,0,0,0,"- ","- ",36.225818634033203,-119.65489196777344,KINGS,UNINCORPORATED,-119.65483093261719,36.225799560546875
90976739,2019,2019-04-26,9440,2019-04-19,1905,021114,,5,2,9,1600,0,2,4,,1,047,"15TH AVE","HANFORD ARMONA RD",0.00,,Y,A,-,N,,,,,,,,,,Y,2,0,2,2,A,-,09,21802,A,N,D,C,A,A,H,-,A,A,0,,,,,Y,,A,01,1,0,1,0,0,0,0,0,0,"- ","- ",36.313499450683594,-119.72699737548828,KINGS,UNINCORPORATED,-119.72695159912109,36.313529968261719
91006445,2019,2019-06-10,9440,2019-05-31,0230,019226,,5,3,9,1600,0,2,4,,1,049,"JACKSON AVE","11TH AVE",1320.00,W,N,A,-,N,,,,,,,,,,Y,2,0,1,1,A,-,01,23152,G,N,F,I,A,A,H,-,D,D,0,,,,,Y,Y,A,07,1,0,0,0,0,0,0,0,0,"- ","- ",36.254829406738281,-119.65966796875,KINGS,UNINCORPORATED,-119.65933990478516,36.254802703857422
91009518,2019,2019-06-19,9440,2019-06-06,1108,016585,,4,1,9,1600,0,1,3,,1,198,"SR-198 E/B","6TH AVE",2458.00,E,N,A,-,Y,,,198,,,,,,E,Y,2,0,1,3,A,-,08,22107,,N,C,E,A,A,H,-,A,D,0,,,,Y,Y,,A,07,1,0,0,0,0,0,0,0,0,"- ","- ",36.328300476074219,-119.55660247802734,KINGS,UNINCORPORATED,-119.55660247802734,36.328212738037109
91039315,2019,2019-08-09,9440,2019-07-16,0500,015703,,2,3,9,1600,0,1,3,,1,410,"SR-41 N/B","GRANGEVILLE BLVD",123.00,S,N,A,-,Y,,,41,,,,,,N,Y,2,0,1,2,A,-,01,23152,F,N,E,I,A,A,H,-,C,A,0,,,,,Y,,A,07,1,0,0,0,0,0,0,0,0,"- ","- ",36.342239379882812,-119.80783081054688,KINGS,UNINCORPORATED,-119.80783843994141,36.342239379882812
91041067,2019,2019-08-15,9440,2019-07-01,1943,019755,,1,2,9,1600,0,1,3,,1,430,"STATE ROUTE 43","IDAHO AVENUE",0.00,,Y,A,-,Y,,,43,,,,,,,Y,1,3,0,2,A,-,09,21801,A,N,D,C,A,A,H,-,A,D,0,,,,Y,Y,,G,25,0,0,0,0,0,0,0,0,0,"- ","- ",36.269401550292969,-119.60060119628906,KINGS,UNINCORPORATED,-119.60070037841797,36.269401550292969
91093937,2019,2019-10-09,9495,2019-09-13,1930,021153,,5,2,9,1600,0,3,5,,2,054,"PLYMOUTH AVENUE","33RD AVENUE",2640.00,W,N,A,-,N,,,,,,,,,,Y,1,1,0,1,A,-,08,22107,,N,F,A,A,A,H,-,D,D,0,,,,,Y,,D,22,0,0,0,0,0,0,0,0,0,"- ","- ",36.072750091552734,-120.0655517578125,KINGS,UNINCORPORATED,-120.06618499755859,36.072589874267578
91102903,2019,2019-10-22,9440,2019-08-04,2130,016870,,7,2,9,1600,0,1,3,,1,198,"SR-198 E/B","7TH AVENUE",628.00,E,N,A,-,Y,,,198,,,,,,E,Y,1,1,1,2,A,-,01,23152,F,N,A,D,A,A,H,-,D,D,0,,,,Y,Y,,D,22,0,1,0,0,0,0,0,0,0,"- ","- ",36.327949523925781,-119.58190155029297,KINGS,UNINCORPORATED,-119.58190155029297,36.328105926513672
91143315,2019,2019-12-13,9440,2019-10-18,0623,016961,,5,1,9,1600,0,2,4,,1,040,"AVENAL CUTOFF RD","LINCOLN AVE",5808.00,S,N,A,-,N,,,,,,,,,,Y,1,1,1,2,A,-,06,21751,,N,A,C,A,A,H,-,D,D,0,,,,,Y,,A,01,1,0,0,0,0,0,0,0,0,"- ","- ",36.181301116943359,-119.95559692382812,KINGS,UNINCORPORATED,-119.9697265625,36.170379638671875
91143339,2019,2020-01-27,9440,2019-10-28,0036,021086,,1,3,9,1600,0,2,4,,1,065,"12TH AVENUE","ELDER AVENUE",978.00,S,N,A,-,N,,,,,,,,,,N,1,1,0,2,A,-,11,21954,A,N,G,B,E,A,H,-,D,D,0,Y,,,,Y,Y,N,60,0,0,0,1,0,0,0,0,0,"- ","- ",36.383499145507812,-119.67307281494141,KINGS,UNINCORPORATED,-119.67303466796875,36.383537292480469
91145277,2019,2019-12-17,9440,2019-09-27,1953,016961,,5,2,9,1600,0,3,5,,2,010,"7TH AVE","GRANGEVILLE BLVD",0.00,,Y,A,-,N,,,,,,,,,,Y,1,2,1,2,A,-,01,23152,A,N,D,C,A,A,H,-,D,A,0,,,,Y,Y,Y,A,01,0,0,1,0,0,0,0,0,0,"- ","- ",36.342601776123047,-119.58300018310547,KINGS,UNINCORPORATED,-119.58305358886719,36.342681884765625
91150263,2019,2019-12-23,9495,2019-12-10,0530,021186,,2,3,9,1600,0,1,1,,2,004,"NORTHBOUND INTERSTATE 5 FROM UTICA AVE","UTICA AVENUE",528.00,N,N,A,-,Y,,,5,,,,R,,,N,2,0,1,2,A,-,13,22515,A,F,C,E,A,A,H,-,D,D,0,,,,Y,Y,,G,25,1,0,0,0,0,0,0,0,0,"- ","- ",35.935359954833984,-119.91219329833984,KINGS,UNINCORPORATED,-119.91219329833984,35.935359954833984
91162324,2020,2020-01-09,9440,2020-01-01,1825,017630,,3,2,9,1600,0,2,4,,1,061,"QUEBEC AVE","6TH AVE",0.00,,Y,A,-,N,,,,,,,,,,Y,2,0,1,1,A,-,12,22450,A,N,E,I,A,A,H,-,D,A,0,,,,,Y,Y,A,07,1,0,0,0,0,0,0,0,0,"- ","- ",36.051090240478516,-119.57209777832031,KINGS,UNINCORPORATED,-119.57199096679688,36.05078125
91162957,2019,2020-01-10,9440,2019-12-31,0100,019226,,2,3,9,1600,0,2,4,,1,068,"17TH AVE","JERSEY AVE",2640.00,N,N,E,-,N,,,,,,,,,,N,2,0,1,3,A,-,03,22350,,N,C,C,E,A,H,-,D,D,0,Y,,,,Y,,D,22,1,0,0,0,1,0,0,0,0,"- ","- ",36.246170043945312,-119.76289367675781,KINGS,UNINCORPORATED,-119.76284027099609,36.247306823730469
91169150,2020,2020-01-21,9440,2020-01-10,1903,017630,,5,2,9,1600,0,3,5,,2,010,"6TH AVENUE","NEVADA AVENUE",13200.00,N,N,A,-,N,,,,,,,,,,Y,2,0,1,1,C,-,18,,,N,H,H,A,A,H,-,D,D,0,,,,,Y,,-,"- ",1,0,0,0,0,0,0,0,0,"- ","- ",36.175380706787109,-119.56484222412109,KINGS,UNINCORPORATED,-119.56488800048828,36.174198150634766
91172911,2020,2020-01-24,9440,2020-01-16,1525,017161,,4,2,9,1600,0,1,3,,1,198,"SR-198 E/B TO 12TH AVE","12TH AVE",0.00,,Y,C,-,Y,,,,,,,,,,Y,2,0,1,1,A,-,03,22350,,N,E,I,A,B,H,-,A,A,0,,,,,Y,,A,07,1,0,0,0,0,0,0,0,0,"- ","- ",36.317478179931641,-119.67252349853516,KINGS,UNINCORPORATED,-119.67308044433594,36.318538665771484
9117697,2020,2021-09-20,1602,2020-05-21,1417,1465,48,4,5,4,1602,0,0,0,,0,002,"W 7TH ST","SANTA FE ST",262.00,W,N,A,-,N,,,,,,,,,,Y,2,0,1,2,B,-,22,,,N,D,C,A,A,H,-,A,D,0,,,Y,,Y,,A,01,1,0,0,0,0,0,0,0,1,"- ","- ",36.325729370117188,-119.65155792236328,KINGS,HANFORD,-119.65240478515625,36.325588226318359
91183351,2020,2020-02-10,9440,2020-02-05,1647,017630,,3,2,9,1600,0,2,4,,1,067,"14TH AVENUE","JACKSON AVENUE",2112.00,N,N,A,-,N,,,,,,,,,,Y,2,0,2,2,A,-,08,22107,,N,D,C,A,A,H,-,A,D,0,,,,,Y,,A,07,1,1,0,0,0,0,0,0,0,"- ","- ",36.260528564453125,-119.70905303955078,KINGS,UNINCORPORATED,-119.70901489257812,36.260566711425781
91184695,2020,2020-02-11,9440,2020-01-13,1744,017161,,1,2,9,1600,0,1,3,,1,410,"SR-41 S/B","HANFORD ARMONA RD",55.00,S,N,A,-,Y,,,41,,,,,,S,Y,1,1,0,2,A,-,11,21954,A,N,G,B,D,A,H,-,C,A,0,Y,,,Y,Y,,N,60,0,0,0,1,0,0,0,0,0,"- ","- ",36.313209533691406,-119.80814361572266,KINGS,UNINCORPORATED,-119.80814361572266,36.313209533691406
91224955,2020,2020-04-13,9440,2020-03-24,1826,017161,,2,2,9,1600,0,3,5,,2,010,SR-137,"ORANGE AVE",0.00,,Y,B,-,Y,,,137,,,,,,,Y,1,1,2,2,A,-,12,22450,A,N,D,C,A,A,H,-,A,A,0,,,Y,,Y,,C,06,0,2,0,0,0,0,0,1,0,"- ","- ",36.108940124511719,-119.53648376464844,KINGS,UNINCORPORATED,-119.53645324707031,36.108940124511719
91226136,2020,2020-04-15,9440,2020-04-01,0319,019220,,3,3,9,1600,0,1,3,,1,410,"STATE ROUTE 41 (NORTHBOUND)","LACEY BLVD",2266.00,N,N,A,-,Y,,,41,,,,,,,N,1,1,0,2,A,-,11,21954,A,N,G,B,E,A,H,-,D,D,0,Y,,,,Y,,N,60,0,0,0,1,0,0,0,0,0,"- ","- ",36.334400177001953,-119.80789947509766,KINGS,UNINCORPORATED,-119.80782318115234,36.334400177001953
91246578,2020,2020-06-02,9495,2020-05-26,1735,019082,,2,2,9,1600,0,1,1,,2,004,"INTERSTATE 5 S/B TO STATE ROUTE 41","STATE ROUTE 41",528.00,N,N,A,-,Y,,,,,,,,,,Y,2,0,1,1,A,-,03,22350,,N,F,A,A,A,H,-,A,D,0,,,Y,,Y,Y,C,02,1,0,0,0,0,0,0,0,1,"- ","- ",35.585300445556641,-119.57420349121094,KINGS,UNINCORPORATED,-119.96168518066406,35.982757568359375
91256080,2020,2020-06-23,9440,2020-05-29,1920,017630,,5,2,9,1600,0,1,3,,1,410,"STATE ROUTE 41 SOUTHBOUND","FREMONT AVENUE",0.00,,Y,A,-,Y,,,41,,,,,,S,Y,1,1,2,2,A,-,09,21802,A,N,D,C,A,A,H,-,A,A,0,,,,,Y,,A,01,0,1,1,0,0,0,0,0,0,"- ","- ",36.365470886230469,-119.80975341796875,KINGS,UNINCORPORATED,-119.81026458740234,36.365436553955078
91256084,2020,2020-06-23,9440,2020-05-19,0523,016961,,2,3,9,1600,0,2,4,,1,050,"KANSAS AVE","14TH AVE",7392.00,W,N,A,-,N,,,,,,,,,,Y,1,1,2,3,A,-,08,22107,,N,A,C,A,A,H,-,B,D,0,,,,,Y,,A,07,0,1,1,0,0,0,0,0,0,"- ","- ",36.211021423339844,-119.73394775390625,KINGS,UNINCORPORATED,-119.73361968994141,36.211029052734375
91256108,2020,2020-06-23,9440,2020-06-14,0743,016961,,7,1,9,1600,0,2,4,,1,048,"HOUSTON AVE","13TH AVE",5.00,W,N,A,-,N,,,,,,,,,,Y,2,0,1,2,A,-,09,21802,A,N,F,A,A,A,H,-,A,A,0,,,Y,,Y,,A,07,1,0,0,0,0,0,0,0,1,"- ","- ",36.298351287841797,-119.69119262695312,KINGS,UNINCORPORATED,-119.69122314453125,36.298351287841797
91274837,2020,2020-09-03,9440,2020-04-17,2350,021114,,5,3,9,1600,0,2,4,,1,040,"AVENAL CUTOFF RD","30TH AVE",5808.00,N,N,A,-,N,,,,,,,,,,Y,1,1,1,2,A,-,01,23152,F,N,A,C,A,A,H,-,D,D,0,,,,,Y,,D,22,1,0,0,0,0,0,0,0,0,"- ","- ",36.162471771240234,-119.97982788085938,KINGS,UNINCORPORATED,-119.98986053466797,36.154621124267578
91284749,2020,2020-08-12,9440,2020-08-09,0845,018639,,7,1,9,1600,0,3,5,,2,030,"UTICA AVENUE","21ST AVENUE",1584.00,W,N,A,-,N,,,,,,,,,,Y,2,0,5,1,A,-,08,22107,,N,F,A,A,A,H,-,A,D,0,,,,,Y,,A,01,1,3,1,0,0,0,0,0,0,"- ","- ",35.934501647949219,-119.84844207763672,KINGS,UNINCORPORATED,-119.84873962402344,35.934085845947266
91300931,2020,2020-09-08,9495,2020-07-18,0250,021213,,6,3,9,1600,0,1,1,,2,004,"INTERSTATE 5 NORTHBOUND","MILHAM AVENUE",8976.00,N,N,A,-,Y,,,5,,,,,,N,Y,1,1,0,1,A,-,08,22107,,N,F,A,A,A,H,-,D,D,0,,,,,Y,,A,01,0,0,0,0,0,0,0,0,0,"- ","- ",36.024398803710938,-120.01239013671875,KINGS,UNINCORPORATED,-120.01237487792969,36.024417877197266
91318322,2020,2020-10-19,9440,2020-09-28,0242,019220,,1,3,9,1600,0,3,5,,2,010,"PLYMOUTH AVE","PLYMOUTH AVE CROSS",100.00,N,N,A,-,N,,,,,,,,,,Y,2,0,1,1,A,-,01,23152,A,N,E,I,A,A,H,-,D,D,0,,,,,Y,Y,A,01,1,0,0,0,0,0,0,0,0,"- ","- ",36.069789886474609,-119.53684997558594,KINGS,UNINCORPORATED,,
91330966,2020,2020-10-26,9440,2020-10-14,2050,021086,,3,2,9,1600,0,2,4,,1,048,"HOUSTON AVENUE","6TH AVENUE",10032.00,E,N,A,-,N,,,,,,,,,,Y,2,0,1,1,A,-,01,23152,A,N,E,I,A,A,H,-,D,D,0,,,,,Y,Y,A,01,1,0,0,0,0,0,0,0,0,"- ","- ",36.298721313476562,-119.52548217773438,KINGS,UNINCORPORATED,-119.53114318847656,36.299037933349609
91338840,2020,2020-11-04,9440,2020-09-19,1533,017630,,6,2,9,1600,0,1,3,,1,198,"STATE ROUTE 198 EASTBOUND","HANFORD-ARMONA ROAD",813.00,W,N,A,-,Y,,,198,,,,,,E,Y,1,1,1,3,A,-,03,22350,,N,C,C,A,A,H,-,A,D,0,,,,Y,Y,,F,26,1,0,0,0,0,0,0,0,0,"- ","- ",36.313190460205078,-119.69522857666016,KINGS,UNINCORPORATED,-119.69524383544922,36.313232421875
91341923,2020,2020-11-09,9440,2020-08-30,1742,017161,,7,2,9,1600,0,2,4,,1,041,"EXCELSIOR AVE.","13TH AVE",0.00,,Y,A,-,N,,,,,,,,,,Y,1,1,0,2,A,-,01,23152,F,N,D,C,A,A,H,-,A,D,0,,,Y,,Y,,C,02,0,0,0,0,0,0,0,1,0,"- ","- ",36.401138305664062,-119.69097137451172,KINGS,UNINCORPORATED,-119.69097137451172,36.401168823242188
91347225,2020,2020-11-17,9440,2020-11-08,1320,017161,,7,1,9,1600,0,2,4,,1,062,"10TH AVE.","NEVADA AVE.",2640.00,S,N,B,-,N,,,,,,,,,,Y,2,0,1,1,A,-,01,23152,A,N,F,A,A,A,H,-,A,D,0,,,,,Y,Y,D,22,1,0,0,0,0,0,0,0,0,"- ","- ",36.128219604492188,-119.64453887939453,KINGS,UNINCORPORATED,-119.6444091796875,36.130729675292969
91347240,2020,2020-11-17,9440,2020-11-07,0145,018137,,6,3,9,1600,0,1,3,,1,198,"SR-198 E/B TO 14TH AVENUE","14TH AVENUE",0.00,,Y,A,-,Y,,,198,,,,R,,E,Y,2,0,1,2,A,-,01,23152,F,N,D,C,A,A,H,-,C,A,0,,,,Y,Y,,D,22,1,0,0,0,0,0,0,0,0,"- ","- ",36.308551788330078,-119.70912933349609,KINGS,UNINCORPORATED,-119.70912933349609,36.308551788330078
91391995,2021,2021-01-21,9440,2021-01-14,2053,020947,,4,2,9,1600,0,2,4,,1,065,"12TH AVE","KANSAS AVE",480.00,N,N,A,-,N,,,,,,,,,,Y,2,0,1,1,A,-,08,22107,,N,E,J,A,A,H,-,D,D,0,,,,,Y,,D,22,1,0,0,0,0,0,0,0,0,"- ","- ",36.212501525878906,-119.67269897460938,KINGS,UNINCORPORATED,-119.67267608642578,36.212448120117188
91392580,2021,2021-01-22,9440,2021-01-17,0340,020936,,7,3,9,1600,0,2,4,,1,041,"EXCELSIOR AVENUE","13TH AVENUE",280.00,W,N,A,-,N,,,,,,,,,,Y,2,0,1,1,A,-,01,23152,A,N,E,I,A,A,H,-,D,D,0,,,,,Y,Y,A,01,1,0,0,0,0,0,0,0,0,"- ","- ",36.401229858398438,-119.69196319580078,KINGS,UNINCORPORATED,-119.69191741943359,36.401168823242188
91410844,2021,2021-02-18,9495,2021-02-07,0335,021213,,7,3,9,1600,0,1,1,,2,004,"INTERSTATE 5 (SOUTHBOUND)","WATERLOO AVENUE",3168.00,S,N,A,-,Y,,,5,,,,,,,Y,2,0,1,1,A,-,01,23152,A,N,E,I,A,A,H,-,D,D,0,,,,,Y,Y,A,01,1,0,0,0,0,0,0,0,0,"- ","- ",35.868251800537109,-119.84575653076172,KINGS,UNINCORPORATED,-119.84564208984375,35.868362426757812
9141575,2020,2020-09-23,1602,2020-06-21,2500,1413,42,7,5,4,1602,0,0,0,,0,002,"E 10TH ST","EAST ST",0.00,,Y,A,-,N,,,,,,,,,,Y,2,0,1,2,A,-,09,21803,,N,D,C,A,A,H,-,A,A,0,,,,,Y,,D,22,1,0,0,0,0,0,0,0,0,"- ","- ",36.330101013183594,-119.63796997070312,KINGS,HANFORD,-119.63797760009766,36.330108642578125
9142308,2020,2020-09-29,1602,2020-07-26,0459,1465,43,7,5,4,1602,0,0,0,,0,002,"10TH AV","FLORINDA ST",161.00,N,N,A,-,N,,,,,,,,,,N,2,0,1,2,A,-,08,22107,,F,G,B,E,A,H,-,C,D,0,Y,,,,Y,,-,,1,0,0,0,1,0,0,0,0,"- ","- ",36.334888458251953,-119.63701629638672,KINGS,HANFORD,-119.63703155517578,36.335361480712891
91426395,2021,2021-03-12,9440,2021-03-04,1410,018450,,4,2,9,1600,0,1,3,,1,430,"SR-43 N/B","HOUSTON AVE",307.00,S,N,A,-,Y,,,43,,,,,,N,Y,2,0,3,4,A,-,01,23152,A,N,C,C,A,A,H,-,A,A,0,,,,,Y,Y,A,07,1,2,0,0,0,0,0,0,0,"- ","- ",36.297500610351562,-119.60063934326172,KINGS,UNINCORPORATED,-119.60075378417969,36.297500610351562
91441021,2021,2021-04-01,9440,2021-03-24,1745,018450,,3,2,9,1600,0,2,4,,1,040,"AVENAL CUTOFF ROAD","LAUREL AVENUE",6336.00,N,N,A,-,N,,,,,,,,,,Y,2,0,4,2,A,-,01,23152,G,N,A,C,A,A,H,-,A,D,0,,,,,Y,Y,A,01,1,3,0,0,0,0,0,0,0,"- ","- ",36.193489074707031,-119.947021484375,KINGS,UNINCORPORATED,-119.93004608154297,36.201419830322266
91441341,2021,2021-04-01,9440,2021-03-24,1545,018450,,3,2,9,1600,0,2,4,,1,050,"KANSAS AVENUE","18TH AVENUE",0.00,,Y,A,-,N,,,,,,,,,,Y,2,0,1,2,A,-,09,21802,A,N,D,C,A,A,H,-,A,A,0,,,,Y,Y,,A,01,1,0,0,0,0,0,0,0,0,"- ","- ",36.211330413818359,-119.78019714355469,KINGS,UNINCORPORATED,-119.78022766113281,36.211318969726562
91445531,2021,2021-04-07,9440,2021-04-02,1349,017630,,5,1,9,1600,0,1,3,,1,430,SR-43,"HOUSTON AVENUE",0.00,,Y,A,-,Y,,,43,,,,,,,Y,2,0,4,3,A,-,12,21453,A,N,D,C,A,A,H,-,A,A,0,,,,,Y,,A,01,1,3,0,0,0,0,0,0,0,"- ","- ",36.298488616943359,-119.60083770751953,KINGS,UNINCORPORATED,-119.60075378417969,36.298488616943359
91458180,2021,2021-04-26,9440,2021-04-04,1328,017161,,7,1,9,1600,0,2,4,,1,041,"EXCELSIOR AVE.","19TH AVE.",0.00,,Y,A,-,N,,,,,,,,,,Y,2,0,1,2,A,-,12,22450,A,F,D,C,A,A,H,-,A,A,0,,,Y,,Y,,D,22,1,0,0,0,0,0,0,0,1,"- ","- ",36.402030944824219,-119.79828643798828,KINGS,UNINCORPORATED,-119.79830169677734,36.402057647705078
91458462,2020,2021-04-26,9440,2020-11-15,2350,019220,,7,3,9,1600,0,1,3,,1,410,"STATE ROUTE 41","QUEBEC AVENUE",819.00,S,N,A,-,Y,,,41,,,,,,,Y,1,3,5,2,A,-,01,23152,G,N,A,C,A,A,H,-,D,D,0,,,,,Y,Y,A,01,4,1,0,0,0,0,0,0,0,"- ","- ",36.048690795898438,-119.94589996337891,KINGS,UNINCORPORATED,-119.94589996337891,36.048690795898438
91475741,2021,2021-05-18,9440,2021-05-06,0725,016585,,4,1,9,1600,0,2,4,,1,067,"KENT AVE.","14TH AVE.",0.00,,Y,A,-,N,,,,,,,,,,Y,2,0,2,2,A,-,12,22450,A,N,D,C,A,A,H,-,A,A,0,,,,Y,Y,,A,08,1,1,0,0,0,0,0,0,0,"- ","- ",36.225711822509766,-119.708740234375,KINGS,UNINCORPORATED,-119.70870208740234,36.225658416748047
91499251,2021,2021-06-17,9440,2021-06-07,0520,019226,,1,3,9,1600,0,3,5,,2,020,"16TH AVENUE","LACEY BLVD",2640.00,N,N,A,-,N,,,,,,,,,,Y,2,0,1,2,A,-,05,21650,,N,B,C,A,A,H,-,D,D,0,,,Y,,Y,,A,07,1,0,0,0,0,0,0,0,1,"- ","- ",36.334720611572266,-119.7447509765625,KINGS,UNINCORPORATED,-119.74478149414062,36.335308074951172
91513808,2021,2021-07-06,9495,2021-06-24,0635,019082,,4,1,9,1600,0,1,1,,2,004,"INTERSTATE 5 (NORTHBOUND)","MILHAM AVENUE",9504.00,N,N,A,-,Y,,,5,,,,,,,Y,2,0,1,1,A,-,08,22107,,N,F,A,A,A,H,-,A,D,0,,,,,Y,,A,07,1,0,0,0,0,0,0,0,0,"- ","- ",36.025600433349609,-120.01419830322266,KINGS,UNINCORPORATED,-120.01419830322266,36.025600433349609
91520227,2021,2021-07-14,9440,2021-04-21,1010,018639,,3,1,9,1600,0,1,3,,1,430,"SR-43 N/B","KENT AVENUE",41.00,S,N,A,-,Y,,,43,,,,,,N,Y,1,1,0,2,A,-,01,23152,F,N,C,C,A,A,H,-,A,D,0,,,,Y,Y,,A,01,0,0,0,0,0,0,0,0,0,"- ","- ",36.225860595703125,-119.60077667236328,KINGS,UNINCORPORATED,-119.60079956054688,36.225860595703125
91523462,2021,2021-07-19,9495,2021-03-19,2500,020246,,5,4,9,1600,0,1,1,,2,004,"INTERSTATE 5 SOUTHBOUND","UTICA AVENUE",13200.00,S,N,B,-,Y,,,5,,,,,,S,Y,1,2,0,1,A,-,01,23152,A,N,F,A,A,B,H,-,D,D,0,,,,,Y,Y,A,01,0,0,0,0,0,0,0,0,0,"- ","- ",35.906520843505859,-119.88346862792969,KINGS,UNINCORPORATED,-119.88353729248047,35.906455993652344
91524830,2021,2021-07-20,9440,2021-05-06,1445,019755,,4,2,9,1600,0,1,3,,1,198,"SR-198 W/B","KINGS/FRESNO COUNTY LINE",30.00,E,N,A,G,Y,,,198,,,,,,W,Y,1,1,2,2,A,-,09,21804,A,N,D,C,A,A,H,-,A,D,0,,,,Y,Y,,D,22,1,0,1,0,0,0,0,0,0,"- ","- ",36.255500793457031,-119.95890045166016,KINGS,UNINCORPORATED,-119.95890045166016,36.255474090576172
91524837,2021,2021-07-20,9440,2021-04-29,0910,020998,,4,1,9,1600,0,1,3,,1,430,"SR-43 N/B","DENVER AVENUE",1637.00,S,N,A,-,Y,,,43,,,,,,N,Y,1,1,2,1,A,-,08,22107,,N,F,A,A,A,H,-,A,D,0,,,,,Y,,A,07,1,1,0,0,0,0,0,0,0,"- ","- ",36.427680969238281,-119.63664245605469,KINGS,UNINCORPORATED,-119.63661193847656,36.427677154541016
91528655,2021,2021-07-26,9440,2021-07-18,0240,020998,,7,3,9,1600,0,1,3,,1,430,SR-43,"NEVADA AVENUE",4752.00,N,N,A,-,Y,,,43,,,,,,,Y,2,0,1,2,A,-,05,21650,,N,A,C,A,A,H,-,D,D,0,,,,,Y,,A,01,1,0,0,0,0,0,0,0,0,"- ","- ",36.149848937988281,-119.59375762939453,KINGS,UNINCORPORATED,-119.59391021728516,36.149742126464844
91530108,2021,2021-07-27,9440,2021-07-17,2005,019220,,6,2,9,1600,0,2,4,,1,048,"HOUSTON AVENUE","STATE ROUTE 198",140.00,N,N,A,-,N,,,,,,,,,,N,2,0,1,1,A,-,01,23152,A,N,F,A,A,A,H,-,B,D,0,,,,,Y,Y,D,22,1,0,0,0,0,0,0,0,0,"- ","- ",36.29766845703125,-119.75623321533203,KINGS,UNINCORPORATED,-119.75499725341797,36.297592163085938
91535538,2021,2021-08-03,9440,2021-07-24,1030,019755,,6,1,9,1600,0,2,4,,1,061,"6TH AVE","RACINE AVE",2640.00,S,N,A,-,N,,,,,,,,,,Y,2,0,1,1,A,-,08,22107,,N,E,I,A,A,H,-,A,D,0,,,,,Y,,A,07,1,0,0,0,0,0,0,0,0,"- ","- ",35.999279022216797,-119.57200622558594,KINGS,UNINCORPORATED,-119.57202911376953,35.999794006347656