CASE_ID,ACCIDENT_YEAR,PROC_DATE,JURIS,COLLISION_DATE,COLLISION_TIME,OFFICER_ID,REPORTING_DISTRICT,DAY_OF_WEEK,CHP_SHIFT,POPULATION,CNTY_CITY_LOC,SPECIAL_COND,BEAT_TYPE,CHP_BEAT_TYPE,CITY_DIVISION_LAPD,CHP_BEAT_CLASS,BEAT_NUMBER,PRIMARY_RD,SECONDARY_RD,DISTANCE,DIRECTION,INTERSECTION,WEATHER_1,WEATHER_2,STATE_HWY_IND,CALTRANS_COUNTY,CALTRANS_DISTRICT,STATE_ROUTE,ROUTE_SUFFIX,POSTMILE_PREFIX,POSTMILE,LOCATION_TYPE,RAMP_INTERSECTION,SIDE_OF_HWY,TOW_AWAY,COLLISION_SEVERITY,NUMBER_KILLED,NUMBER_INJURED,PARTY_COUNT,PRIMARY_COLL_FACTOR,PCF_CODE_OF_VIOL,PCF_VIOL_CATEGORY,PCF_VIOLATION,PCF_VIOL_SUBSECTION,HIT_AND_RUN,TYPE_OF_COLLISION,MVIW,PED_ACTION,ROAD_SURFACE,ROAD_COND_1,ROAD_COND_2,LIGHTING,CONTROL_DEVICE,CHP_ROAD_TYPE,PEDESTRIAN_ACCIDENT,BICYCLE_ACCIDENT,MOTORCYCLE_ACCIDENT,TRUCK_ACCIDENT,NOT_PRIVATE_PROPERTY,ALCOHOL_INVOLVED,STWD_VEHTYPE_AT_FAULT,CHP_VEHTYPE_AT_FAULT,COUNT_SEVERE_INJ,COUNT_VISIBLE_INJ,COUNT_COMPLAINT_PAIN,COUNT_PED_KILLED,COUNT_PED_INJURED,COUNT_BICYCLIST_KILLED,COUNT_BICYCLIST_INJURED,COUNT_MC_KILLED,COUNT_MC_INJURED,PRIMARY_RAMP,SECONDARY_RAMP,LATITUDE,LONGITUDE,COUNTY,CITY,POINT_X,POINT_Y
91549417,2021,2021-08-19,9495,2021-08-13,1025,019829,,5,1,9,1600,0,1,1,,2,004,"INTERSTATE 5 SOUTHBOUND","STATE ROUTE 41",5808.00,N,N,A,-,Y,,,5,,,,,,S,Y,2,0,1,2,A,-,03,22350,,N,C,C,A,A,H,-,A,D,0,,,Y,,Y,,C,02,1,0,0,0,0,0,0,0,1,"- ","- ",35.988918304443359,-119.96806335449219,KINGS,UNINCORPORATED,-119.96800994873047,35.988971710205078
91550578,2021,2021-08-20,9440,2021-08-10,1254,016961,,2,1,9,1600,0,1,3,,1,198,"SR-198 W/B","2ND AVE",100.00,W,N,A,-,Y,,,,,,,,,,N,2,0,2,1,A,-,08,22107,,N,F,0,A,A,H,-,A,D,0,,,,,Y,,A,07,1,1,0,0,0,0,0,0,0,"- ","- ",36.319919586181641,-119.67048645019531,KINGS,UNINCORPORATED,-119.49343109130859,36.328571319580078
91558525,2021,2021-08-30,9440,2021-04-30,1852,016961,,5,2,9,1600,0,2,4,,1,050,"KANSAS AVE","11TH AVE",185.00,E,N,A,-,N,,,,,,,,,,Y,1,2,0,2,A,-,01,23152,F,N,A,C,A,A,H,-,A,D,0,,,,,Y,,A,07,0,0,0,0,0,0,0,0,0,"- ","- ",36.211170196533203,-119.65492248535156,KINGS,UNINCORPORATED,-119.65427398681641,36.211170196533203
91570074,2021,2021-11-02,9440,2021-09-10,0635,016774,,5,1,9,1600,0,3,5,,2,020,"15TH AVE","FLINT AVE",10.00,N,N,A,-,N,,,,,,,,,,Y,1,1,0,2,A,-,12,22450,A,N,D,C,A,A,H,-,B,A,0,,,,,Y,,-,"- ",0,0,0,0,0,0,0,0,0,"- ","- ",36.717720031738281,-119.72688293457031,KINGS,UNINCORPORATED,-119.72688293457031,36.371795654296875
91604898,2021,2021-10-25,9440,2021-10-17,1803,019755,,7,2,9,1600,0,3,5,,2,020,"16TH AVE","LACEY BLVD",300.00,S,N,A,-,N,,,,,,,,,,Y,2,0,1,1,A,-,01,23152,A,N,E,I,A,A,H,-,A,D,0,,,,,Y,Y,D,22,1,0,0,0,0,0,0,0,0,"- ","- ",36.326488494873047,-119.7447509765625,KINGS,UNINCORPORATED,-119.7447509765625,36.327236175537109
91605084,2021,2021-10-25,9495,2021-10-13,0445,021351,,3,3,9,1600,0,1,1,,2,004,"INTERSTATE 5 (SOUTHBOUND)","KINGS-KERN COUNTY LINE",200.00,N,N,A,-,Y,,,5,,,,,,,Y,2,0,2,4,A,-,08,22107,,N,E,I,A,A,D,-,D,A,0,,,,Y,Y,,-,"- ",2,0,0,0,0,0,0,0,0,"- ","- ",35.790008544921875,-119.78282165527344,KINGS,UNINCORPORATED,-119.78287506103516,35.789966583251953
91607768,2021,2021-10-27,9440,2021-10-22,0740,016774,,5,1,9,1600,0,2,4,,1,067,"JACKSON AVE","14TH AVE",0.00,,Y,A,-,N,,,,,,,,,,Y,2,0,1,2,A,-,12,22450,A,N,D,C,A,A,H,-,A,A,0,,,,Y,Y,,A,07,1,0,0,0,0,0,0,0,0,"- ","- ",36.254791259765625,-119.70899963378906,KINGS,UNINCORPORATED,-119.70900726318359,36.254772186279297
91618494,2021,2021-11-08,9440,2021-09-18,2243,020947,,6,3,9,1600,0,2,4,,1,046,"LACEY BLVD",SR-41,2640.00,W,N,A,-,N,,,,,,,,,,Y,2,0,1,1,A,-,08,22107,,N,E,I,A,A,H,-,D,D,0,,,,,Y,,D,22,1,0,0,0,0,0,0,0,0,"- ","- ",36.327960968017578,-119.82122039794922,KINGS,UNINCORPORATED,-119.81584167480469,36.328029632568359
91618800,2021,2021-11-08,9440,2021-07-10,1130,019226,,6,1,9,1600,0,2,4,,1,041,"EXCELSIOR AVENUE","6TH AVENUE",0.00,,Y,A,-,N,,,,,,,,,,Y,1,1,2,2,A,-,12,22450,A,N,D,C,A,A,H,-,A,A,0,,,,,Y,,D,22,2,0,0,0,0,0,0,0,0,"- ","- ",36.401371002197266,-119.56494140625,KINGS,UNINCORPORATED,-119.56491851806641,36.401374816894531
91650789,2021,2021-12-13,9440,2021-11-13,0809,018639,,6,1,9,1600,0,2,4,,1,061,"6TH AVENUE","SALEM AVE",90.00,S,N,E,-,N,,,,,,,,,,Y,1,1,0,3,A,-,09,21804,A,N,D,C,A,B,H,-,A,D,0,,,,Y,Y,,M,46,0,0,0,0,0,0,0,0,0,"- ","- ",35.992298126220703,-119.57195281982422,KINGS,UNINCORPORATED,-119.57199096679688,35.992332458496094
91653868,2021,2021-12-16,9440,2021-12-05,0001,019226,,7,3,9,1600,0,1,3,,1,410,"STATE ROUTE 41 S/B","JERSEY AVENUE",2112.00,N,N,B,-,Y,,,41,,,,,,S,Y,2,0,1,1,A,-,01,23152,A,N,E,I,A,A,H,-,D,D,0,,,,,Y,Y,D,22,1,0,0,0,0,0,0,0,0,"- ","- ",36.243511199951172,-119.81604766845703,KINGS,UNINCORPORATED,-119.81616973876953,36.243537902832031
91675829,2022,2022-01-11,9440,2022-01-08,1308,017630,,6,1,9,1600,0,1,3,,1,430,"SR-198 W/B FROM SR-43 S/B",SR-43,1090.00,W,N,B,-,Y,KIN,,198,,R,20.761,H,,L,Y,2,0,1,1,A,-,03,22350,,N,E,I,A,A,H,-,A,D,0,,,Y,,Y,,C,02,1,0,0,0,0,0,0,0,1,"- ","- ",36.324661254882812,-119.60466766357422,KINGS,UNINCORPORATED,-119.60465240478516,36.324546813964844
9168456,2020,2020-11-07,1603,2020-09-15,0955,1806,LE2,2,5,3,1603,0,0,0,,0,0L1,"W HANFORD ARMONA RD","FOX ST",8.00,W,N,A,-,N,,,,,,,,,,Y,2,0,1,2,A,-,12,21453,A,N,D,C,A,A,H,-,A,A,0,,,,Y,Y,,F,26,1,0,0,0,0,0,0,0,0,"- ","- ",,,KINGS,LEMOORE,-119.78529357910156,36.313438415527344
91702060,2022,2022-02-16,9495,2022-02-07,1750,019453,,1,2,9,1600,0,3,5,,2,054,"25TH AVENUE","UTICA AVENUE",3432.00,N,N,A,-,N,,,,,,,,,,Y,2,0,1,1,A,-,08,22107,,N,F,A,A,A,H,-,D,D,0,,,,Y,Y,,F,26,1,0,0,0,0,0,0,0,0,"- ","- ",35.943809509277344,-119.92881011962891,KINGS,UNINCORPORATED,-119.92877960205078,35.943386077880859
91710747,2022,2022-02-28,9440,2022-02-19,2500,018137,,6,4,9,1600,0,3,5,,2,020,"NEVADA AVE","14 1/2 AVE",2640.00,S,N,A,-,N,,,,,,,,,,Y,2,0,1,1,A,-,03,22350,,N,F,A,A,A,H,-,D,A,0,,,,,Y,,A,01,1,0,0,0,0,0,0,0,0,"- ","- ",36.138259887695312,-119.71701812744141,KINGS,UNINCORPORATED,-119.70742034912109,36.137950897216797
91716734,2022,2022-03-07,9440,2022-02-28,1300,021086,,1,1,9,1600,0,2,4,,1,048,"HOUSTON AVENUE","2ND AVENUE",0.00,,Y,A,-,N,,,,,,,,,,Y,2,0,1,2,A,-,09,21802,A,N,D,C,A,A,H,-,A,A,0,,,,,Y,,A,07,1,0,0,0,0,0,0,0,0,"- ","- ",36.297821044921875,-119.49212646484375,KINGS,UNINCORPORATED,-119.49211883544922,36.297782897949219
91740429,2022,2022-04-04,9440,2022-03-29,1725,017630,,2,2,9,1600,0,2,4,,1,045,"GRANGEVILLE BLVD","16TH AVE",30.00,E,N,A,-,N,,,,,,,,,,Y,2,0,1,2,A,-,03,22350,,N,C,C,A,A,H,-,A,D,0,,,Y,,Y,,C,02,1,0,0,0,0,0,0,0,1,"- ","- ",36.342601776123047,-119.74458312988281,KINGS,UNINCORPORATED,-119.74465179443359,36.34259033203125
91750138,2021,2022-04-18,9440,2021-11-20,1250,016961,,6,1,9,1600,0,3,5,,2,030,"19TH AVENUE","KANSAS AVE",0.00,,Y,A,-,N,,,,,,,,,,Y,1,1,3,2,A,-,12,22450,A,N,D,C,A,A,H,-,A,A,0,,,,,Y,,D,22,3,0,0,0,0,0,0,0,0,"- ","- ",36.211429595947266,-119.79814147949219,KINGS,UNINCORPORATED,-119.79814910888672,36.211418151855469
91753508,2022,2022-04-21,9440,2022-02-21,1535,020998,,1,2,9,1600,0,2,4,,1,067,"14TH AVENUE","LOCUST STREET",160.00,S,N,A,-,N,,,,,,,,,,N,1,1,0,2,A,-,10,21950,A,N,G,B,C,A,H,-,A,D,0,Y,,,,Y,,D,22,0,0,0,1,0,0,0,0,0,"- ","- ",36.316471099853516,-119.70905303955078,KINGS,UNINCORPORATED,-119.70900726318359,36.316520690917969
91756819,2022,2022-04-26,9440,2022-02-21,1840,017161,,1,2,9,1600,0,1,3,,1,198,"SR-198 E/B","2ND AVE",0.00,,Y,A,-,Y,KIN,,198,,,27.339,H,,R,Y,1,1,4,2,A,-,09,21802,A,N,D,C,A,A,H,-,C,A,0,,,,,Y,,A,01,1,3,0,0,0,0,0,0,0,"- ","- ",36.328250885009766,-119.49314117431641,KINGS,UNINCORPORATED,-119.49314117431641,36.328205108642578
91757093,2022,2022-04-26,9440,2022-04-18,0632,016961,,1,1,9,1600,0,2,4,,1,041,"EXCELSIOR AVE","16TH AVE",0.00,,Y,A,-,N,,,,,,,,,,Y,2,0,3,2,A,-,09,21801,A,N,D,C,A,A,H,-,A,D,0,,,,,Y,,A,07,1,0,2,0,0,0,0,0,0,"- ","- ",36.401050567626953,-119.74491119384766,KINGS,UNINCORPORATED,-119.74501800537109,36.401065826416016
91767968,2022,2022-05-09,9440,2022-04-28,1440,020947,,4,2,9,1600,0,1,3,,1,198,"SR-198 E/B","AVENAL CUTOFF RD",3168.00,E,N,A,-,Y,KIN,,198,,,5.624,H,,R,Y,2,0,1,1,A,-,08,22107,,N,F,A,A,A,H,-,A,D,0,,,Y,,Y,,C,02,1,0,0,0,0,0,0,0,1,"- ","- ",36.259628295898438,-119.85942840576172,KINGS,UNINCORPORATED,-119.85942840576172,36.259624481201172
91774874,2022,2022-05-18,9440,2022-05-08,2253,019226,,7,3,9,1600,0,1,3,,1,430,"STATE ROUTE 43","KANSAS AVENUE",0.00,,Y,A,G,Y,KIN,,43,,,10.363,H,,R,Y,2,0,3,2,A,-,01,23152,A,N,D,C,A,A,H,-,C,A,0,,,,,Y,Y,D,22,2,1,0,0,0,0,0,0,0,"- ","- ",36.210979461669922,-119.60051727294922,KINGS,UNINCORPORATED,-119.60057830810547,36.210979461669922
91775720,2022,2022-05-19,9440,2022-05-11,1550,019220,,3,2,9,1600,0,2,4,,1,042,"FREMONT AVE","20 1/2 AVE",531.00,E,N,A,-,N,,,,,,,,,,Y,2,0,1,1,A,-,03,22350,,N,F,A,A,A,H,-,A,D,0,,,Y,,Y,,C,02,1,0,0,0,0,0,0,0,1,"- ","- ",36.365131378173828,-119.82296752929688,KINGS,UNINCORPORATED,-119.82331848144531,36.365196228027344
9181194,2020,2020-12-12,1602,2020-09-27,1505,1427,47,7,5,4,1602,0,0,0,,0,001,"W 7TH ST","11TH AV",0.00,,Y,A,-,N,,,,,,,,,,Y,2,0,2,2,A,-,12,21453,A,N,D,C,A,A,H,-,A,A,0,,,,,Y,,D,22,1,1,0,0,0,0,0,0,0,"- ","- ",36.325229644775391,-119.65502166748047,KINGS,HANFORD,-119.65518188476562,36.325210571289062
91817169,2022,2022-07-14,9440,2022-04-01,2223,020936,,5,3,9,1600,0,2,4,,1,050,"KANSAS AVE",SR-43,3168.00,W,N,A,-,N,,,,,,,,,,Y,1,1,4,2,A,-,01,23152,F,N,A,C,A,A,H,-,D,D,0,,,,,Y,,A,01,0,4,0,0,0,0,0,0,0,"- ","- ",36.211090087890625,-119.61250305175781,KINGS,UNINCORPORATED,-119.61132049560547,36.211040496826172
91847918,2022,2022-08-24,9440,2022-08-13,1815,020250,,6,2,9,1600,0,1,3,,1,198,"STATE ROUTE 198 E/B","13TH AVENUE",1584.00,W,N,A,-,Y,KIN,,198,,R,15.479,H,,R,N,2,0,1,1,A,-,03,22350,,N,F,A,A,A,D,-,A,D,0,,,Y,,Y,,C,02,1,0,0,0,0,0,0,0,1,"- ","- ",36.312511444091797,-119.69741058349609,KINGS,UNINCORPORATED,-119.69741821289062,36.312530517578125
91862573,2022,2022-09-12,9440,2022-06-03,2045,021086,,5,2,9,1600,0,3,5,,2,030,"16TH ROAD","16TH AVENUE",1790.00,E,N,A,-,N,,,,,,,,,,N,1,1,0,2,A,-,05,21650,,N,G,B,E,A,H,-,B,D,0,Y,,,,Y,,D,22,0,0,0,1,0,0,0,0,0,"- ","- ",36.30194091796875,-119.73886871337891,KINGS,UNINCORPORATED,-119.73894500732422,36.301887512207031
91931349,2022,2022-12-01,9440,2022-11-03,1825,017161,,4,2,9,1600,0,2,4,,1,046,"LACEY BLVD.","18 3/4 AVE",0.00,,Y,A,-,N,,,,,,,,,,Y,1,1,0,2,A,-,09,21802,A,N,D,C,A,A,H,-,D,A,0,,,Y,,Y,,D,22,0,0,0,0,0,0,0,1,0,"- ","- ",36.327980041503906,-119.79434967041016,KINGS,UNINCORPORATED,-119.79422760009766,36.327968597412109
91939554,2022,2022-12-12,9440,2022-12-01,1515,020250,,4,2,9,1600,0,2,4,,1,045,"GRANGEVILLE BLVD.","STATE ROUTE 41",3168.00,E,N,B,-,N,,,,,,,,,,N,2,0,1,1,A,-,03,22350,,N,F,A,A,B,H,-,A,D,0,,,Y,,Y,,C,02,1,0,0,0,0,0,0,0,1,"- ","- ",36.342529296875,-119.79651641845703,KINGS,UNINCORPORATED,-119.79747772216797,36.342514038085938
91956782,2022,2022-12-30,9495,2022-06-14,2305,021303,,2,3,9,1600,0,1,1,,2,004,"INTERSTATE 5 SOUTHBOUND","STATE ROUTE 41",5280.00,N,N,A,-,Y,KIN,,5,,,18.327,H,,L,Y,2,0,2,2,A,-,01,23152,,F,B,C,A,A,H,-,D,D,0,,,,Y,Y,,A,01,1,0,1,0,0,0,0,0,0,"- ","- ",36.000869750976562,-119.98030090332031,KINGS,UNINCORPORATED,-119.98026275634766,36.000896453857422
92016239,2022,2023-03-13,9495,2022-02-28,0121,021303,,1,3,9,1600,0,1,1,,2,004,"INTERSTATE 5 NORTHBOUND","QUEBEC AVENUE",6336.00,N,N,A,-,Y,KIN,,5,,,24.443,H,,R,Y,1,1,1,2,A,-,11,21954,A,N,G,B,D,A,H,-,D,D,0,Y,,,,Y,,N,60,0,1,0,1,0,0,0,0,0,"- ","- ",36.055198669433594,-120.06596374511719,KINGS,UNINCORPORATED,-120.06594848632812,36.055210113525391
92022608,2023,2023-03-20,9440,2023-03-13,"837 ",020250,,1,1,9,1600,0,2,4,,1,043,"FLINT AVENUE","14TH AVENUE",0.00,,Y,A,-,N,,,,,,,,,,Y,2,0,2,2,A,-,09,21802,A,N,D,C,A,A,H,-,A,A,0,,,,,Y,,D,22,1,1,0,0,0,0,0,0,0,"- ","- ",36.371688842773438,-119.70893859863281,KINGS,UNINCORPORATED,-119.70896148681641,36.371707916259766
92023924,2023,2023-03-21,9440,2023-03-12,1945,019226,,7,2,9,1600,0,3,5,,2,010,"KENT AVENUE","12TH AVENUE",0.00,,Y,A,-,N,,,,,,,,,,Y,2,0,7,2,A,-,01,23152,A,N,D,C,A,A,H,-,D,A,0,,,,,Y,Y,A,07,1,6,0,0,0,0,0,0,0,"- ","- ",36.225818634033203,-119.67282104492188,KINGS,UNINCORPORATED,-119.67276763916016,36.225799560546875
9203130,2020,2021-01-20,1602,2020-11-06,1705,1493,43,5,5,4,1602,0,0,0,,0,002,"N 10TH AVE",FLORINDA,20.00,N,N,A,-,N,,,,,,,,,,Y,2,0,4,2,A,-,12,21453,A,N,A,C,A,A,H,-,C,A,0,,,,,Y,,A,01,1,2,1,0,0,0,0,0,0,"- ","- ",36.334888458251953,-119.63701629638672,KINGS,HANFORD,-119.63703918457031,36.334976196289062
92077100,2023,2023-05-25,9440,2023-05-13,2015,020250,,6,2,9,1600,0,2,4,,1,067,"14TH AVE.","IONA AVE.",2640.00,S,N,A,-,N,,,,,,,,,,Y,2,0,1,2,A,-,06,21751,,N,B,D,A,A,H,-,B,D,0,,,Y,,Y,,A,01,1,0,0,0,0,0,0,0,1,"- ","- ",36.275611877441406,-119.70909118652344,KINGS,UNINCORPORATED,-119.70907592773438,36.27667236328125
92084960,2022,2023-06-02,9440,2022-04-22,2211,020998,,5,3,9,1600,0,1,3,,1,198,"SR-198 E/B","6TH AVENUE",1745.00,W,N,A,-,Y,,,,,,,,,,Y,1,1,1,2,A,-,01,23152,A,N,C,C,A,A,H,-,D,D,0,,,,,Y,Y,A,01,1,0,0,0,0,0,0,0,0,"- ","- ",36.194149017333984,-119.34159088134766,KINGS,UNINCORPORATED,-119.57103729248047,36.328208923339844
92092312,2023,2023-06-13,9440,2023-05-28,"615 ",019226,,7,1,9,1600,0,2,4,,1,060,"2ND AVENUE","HOUSTON AVE",1320.00,S,N,A,-,N,,,,,,,,,,Y,2,0,2,2,A,-,01,23152,A,F,A,C,A,A,H,-,A,D,0,,,,,Y,Y,A,01,1,1,0,0,0,0,0,0,0,"- ","- ",36.293949127197266,-119.49217224121094,KINGS,UNINCORPORATED,-119.49213409423828,36.294158935546875
92093364,2023,2023-06-14,9440,2023-06-05,1925,020716,,1,2,9,1600,0,3,5,,2,020,"HANFORD ARMONA ROAD","OAK AVENUE",0.00,,Y,B,-,N,,,,,,,,,,Y,2,0,4,2,A,-,09,21801,A,N,A,2,A,A,H,-,B,D,0,,,,,Y,,A,01,1,3,0,0,0,0,0,0,0,"- ","- ",36.313529968261719,-119.70192718505859,KINGS,UNINCORPORATED,-119.70201110839844,36.313552856445312
92099332,2023,2023-06-21,9495,2023-05-28,1244,021351,,7,1,9,1600,0,3,5,,2,054,"UTICA AVENUE","STATE ROUTE 41",1320.00,W,N,A,-,N,,,,,,,,,,Y,2,0,1,1,A,-,01,23152,A,N,E,I,A,A,H,-,A,D,0,,,,,Y,Y,A,01,1,0,0,0,0,0,0,0,0,"- ","- ",35.935298919677734,-120.02252197265625,KINGS,UNINCORPORATED,-120.02255249023438,35.935302734375
9211508,2020,2021-01-26,1600,2020-10-12,0806,A42,A1,1,5,3,1690,0,0,0,,0,001,"RT 269","UNION AV",58.00,E,N,A,-,Y,KIN,6,269,-,-,0.840,H,-,N,N,1,1,0,2,A,-,11,21950,B,N,G,B,D,A,H,-,A,D,0,Y,,,,Y,,N,60,0,0,0,1,0,0,0,0,0,"- ","- ",,,KINGS,AVENAL,-120.12451934814453,36.006458282470703
92116310,2023,2023-07-13,9440,2023-07-04,2008,017161,,2,2,9,1600,0,2,4,,1,067,"14TH AVE","IONA AVE",0.00,,Y,A,-,N,,,,,,,,,,Y,2,0,2,2,A,-,01,23152,A,N,D,C,A,A,H,-,B,A,0,,,,,Y,Y,A,01,1,0,1,0,0,0,0,0,0,"- ","- ",36.283889770507812,-119.70915222167969,KINGS,UNINCORPORATED,-119.70913696289062,36.283924102783203
9212704,2020,2021-03-05,1600,2020-09-14,1509,A39,A2,1,5,3,1690,0,0,0,,0,0A2,"SOUTH 7TH AV","RT 33",0.00,,Y,A,-,Y,KIN,6,33,-,-,16.440,I,6,N,Y,2,0,2,2,A,-,08,22107,,N,D,C,A,A,H,-,A,D,0,,,,,Y,,A,01,1,1,0,0,0,0,0,0,0,"- ","- ",,,KINGS,AVENAL,-120.12920379638672,35.993854522705078
92132851,2023,2023-08-01,9440,2023-07-23,"840 ",018639,,7,1,9,1600,0,1,3,,1,198,"SR-198 W/B","REEVES BLVD",0.00,,Y,A,-,Y,KIN,,198," "," ",3.505,H,,L,Y,2,0,3,2,A,-,12,21453,A,N,D,C,A,A,H,-,A,A,0,,,,,Y,,A,07,1,1,1,0,0,0,0,0,0,"- ","- ",36.255569458007812,-119.89620208740234,KINGS,UNINCORPORATED,-119.89620208740234,36.255577087402344
92139130,2023,2023-08-08,9440,2023-08-06,1130,016774,,7,1,9,1600,0,1,3,,1,198,SR-198,"27TH AVE",634.00,W,N,A,-,Y,KIN,,198," "," ",0.883,H,,R,N,1,1,2,2,A,-,01,23152,A,N,A,C,A,A,H,-,A,D,0,,,,,Y,Y,D,22,1,1,0,0,0,0,0,0,0,"- ","- ",36.255561828613281,-119.94317626953125,KINGS,UNINCORPORATED,-119.94317626953125,36.255569458007812
92150099,2023,2023-08-22,9440,2023-07-30,2050,020998,,7,2,9,1600,0,2,4,,1,069,"18TH AVENUE","KANSAS AVENUE",598.00,S,N,A,-,N,,,,,,,,,,N,2,0,1,2,A,-,01,23152,A,N,C,C,A,A,H,-,D,D,0,,,,,Y,Y,A,07,1,0,0,0,0,0,0,0,0,"- ","- ",36.209659576416016,-119.78021240234375,KINGS,UNINCORPORATED,-119.78023529052734,36.209678649902344
92152412,2023,2023-08-24,9440,2023-06-09,"743 ",018639,,5,1,9,1600,0,2,4,,1,050,"KANSAS AVENUE",SR-41,792.00,E,N,A,-,N,,,,,,,,,,Y,1,1,1,2,A,-,05,21650,,N,A,C,A,A,H,-,A,D,0,,,,Y,Y,,A,01,0,0,1,0,0,0,0,0,0,"- ","- ",36.211551666259766,-119.81333923339844,KINGS,UNINCORPORATED,-119.81343841552734,36.211475372314453
9215651,2020,2021-01-21,1601,2020-04-26,2026,171,3,7,5,3,1601,0,0,0,,0,00N,"PATTERSON AV","YODER AV",92.00,W,N,A,-,N,,,,,,,,,,Y,2,0,1,1,A,-,07,21658,,N,E,I,A,A,H,-,D,D,0,,,,,Y,Y,A,01,1,0,0,0,0,0,0,0,0,"- ","- ",36.100868225097656,-119.55935668945312,KINGS,CORCORAN,-119.55838775634766,36.101680755615234
92158312,2023,2023-08-30,9440,2023-05-05,1253,018639,,5,1,9,1600,0,1,3,,1,430,SR-43,"GRANGEVILLE BLVD",1901.00,N,N,A,-,Y,KIN,,43," "," ",19.792,H,,R,Y,1,1,1,3,A,-,01,23152,A,N,B,2,A,A,H,-,A,D,0,,,,Y,Y,Y,A,01,0,0,1,0,0,0,0,0,0,"- ","- ",36.347358703613281,-119.60289764404297,KINGS,UNINCORPORATED,-119.60295104980469,36.347320556640625
92172650,2023,2023-09-18,9440,2023-09-07,2016,021114,,4,2,9,1600,0,2,4,,1,040,"AVENAL CUTOFF RD","KENT AVE",5280.00,N,N,A,-,N,,,,,,,,,,Y,2,0,2,2,A,-,06,21751,,N,B,C,A,A,H,-,D,D,0,,,Y,,Y,,A,01,2,0,0,0,0,0,0,0,2,"- ","- ",36.237041473388672,-119.884521484375,KINGS,UNINCORPORATED,,
92179625,2023,2023-09-26,9440,2023-05-17,1915,017161,,3,2,9,1600,0,1,3,,1,198,SR-198,"6TH AVE",216.00,E,N,A,-,Y,KIN,,198," "," ",23.365,H,,R,Y,1,1,0,2,A,-,03,22350,,N,C,C,A,A,H,-,A,D,0,,,,Y,Y,,A,01,0,0,0,0,0,0,0,0,0,"- ","- ",36.328208923339844,-119.5643310546875,KINGS,UNINCORPORATED,-119.5643310546875,36.328212738037109
92223219,2023,2024-02-14,9440,2023-10-18,"755 ",016774,,3,1,9,1600,0,1,3,,1,430,SR-43,"NEVADA AVE",4382.00,N,N,A,-,Y,KIN,,43," "," ",5.957,H,,R,Y,1,1,2,2,A,-,06,21751,,N,B,C,A,A,H,-,A,D,0,,,,Y,Y,,A,08,0,0,2,0,0,0,0,0,0,"- ","- ",36.148681640625,-119.59313201904297,KINGS,UNINCORPORATED,-119.59313201904297,36.148677825927734
92276453,2023,2024-04-02,9440,2023-04-09,"715 ",020998,,7,1,9,1600,0,1,3,,1,410,SR-41,"NEVADA AVENUE",319.00,N,N,A,-,Y,KIN,,41," "," ",28.501,H,,R,Y,1,1,4,1,A,-,03,22350,,N,F,A,A,A,H,-,A,D,0,,,,,Y,,A,01,0,4,0,0,0,0,0,0,0,"- ","- ",36.138679504394531,-119.87809753417969,KINGS,UNINCORPORATED,-119.87793731689453,36.138553619384766
9227706,2021,2021-03-22,1602,2021-01-16,2214,1486,45,6,5,4,1602,0,0,0,,0,001,"N 12TH AV","CENTENNIAL DR",0.00,,Y,A,-,N,,,,,,,,,,Y,2,0,1,1,A,-,01,23152,A,N,H,I,A,A,H,-,C,D,0,,,,,Y,Y,A,01,1,0,0,0,0,0,0,0,0,"- ","- ",36.322971343994141,-119.67302703857422,KINGS,HANFORD,-119.67303466796875,36.322921752929688
92301655,2024,2024-01-31,9440,2024-01-28,1400,019829,,7,2,9,1600,0,2,4,,1,062,"10TH AVENUE","HOME AVE",0.00,,Y,A,-,N,,,,,,,,,,Y,2,0,6,2,A,-,09,21801,A,N,A,C,A,A,H,-,A,D,0,,,,,Y,,D,22,1,0,5,0,0,0,0,0,0,"- ","- ",36.304241180419922,-119.63668823242188,KINGS,UNINCORPORATED,-119.63694763183594,36.304210662841797
92309569,2023,2024-02-08,9440,2023-11-13,1725,021213,,1,2,9,1600,0,3,5,,2,010,"LACEY BOULEVARD","COUNTRY LANE",92.00,W,N,A,-,N,,,,,,,,,,N,1,1,0,2,A,-,11,21954,A,N,G,B,D,A,H,-,D,D,0,Y,,,,Y,,N,60,0,0,0,1,0,0,0,0,0,"- ","- ",36.328018188476562,-119.61541748046875,KINGS,UNINCORPORATED,-119.61533355712891,36.327991485595703
92342859,2023,2024-03-20,9440,2023-12-03,"150 ",020998,,7,3,9,1600,0,1,3,,1,198,"SR-198 E/B","12TH AVENUE",469.00,E,N,A,-,Y,KIN,,198," ",R,17.009,H,,R,Y,1,1,6,3,A,-,01,23152,A,N,A,C,A,A,H,-,C,D,0,,,,,Y,Y,A,01,1,5,0,0,0,0,0,0,0,"- ","- ",36.318851470947266,-119.67121887207031,KINGS,UNINCORPORATED,-119.67121887207031,36.318836212158203