CASE_ID,ACCIDENT_YEAR,PROC_DATE,JURIS,COLLISION_DATE,COLLISION_TIME,OFFICER_ID,REPORTING_DISTRICT,DAY_OF_WEEK,CHP_SHIFT,POPULATION,CNTY_CITY_LOC,SPECIAL_COND,BEAT_TYPE,CHP_BEAT_TYPE,CITY_DIVISION_LAPD,CHP_BEAT_CLASS,BEAT_NUMBER,PRIMARY_RD,SECONDARY_RD,DISTANCE,DIRECTION,INTERSECTION,WEATHER_1,WEATHER_2,STATE_HWY_IND,CALTRANS_COUNTY,CALTRANS_DISTRICT,STATE_ROUTE,ROUTE_SUFFIX,POSTMILE_PREFIX,POSTMILE,LOCATION_TYPE,RAMP_INTERSECTION,SIDE_OF_HWY,TOW_AWAY,COLLISION_SEVERITY,NUMBER_KILLED,NUMBER_INJURED,PARTY_COUNT,PRIMARY_COLL_FACTOR,PCF_CODE_OF_VIOL,PCF_VIOL_CATEGORY,PCF_VIOLATION,PCF_VIOL_SUBSECTION,HIT_AND_RUN,TYPE_OF_COLLISION,MVIW,PED_ACTION,ROAD_SURFACE,ROAD_COND_1,ROAD_COND_2,LIGHTING,CONTROL_DEVICE,CHP_ROAD_TYPE,PEDESTRIAN_ACCIDENT,BICYCLE_ACCIDENT,MOTORCYCLE_ACCIDENT,TRUCK_ACCIDENT,NOT_PRIVATE_PROPERTY,ALCOHOL_INVOLVED,STWD_VEHTYPE_AT_FAULT,CHP_VEHTYPE_AT_FAULT,COUNT_SEVERE_INJ,COUNT_VISIBLE_INJ,COUNT_COMPLAINT_PAIN,COUNT_PED_KILLED,COUNT_PED_INJURED,COUNT_BICYCLIST_KILLED,COUNT_BICYCLIST_INJURED,COUNT_MC_KILLED,COUNT_MC_INJURED,PRIMARY_RAMP,SECONDARY_RAMP,LATITUDE,LONGITUDE,COUNTY,CITY,POINT_X,POINT_Y
92347696,2024,2024-03-26,9440,2024-03-20,1505,019226,,3,2,9,1600,0,1,3,,1,410,"STATE ROUTE 41 (SOUTHBOUND)","LACEY BLVD",0.00,,Y,B,-,Y,KIN,,41," ",R,43.149,H,,R,Y,2,0,1,2,A,-,09,21802,A,N,D,C,A,A,H,-,A,A,0,,,Y,,Y,,D,22,1,0,0,0,0,0,0,0,1,"- ","- ",36.327930450439453,-119.80815887451172,KINGS,UNINCORPORATED,-119.80786895751953,36.327930450439453
92368146,2024,2024-04-18,9440,2024-03-07,"600 ",018137,,4,1,9,1600,0,2,4,,1,061,"6TH AVE","KANSAS AVENUE",0.00,,Y,A,-,N,,,,,,,,,,Y,1,1,0,2,A,-,12,22450,A,N,D,C,A,A,H,-,D,A,0,,,,Y,Y,,A,01,0,0,0,0,0,0,0,0,0,"- ","- ",36.211078643798828,-119.56491851806641,KINGS,UNINCORPORATED,-119.56495666503906,36.211048126220703
9239281,2020,2021-05-06,1601,2020-10-31,2311,153,15,6,5,3,1601,0,0,0,,0,00S,"KING AV","OREGON AV",0.00,,Y,A,-,N,,,,,,,,,,N,2,0,1,1,A,-,08,22107,,N,E,J,A,A,H,-,C,B,0,,,,,Y,Y,-,,1,0,0,0,0,0,0,0,0,"- ","- ",36.087131500244141,-119.55873870849609,KINGS,CORCORAN,-119.55860137939453,36.087131500244141
9285852,2021,2021-08-10,1603,2021-06-01,1815,1841,LZ4,2,5,3,1603,0,0,0,,0,0L2,"CONSTITUTION AV","W HANFORD ARMONA RD",13.00,N,N,A,-,N,,,,,,,,,,Y,2,0,4,2,A,-,02,22400,A,N,C,C,A,A,H,-,A,D,0,,,,,Y,,A,01,1,3,0,0,0,0,0,0,0,"- ","- ",,,KINGS,LEMOORE,-119.79653167724609,36.313388824462891
9288536,2021,2021-09-07,1602,2021-06-05,0413,14103,32,6,5,4,1602,0,0,0,,0,001,"W GRANGEVILLE BL","11TH AV",0.00,,Y,A,-,N,,,,,,,,,,Y,2,0,1,2,A,-,01,23152,A,N,B,C,A,A,H,-,C,A,0,,,,,Y,Y,A,07,1,0,0,0,0,0,0,0,0,"- ","- ",36.341999053955078,-119.65550994873047,KINGS,HANFORD,-119.65512847900391,36.342666625976562
9299165,2021,2021-08-30,1602,2021-07-01,2253,14102,36,4,5,4,1602,0,0,0,,0,002,"N 10TH AV","CAREY ST",0.00,,Y,A,-,N,,,,,,,,,,N,2,0,1,2,A,-,00,21954,,N,G,B,D,A,H,-,C,D,0,Y,,,,Y,,N,60,1,0,0,0,1,0,0,0,0,"- ","- ",36.342681884765625,-119.63690185546875,KINGS,HANFORD,-119.63699340820312,36.347164154052734
9302815,2021,2021-08-28,1602,2021-07-21,2100,1465,51,3,5,4,1602,0,0,0,,0,002,"E LACEY BL","RT 43",700.00,W,N,A,-,N,,,,,,,,,,Y,2,0,1,1,A,-,03,22350,,N,E,I,A,A,H,-,C,D,0,,,Y,,Y,,C,02,1,0,0,0,0,0,0,0,1,"- ","- ",36.366550445556641,-119.50203704833984,KINGS,HANFORD,-119.60340100000001,36.328169000000003
9320504,2022,2022-03-25,1602,2022-01-06,1816,1429,46,4,5,4,1602,0,0,0,,0,1816,"12TH AV","GLENDALE AV",149.00,N,N,A,-,N,,,,,,,,,,N,1,1,0,2,A,-,11,21954,A,N,G,B,D,A,H,-,C,D,0,Y,,,,Y,,N,60,0,0,0,1,0,0,0,0,0,"- ","- ",36.319221496582031,-119.67108917236328,KINGS,HANFORD,-119.67306518554688,36.320629119873047
9339695,2021,2021-10-25,1600,2021-06-26,0424,A49,AVL,6,5,3,1690,0,0,0,,0,A-1,"RT 269","CENTRAL AV",0.00,,Y,A,-,Y,KIN,6,269,-,-,0.686,I,5,S,N,2,0,1,2,A,-,09,21802,A,F,B,C,A,A,H,-,C,D,0,,,,,Y,,-,99,1,0,0,0,0,0,0,0,0,"- ","- ",36.005439758300781,-120.12664031982422,KINGS,AVENAL,-120.12667083740234,36.005496978759766
9355917,2021,2021-11-10,1602,2021-10-08,1042,1465,57,5,5,4,1602,0,0,0,,0,002,"RT 198 WB","9TH AV",700.00,W,N,B,-,Y,KIN,6,198,-,R,19.820,H,-,W,Y,2,0,2,1,A,-,03,22350,,N,E,I,A,B,H,-,A,D,0,,,Y,,Y,,C,02,1,1,0,0,0,0,0,0,2,"- ","- ",36.324470520019531,-119.6190185546875,KINGS,HANFORD,-119.62139129638672,36.324485778808594
9363491,2021,2022-02-14,1602,2021-10-08,1920,14106,48,5,5,4,1602,0,0,0,,0,002,"N REDINGTON ST","7TH ST",0.00,,Y,A,-,N,,,,,,,,,,N,2,0,1,2,A,-,09,21801,,N,B,D,A,A,H,-,C,A,0,,,,,Y,,A,01,1,0,0,0,0,0,0,0,0,"- ","- ",36.326141357421875,-119.64888000488281,KINGS,HANFORD,-119.64888763427734,36.326133728027344
9386095,2021,2022-01-04,1602,2021-11-29,1345,1465,30,1,5,4,1602,0,0,0,,0,001,"CENTENNIAL DR","MERRIT DR",0.00,,Y,A,-,N,,,,,,,,,,Y,2,0,3,2,A,-,03,22350,,N,C,C,A,A,H,-,A,A,0,,,,,Y,,A,01,2,0,1,0,0,0,0,0,0,"- ","- ",36.334781646728516,-119.68003082275391,KINGS,HANFORD,-119.68002319335938,36.334735870361328
9413071,2021,2022-03-04,1601,2021-11-12,1143,174,6,5,5,3,1601,0,0,0,,0,00N,"PATTERSON AV","JOSEPHINE AV",148.00,W,N,A,-,N,,,,,,,,,,Y,2,0,1,2,A,-,01,23152,A,N,C,E,A,A,H,-,A,D,0,,,,,Y,Y,A,01,1,0,0,0,0,0,0,0,0,"- ","- ",36.101718902587891,-119.56977844238281,KINGS,CORCORAN,-119.57032775878906,36.101703643798828
9418152,2022,2022-03-21,1602,2022-01-22,1249,14103,54,6,5,4,1602,0,0,0,,0,001,"W HANFORD ARMONA RD","11 1/2 AV",0.00,,Y,A,-,N,,,,,,,,,,Y,2,0,1,3,A,-,08,22107,,N,C,C,A,A,H,-,A,D,0,,,,,Y,,-,,1,0,0,0,0,0,0,0,0,"- ","- ",36.313461303710938,-119.66388702392578,KINGS,HANFORD,-119.66389465332031,36.313480377197266
9418781,2022,2022-03-28,1602,2022-02-17,1239,1465,42,4,5,4,1602,0,0,0,,0,002,"E ELM ST","WHITE ST",243.00,W,N,A,-,N,,,,,,,,,,Y,2,0,3,2,A,-,08,22103,,N,D,C,A,A,H,-,A,D,0,,,Y,,Y,,A,01,2,1,0,0,0,0,0,0,2,"- ","- ",36.334300994873047,-119.6402587890625,KINGS,HANFORD,-119.64035797119141,36.334011077880859
9425846,2021,2022-03-25,1601,2021-10-30,0557,171,14,6,5,3,1601,0,0,0,,0,00S,"DAIRY AV","PEUBLO AV",0.00,,Y,E,-,N,,,,,,,,,,N,2,0,1,2,D,-,00,,,N,A,C,A,B,H,-,D,D,0,,,,,Y,,-,"- ",1,0,0,0,0,0,0,0,0,"- ","- ",36.079879760742188,-119.57193756103516,KINGS,CORCORAN,-119.57197570800781,36.079837799072266
94373795,2024,2024-08-28,9440,2024-08-13,1525,018840,,2,2,9,1600,0,2,4,,1,043,"FLINT AVE","15TH AVENUE",2693.00,W,N,A,-,N,,,,,,,,,,Y,2,0,1,2,A,-,00,21760,B,F,B,G,A,A,H,-,A,D,0,,Y,,,Y,,-,99,1,0,0,0,0,0,1,0,0,"- ","- ",36.371841430664062,-119.73625946044922,KINGS,UNINCORPORATED,-119.73602294921875,36.371799468994141
94379614,2024,2024-09-03,9440,2024-04-13,2222,020998,,6,3,9,1600,0,2,4,,1,045,"GRANGEVILLE BOULEVARD","25TH AVENUE",185.00,W,N,A,-,N,,,,,,,,,,Y,1,2,0,1,A,-,01,23152,A,N,E,I,A,B,H,-,C,D,0,,,,,Y,Y,A,01,0,0,0,0,0,0,0,0,0,"- ","- ",36.342891693115234,-119.90608215332031,KINGS,UNINCORPORATED,-119.90538787841797,36.342899322509766
94379617,2024,2024-09-03,9440,2024-02-10,"10  ",021660,,6,3,9,1600,0,1,3,,1,410,"SR-41 N/B",SR-198,870.00,S,N,A,-,Y,KIN,,41," ",R,39.790,H,,R,Y,1,1,0,2,A,-,01,23152,A,N,C,C,A,A,H,-,C,D,0,,,,Y,Y,Y,D,22,0,0,0,0,0,0,0,0,0,"- ","- ",36.279819488525391,-119.80785369873047,KINGS,UNINCORPORATED,-119.80786895751953,36.279819488525391
9443311,2022,2022-05-06,1602,2022-03-23,2047,1440,36,3,5,4,1602,0,0,0,,0,002,"GRANGEVILLE BL","10TH AV",0.00,,Y,A,-,N,,,,,,,,,,Y,2,0,3,3,A,-,01,23153,B,N,D,C,A,A,H,-,C,A,0,,,,,Y,Y,D,22,1,2,0,0,0,0,0,0,0,"- ","- ",36.342681884765625,-119.63690185546875,KINGS,HANFORD,-119.63706207275391,36.342693328857422
94458771,2024,2024-11-05,9440,2024-08-30,1344,019226,,5,1,9,1600,0,2,4,,1,046,"LACEY BLVD","STATE ROUTE 41",528.00,E,N,A,-,N,,,,,,,,,,Y,1,1,0,1,A,-,08,22107,,N,E,8,A,A,H,-,A,D,0,,,,,Y,,A,01,0,0,0,0,0,0,0,0,0,"- ","- ",36.327899932861328,-119.80599975585938,KINGS,UNINCORPORATED,-119.80638122558594,36.327960968017578
94459837,2024,2024-11-06,9440,2024-05-19,"405 ",021665,,7,3,9,1600,0,3,5,,2,030,"KANSAS AVENUE","STATE ROUTE 41",277.00,W,N,A,-,N,,,,,,,,,,Y,2,0,1,1,A,-,03,22350,,N,F,A,A,A,H,-,D,A,0,,,Y,,Y,Y,C,02,1,0,0,0,0,0,0,0,1,"- ","- ",36.211490631103516,-119.81735992431641,KINGS,UNINCORPORATED,-119.81705474853516,36.21148681640625
94468217,2024,2024-11-13,9440,2024-11-04,1445,018840,,1,2,9,1600,0,2,4,,1,048,"HOUSTON AVE",SR-43,0.00,,Y,A,-,Y,KIN,,43," "," ",16.395,H,,R,N,2,0,1,2,A,-,12,21453,A,N,D,G,A,A,H,-,A,A,0,,Y,,Y,Y,,L,04,1,0,0,0,0,0,1,0,0,"- ","- ",36.298561096191406,-119.60069274902344,KINGS,UNINCORPORATED,-119.60077667236328,36.298561096191406
9448243,2022,2022-06-13,1602,2022-05-03,0240,1469,10,2,5,4,1602,0,0,0,,0,002,"E FARGO AV",DOUTY,0.00,,Y,A,-,N,,,,,,,,,,Y,2,0,1,1,A,-,03,22350,,N,H,J,A,A,H,-,C,A,0,,,,,Y,,A,01,1,0,0,0,0,0,0,0,0,"- ","- ",36.357341766357422,-119.63694763183594,KINGS,HANFORD,-119.64605712890625,36.357273101806641
94489396,2024,2024-12-02,9440,2024-11-15,2155,021660,,5,2,9,1600,0,2,4,,1,050,"KANSAS AVE","10TH AVE",528.00,E,N,A,-,N,,,,,,,,,,Y,2,0,2,2,A,-,01,23152,A,N,B,C,A,A,H,-,D,D,0,,,,,Y,Y,A,01,1,1,0,0,0,0,0,0,0,"- ","- ",36.211261749267578,-119.63390350341797,KINGS,UNINCORPORATED,-119.63516235351562,36.211288452148438
94540374,2024,2025-01-16,9440,2024-08-11,"335 ",021665,,7,3,9,1600,0,1,3,,1,430,"STATE ROUTE 43","GRANGEVILLE BOULEVARD",1584.00,N,N,A,-,Y,KIN,,43," "," ",19.694,H,,R,Y,1,1,1,2,A,-,05,21460,,N,A,C,A,A,H,-,D,D,0,,,,Y,Y,,A,01,0,1,0,0,0,0,0,0,0,"- ","- ",36.346199035644531,-119.60188293457031,KINGS,UNINCORPORATED,-119.60187530517578,36.346202850341797
94542268,2024,2025-01-17,9440,2024-12-25,2105,020936,,3,2,9,1600,0,2,4,,1,048,"HOUSTON AVE","16TH AVE",1000.00,W,N,A,-,N,,,,,,,,,,Y,2,0,3,1,A,-,01,23152,A,N,E,I,A,A,H,-,D,D,0,,,,,Y,Y,A,01,1,0,2,0,0,0,0,0,0,"- ","- ",36.298328399658203,-119.74899291992188,KINGS,UNINCORPORATED,-119.74806976318359,36.298610687255859
94590958,2024,2025-02-26,9440,2024-07-18,"456 ",021114,,4,3,9,1600,0,1,3,,1,198,"SR-198 E/B","6TH AVE",0.00,,Y,A,-,Y,KIN,,198," "," ",23.319,H,,R,Y,1,1,1,2,A,-,09,21802,A,N,D,2,A,A,H,-,C,A,0,,,,,Y,Y,D,22,0,1,0,0,0,0,0,0,0,"- ","- ",36.328201293945312,-119.56514739990234,KINGS,UNINCORPORATED,-119.56514739990234,36.328212738037109
94611183,2025,2025-04-28,9440,2025-03-09,1723,019755,,7,2,9,1600,0,3,5,,2,020,"CEDAR AVE","EXCELSIOR AVE",0.00,,Y,A,-,N,,,,,,,,,,Y,2,0,6,2,A,-,01,23152,A,N,D,C,A,A,H,-,A,A,0,,,,Y,Y,Y,D,22,1,4,1,0,0,0,0,0,0,"- ","- ",36.402019500732422,-119.76242065429688,KINGS,UNINCORPORATED,-119.76235198974609,36.402019500732422
94639357,2025,2025-04-07,9440,2025-01-19,2020,020716,,7,2,9,1600,0,1,3,,1,410,"STATE ROUTE 41 NORTHBOUND","LACEY BOULEVARD",0.00,,Y,A,-,Y,KIN,,41," ",R,43.147,H,,R,Y,1,2,0,2,A,-,09,21802,A,N,D,C,A,A,H,-,C,A,0,,,,,Y,Y,A,01,0,0,0,0,0,0,0,0,0,"- ","- ",36.327899932861328,-119.80790710449219,KINGS,UNINCORPORATED,-119.80786895751953,36.327899932861328
94666164,2025,2025-04-28,9440,2025-03-22,2258,021707,,6,3,9,1600,0,2,4,,1,063,"10TH 1/2 AVE","HIGHLAND ST",1056.00,S,N,A,-,N,,,,,,,,,,N,2,0,2,2,A,-,03,22350,,N,G,B,E,A,H,-,D,D,0,Y,,,,Y,,A,01,1,1,0,0,1,0,0,0,0,"- ","- ",36.307571411132812,-119.64595031738281,KINGS,UNINCORPORATED,-119.64592742919922,36.307662963867188
9467586,2023,2023-02-14,1603,2023-01-08,1921,1829,LA4,7,5,3,1603,0,0,0,,0,0L3,"WEST BUSH ST","19TH AV",102.00,E,N,A,-,N,,,,,,,,,,N,2,0,1,2,A,-,11,21950,B,N,G,B,D,A,H,-,C,D,0,Y,,,,Y,,N,60,1,0,0,0,1,0,0,0,0,"- ","- ",36.298271179199219,-119.79875946044922,KINGS,LEMOORE,-119.79845428466797,36.298259735107422
9468836,2023,2023-09-12,1601,2023-06-01,1357,196,1,4,5,3,1601,0,0,0,,0,00N,"NORTH AV","DAIRY AV",595.00,W,N,A,-,N,,,,,,,,,,N,2,0,1,2,A,-,09,21801,A,N,D,C,A,A,H,-,A,D,0,,,Y,,Y,,A,01,1,0,0,0,0,0,0,0,1,"- ","- ",36.105358123779297,-119.57205963134766,KINGS,CORCORAN,-119.57410430908203,36.105365753173828
94690246,2025,2025-05-16,9440,2025-05-12,"610 ",020193,,1,1,9,1600,0,1,3,,1,410,"STATE ROUTE 41 SOUTHBOUND","GRANGEVILLE BOULEVARD",130.00,N,N,A,-,Y,KIN,,41," ",R,44.180,H,,L,Y,2,0,1,2,A,-,03,22350,,N,C,C,A,A,H,-,A,A,0,,,,Y,Y,,A,07,1,0,0,0,0,0,0,0,0,"- ","- ",36.342868804931641,-119.80821228027344,KINGS,UNINCORPORATED,-119.80825042724609,36.342868804931641
94693816,2025,2025-05-20,9440,2025-05-12,1358,019755,,1,1,9,1600,0,1,3,,1,198,"SR198 W/B","6TH AVE",0.00,,Y,A,-,Y,KIN,,198," "," ",23.320,H,,L,Y,2,0,5,2,A,-,09,21802,A,N,D,C,A,A,H,-,A,A,0,,,,,Y,,A,08,3,1,1,0,0,0,0,0,0,"- ","- ",36.328529357910156,-119.56513977050781,KINGS,UNINCORPORATED,-119.56513977050781,36.328540802001953
94705344,2025,2025-05-29,9495,2025-02-16,"55  ",021029,,7,3,9,1600,0,1,1,,2,004,"INTERSTATE 5 SOUTHBOUND","STATE ROUTE 41",8448.00,S,N,A,-,Y,KIN,,5," "," ",15.046,H,,L,Y,1,1,1,1,A,-,08,22107,,N,E,8,A,A,H,-,D,D,0,,,,,Y,,A,01,0,1,0,0,0,0,0,0,0,"- ","- ",35.964351654052734,-119.94275665283203,KINGS,UNINCORPORATED,-119.94277954101562,35.964336395263672
9470589,2023,2023-10-13,1602,2023-09-10,1346,14104,48,7,5,4,1602,0,0,0,,0,002,"W 7TH ST","PHILLIPS ST",0.00,,Y,A,-,N,,,,,,,,,,N,2,0,1,2,A,-,08,22107,,F,G,B,B,A,H,-,A,D,0,Y,,,,Y,,D,73,1,0,0,0,1,0,0,0,0,"- ","- ",36.325878143310547,-119.6505126953125,KINGS,HANFORD,-119.65045928955078,36.325889587402344
9471439,2023,2023-11-13,1602,2023-09-28,2135,14113,26,4,5,4,1602,0,0,0,,0,002,"E GRANGEVILLE AV","BROWN ST",0.00,,Y,A,-,N,,,,,,,,,,Y,2,0,1,2,A,-,09,21801,A,N,D,C,A,A,H,-,C,A,0,,,Y,,Y,,A,07,1,0,0,0,0,0,0,0,1,"- ","- ",36.342830657958984,-119.64331817626953,KINGS,HANFORD,-119.64270782470703,36.342685699462891
94743806,2025,2025-06-30,9440,2025-05-03,2350,021351,,6,3,9,1600,0,2,4,,1,048,"HOUSTON AVENUE","16TH AVENUE",220.00,W,N,A,-,N,,,,,,,,,,Y,1,1,0,1,A,-,01,23152,A,N,E,8,A,A,H,-,D,D,0,,,,,Y,Y,A,01,0,0,0,0,0,0,0,0,0,"- ","- ",36.298839569091797,-119.74549102783203,KINGS,UNINCORPORATED,-119.74544525146484,36.298816680908203
9505602,2022,2022-11-14,1603,2022-09-29,1451,1800,LG1,4,5,3,1603,0,0,0,,0,0L3,"E D ST","SMITH ST",801.00,W,N,A,-,N,,,,,,,,,,Y,2,0,1,3,A,-,08,22107,,N,C,C,A,A,H,-,A,D,0,,,,,Y,,A,01,1,0,0,0,0,0,0,0,0,"- ","- ",36.30181884765625,-119.77761077880859,KINGS,LEMOORE,-119.77798461914062,36.302139282226562
9511478,2022,2023-01-20,1603,2022-11-16,1209,1800,LH3,3,5,3,1603,0,0,0,,0,0L3,"E D ST","E BUSH ST",480.00,W,N,A,-,N,,,,,,,,,,Y,2,0,1,2,C,-,18,,,N,A,C,A,A,H,-,A,D,0,,,,Y,Y,,-,"- ",1,0,0,0,0,0,0,0,0,"- ","- ",36.301750183105469,-119.76995086669922,KINGS,LEMOORE,-119.77005004882812,36.301094055175781
9511554,2022,2022-12-19,1603,2022-10-28,1616,1821,LA1,5,5,3,1603,0,0,0,,0,0L3,"WEST BUSH ST","FOLLETT ST",0.00,,Y,A,-,N,,,,,,,,,,N,2,0,4,2,A,-,09,21802,A,N,D,C,A,A,H,-,A,A,0,,,,,Y,,A,01,1,3,0,0,0,0,0,0,0,"- ","- ",36.298290252685547,-119.78238677978516,KINGS,LEMOORE,-119.78242492675781,36.29827880859375
9514280,2023,2024-03-01,1602,2023-12-30,1617,14100,57,6,5,4,1602,0,0,0,,0,002,"RT 198","9TH AV",0.00,,Y,A,-,Y,KIN,6,198,-,R,19.962,I,5,W,Y,2,0,3,2,A,-,09,21801,A,N,D,C,A,A,H,-,B,D,0,,,,,Y,Y,A,01,1,1,1,0,0,0,0,0,0,"- ","- ",36.324470520019531,-119.6190185546875,KINGS,HANFORD,-119.61896514892578,36.324478149414062
9520167,2022,2022-12-20,1602,2022-11-04,2140,1473,50,5,5,4,1602,0,0,0,,0,002,"10TH AV","LACEY BL",0.00,,Y,A,-,N,,,,,,,,,,Y,1,1,1,2,A,-,12,21453,A,F,G,B,B,A,H,-,C,A,0,Y,,,,Y,,A,01,0,1,0,1,0,0,0,0,0,"- ","- ",36.327980041503906,-119.6368408203125,KINGS,HANFORD,-119.6368408203125,36.327995300292969
9533935,2022,2023-02-02,1602,2022-12-24,1616,14100,57,6,5,4,1602,0,0,0,,0,002,"9TH AV","HANFORD ARMONA RD",1958.00,S,N,A,-,N,,,,,,,,,,Y,2,0,1,1,A,-,01,23152,A,N,E,I,A,A,H,-,A,D,0,,,,,Y,,A,01,1,0,0,0,0,0,0,0,0,"- ","- ",36.313449859619141,-119.61898040771484,KINGS,HANFORD,-119.61894226074219,36.308074951171875
9537691,2022,2023-02-07,1602,2022-12-13,0738,1429,36,2,5,4,1602,0,0,0,,0,002,"E. GRANGEVILLE BL","EDISON POWER POLE #4505779E",21.00,W,N,A,-,N,,,,,,,,,,Y,1,1,1,2,-,-,"- ",,,N,A,C,A,A,H,-,A,A,0,,,,Y,Y,,A,01,0,1,0,0,0,0,0,0,0,"- ","- ",36.342681884765625,-119.63690185546875,KINGS,HANFORD,,
9538265,2022,2023-01-13,1602,2022-12-10,1151,14100,49,6,5,4,1602,0,0,0,,0,002,"E 6TH ST","BROWN ST",0.00,,Y,A,-,N,,,,,,,,,,N,2,0,1,2,A,-,03,22350,,N,C,C,A,A,H,-,A,A,0,,,,,Y,,A,01,1,0,0,0,0,0,0,0,0,"- ","- ",36.326271057128906,-119.64209747314453,KINGS,HANFORD,-119.64222717285156,36.326061248779297
9552719,2023,2023-04-14,1603,2023-02-11,1646,1162,LK3,6,5,3,1603,0,0,0,,0,0L2,"SHADY ST","PINE DR",0.00,,Y,A,-,N,,,,,,,,,,N,2,0,2,2,A,-,09,21800,A,N,D,C,A,A,H,-,A,D,0,,,,,Y,,A,01,1,1,0,0,0,0,0,0,0,"- ","- ",36.315151214599609,-119.76773071289062,KINGS,LEMOORE,-119.7677001953125,36.31512451171875
9560852,2023,2023-05-01,1602,2023-03-04,1625,14102,41,6,5,4,1602,0,0,0,,0,002,"DOUTY ST","CENTER ST",0.00,,Y,A,-,N,,,,,,,,,,Y,2,0,1,2,A,-,09,21800,,N,D,C,A,A,H,-,A,D,0,,,Y,,Y,,A,01,1,0,0,0,0,0,0,0,1,"- ","- ",36.330120086669922,-119.64604187011719,KINGS,HANFORD,-119.64603424072266,36.330120086669922
9566271,2022,2023-05-02,1601,2022-09-19,1457,188,14,1,5,3,1601,0,0,0,,0,00S,"VAN DORSTEN AV","OTTAWA AV",0.00,,Y,A,-,N,,,,,,,,,,N,2,0,3,2,A,-,12,22450,A,N,D,C,A,A,H,-,A,A,0,,,,,Y,,A,07,1,2,0,0,0,0,0,0,0,"- ","- ",36.083499908447266,-119.56304931640625,KINGS,CORCORAN,-119.56307983398438,36.083503723144531
9581304,2023,2023-06-19,1603,2023-05-12,1814,1852,LA3,5,5,3,1603,0,0,0,,0,0L3,"WEST D ST","OLIVE ST",0.00,,Y,A,-,N,,,,,,,,,,N,2,0,2,3,A,-,09,21804,A,N,G,G,A,A,H,-,A,D,0,,Y,,,Y,,L,04,1,1,0,0,0,0,2,0,0,"- ","- ",36.301010131835938,-119.79128265380859,KINGS,LEMOORE,-119.79122924804688,36.301033020019531
9581969,2023,2023-05-31,1603,2023-05-07,1545,1162,LE3,7,5,3,1603,0,0,0,,0,0L1,"W HANFORD ARMONA RD","LIBERTY DR",528.00,E,N,A,-,N,,,,,,,,,,N,2,0,1,2,A,-,08,22107,,N,H,G,A,A,H,-,A,D,0,,Y,,,Y,,D,72,1,0,0,0,0,0,1,0,0,"- ","- ",36.313438415527344,-119.78975677490234,KINGS,LEMOORE,-119.79244995117188,36.31341552734375
9635659,2023,2023-12-27,1602,2023-11-10,1403,1479,53,5,5,4,1602,0,0,0,,0,001,"DAVIS ST","PARSONS ST",0.00,,Y,A,-,N,,,,,,,,,,Y,2,0,2,1,A,-,01,23152,A,N,F,I,A,A,H,-,A,D,0,,,,,Y,Y,A,01,1,0,1,0,0,0,0,0,0,"- ","- ",36.317489624023438,-119.66828918457031,KINGS,HANFORD,-119.66800689697266,36.317710876464844
9640445,2023,2024-05-28,1603,2023-12-24,"244 ",1842,LO6,7,5,3,1603,0,0,0,,0,0L3,"RT 41","RT 198",0.00,,Y,A,-,Y,KIN,6,41,-,R,40.125,I,5,N,Y,1,1,1,2,A,-,01,23152,A,N,D,C,A,A,H,-,C,A,0,,,,Y,Y,Y,A,01,1,0,0,0,0,0,0,0,0,"- ",WF,36.281681060791016,-119.80773162841797,KINGS,LEMOORE,-119.80793762207031,36.284622192382812
9640460,2024,2024-05-15,1602,2024-04-10,2005,1465,36,3,5,4,1602,0,0,0,,0,002,"N 10TH AV","CAMERON ST",286.00,N,N,A,-,N,,,,,,,,,,Y,1,1,0,2,A,-,11,21955,,N,G,B,D,A,H,-,C,A,0,Y,,,,Y,,N,60,0,0,0,1,0,0,0,0,0,"- ","- ",36.337181091308594,-119.63703918457031,KINGS,HANFORD,-119.63706207275391,36.337993621826172
9667978,2024,2024-08-05,1603,2024-02-04,"241 ",1068,LC1,7,5,3,1603,0,0,0,,0,0L1,"FOX ST","BRENTWOOD DR",360.00,N,N,A,-,N,,,,,,,,,,Y,2,0,1,1,A,-,01,23152,B,M,E,I,A,B,H,-,C,D,0,,,,,Y,Y,A,01,1,0,0,0,0,0,0,0,0,"- ","- ",36.308719635009766,-119.78839874267578,KINGS,LEMOORE,-119.78586578369141,36.310958862304688
9692782,2024,2024-06-03,1602,2024-04-29,1209,1479,36,1,5,4,1602,0,0,0,,0,002,"E GRANGEVILLE BL","BEULAH ST",0.00,,Y,A,-,N,,,,,,,,,,Y,2,0,3,2,A,-,09,21802,A,N,D,D,A,A,H,-,A,A,0,,,,,Y,,A,01,1,1,1,0,0,0,0,0,0,"- ","- ",36.342681884765625,-119.63243103027344,KINGS,HANFORD,-119.63245391845703,36.342666625976562