CASE_ID,ACCIDENT_YEAR,PROC_DATE,JURIS,COLLISION_DATE,COLLISION_TIME,OFFICER_ID,REPORTING_DISTRICT,DAY_OF_WEEK,CHP_SHIFT,POPULATION,CNTY_CITY_LOC,SPECIAL_COND,BEAT_TYPE,CHP_BEAT_TYPE,CITY_DIVISION_LAPD,CHP_BEAT_CLASS,BEAT_NUMBER,PRIMARY_RD,SECONDARY_RD,DISTANCE,DIRECTION,INTERSECTION,WEATHER_1,WEATHER_2,STATE_HWY_IND,CALTRANS_COUNTY,CALTRANS_DISTRICT,STATE_ROUTE,ROUTE_SUFFIX,POSTMILE_PREFIX,POSTMILE,LOCATION_TYPE,RAMP_INTERSECTION,SIDE_OF_HWY,TOW_AWAY,COLLISION_SEVERITY,NUMBER_KILLED,NUMBER_INJURED,PARTY_COUNT,PRIMARY_COLL_FACTOR,PCF_CODE_OF_VIOL,PCF_VIOL_CATEGORY,PCF_VIOLATION,PCF_VIOL_SUBSECTION,HIT_AND_RUN,TYPE_OF_COLLISION,MVIW,PED_ACTION,ROAD_SURFACE,ROAD_COND_1,ROAD_COND_2,LIGHTING,CONTROL_DEVICE,CHP_ROAD_TYPE,PEDESTRIAN_ACCIDENT,BICYCLE_ACCIDENT,MOTORCYCLE_ACCIDENT,TRUCK_ACCIDENT,NOT_PRIVATE_PROPERTY,ALCOHOL_INVOLVED,STWD_VEHTYPE_AT_FAULT,CHP_VEHTYPE_AT_FAULT,COUNT_SEVERE_INJ,COUNT_VISIBLE_INJ,COUNT_COMPLAINT_PAIN,COUNT_PED_KILLED,COUNT_PED_INJURED,COUNT_BICYCLIST_KILLED,COUNT_BICYCLIST_INJURED,COUNT_MC_KILLED,COUNT_MC_INJURED,PRIMARY_RAMP,SECONDARY_RAMP,LATITUDE,LONGITUDE,COUNTY,CITY,POINT_X,POINT_Y
9710642,2024,2024-07-30,1602,2024-06-15,1952,14125,44,6,5,4,1602,0,0,0,,0,001,"GLENDALE AV","POLE #4684341E",87.00,S,N,A,-,N,,,,,,,,,,Y,2,0,1,3,A,-,01,23152,,N,C,C,A,A,H,-,A,D,0,,,,,Y,Y,A,01,1,0,0,0,0,0,0,0,0,"- ","- ",36.318450927734375,-119.67874908447266,KINGS,HANFORD,,
9723181,2024,2024-09-26,1602,2024-08-20,2110,14130,18,2,5,4,1602,0,0,0,,0,002,"10TH AV","LAKEWOOD DR",0.00,,Y,A,-,N,,,,,,,,,,Y,2,0,1,1,A,-,03,22350,,N,E,I,A,A,H,-,C,D,0,,,,,Y,,A,01,1,0,0,0,0,0,0,0,0,"- ","- ",36.351791381835938,-119.63102722167969,KINGS,HANFORD,-119.63709259033203,36.351970672607422
9740223,2024,2024-10-17,1602,2024-09-07,2351,14128,47,6,5,4,1602,0,0,0,,0,001,"S 11TH AV","5TH ST",34.00,N,N,A,-,N,,,,,,,,,,Y,2,0,1,2,A,-,11,21955,,N,G,B,D,A,H,-,C,D,0,Y,,,,Y,Y,N,60,1,0,0,0,1,0,0,0,0,"- ","- ",36.322669982910156,-119.65522766113281,KINGS,HANFORD,-119.65520477294922,36.323291778564453
9750480,2024,2024-11-18,1602,2024-10-16,"545 ",14111,44,3,5,4,1602,0,0,0,,0,001,"GLENDALE AV","AQUIFER DR",0.00,,Y,A,-,N,,,,,,,,,,N,2,0,1,2,A,-,09,21804,A,N,A,G,A,A,H,-,D,A,0,,Y,,,Y,,L,04,1,0,0,0,0,0,1,0,0,"- ","- ",36.319381713867188,-119.67524719238281,KINGS,HANFORD,-119.68185424804688,36.317527770996094
9755506,2024,2024-11-20,1603,2024-10-16,"203 ",909,LB1,3,5,3,1603,0,0,0,,0,0L1,"FOX ST","ENTRANCE TO ALDERWOOD APARTMENTS",0.00,,Y,A,-,N,,,,,,,,,,Y,2,0,1,1,A,-,01,23152,A,N,E,I,A,A,H,-,C,D,0,,,Y,,Y,Y,C,02,1,0,0,0,0,0,0,0,1,"- ","- ",,,KINGS,LEMOORE,-119.78562164306641,36.311275482177734
9806549,2025,2025-05-06,1602,2025-03-24,1325,14114,42,1,5,4,1602,0,0,0,,0,002,"E 7TH ST","BROWN ST",0.00,,Y,A,-,N,,,,,,,,,,Y,2,0,2,2,A,-,09,21802,A,N,D,C,A,A,H,-,A,A,0,,,Y,,Y,,D,22,1,0,1,0,0,0,0,0,1,"- ","- ",36.327129364013672,-119.64247131347656,KINGS,HANFORD,-119.64247894287109,36.327121734619141
6291326,2014,2014-10-22,9440,2014-07-02,1930,17312,,3,2,9,1600,0,1,3,,1,410,"RT 41","OMAHA AV",7920.00,S,N,A,-,Y,KIN,6,41,-,-,23.480,H,-,S,Y,1,1,2,2,A,-,01,23152,A,N,A,C,A,A,H,-,A,D,0,,,,,Y,Y,A,01,1,1,0,0,0,0,0,0,0,"- ","- ",36.075319999999998,-119.9248,KINGS,UNINCORPORATED,-119.92429787,36.075998370000001
6291480,2014,2014-10-29,9495,2014-08-16,2500,19734,,6,4,9,1600,0,1,3,,1,007,"RT 33","UTICA AV",13728.00,S,N,A,-,Y,KIN,6,33,-,-,8.920,H,-,S,Y,1,1,0,1,A,-,08,22107,,N,F,A,A,A,H,-,D,D,0,,,,,Y,,A,01,0,0,0,0,0,0,0,0,0,"- ","- ",35.903750000000002,-120.05753,KINGS,UNINCORPORATED,-120.05664486000001,35.903600240000003
6291481,2014,2014-10-29,9495,2014-08-29,2125,19962,,5,2,9,1600,0,1,3,,1,007,"RT 33","UTICA AV",3168.00,S,N,A,-,Y,KIN,6,33,-,-,10.990,H,-,S,Y,1,1,4,2,A,-,08,22107,,N,A,C,A,A,H,-,D,D,0,,,,,Y,,A,01,1,2,1,0,0,0,0,0,0,"- ","- ",35.927680000000002,-120.07876,KINGS,UNINCORPORATED,-120.07803093,35.926784249999997
6291670,2014,2014-11-21,9440,2014-10-26,1718,16961,,7,2,9,1600,0,3,5,,2,020,"16TH AV","JACKSON AV",906.00,S,N,A,-,N,,,,,,,,,,Y,1,1,2,1,A,-,01,23152,A,F,F,A,A,A,H,-,A,D,0,,,,,Y,Y,A,07,0,2,0,0,0,0,0,0,0,"- ","- ",36.252429999999997,-119.74464,KINGS,UNINCORPORATED,-119.7445393,36.252433109999998
6291777,2014,2014-12-22,1602,2014-11-12,1000,1457,29,3,5,4,1602,0,0,0,,0,001,"WEST LACEY BL","MAGNA CARTA AV",365.00,E,N,A,-,N,,,,,,,,,,Y,1,1,2,2,A,-,03,22350,,N,G,B,E,A,H,-,A,D,0,Y,,,,Y,,A,07,0,0,2,1,0,0,0,0,0,"- ","- ",36.327860000000001,-119.68276,KINGS,HANFORD,-119.68293237,36.32805295
6292307,2015,2015-06-24,9440,2015-04-28,1748,16979,,2,2,9,1600,0,2,4,,1,061,"6TH AV","BANGOR AV",806.00,N,N,A,-,N,,,,,,,,,,Y,1,1,4,2,A,-,09,21801,A,N,D,C,A,A,H,-,A,D,0,,,,,Y,,A,01,0,1,3,0,0,0,0,0,0,"- ","- ",36.474020000000003,-119.56437,KINGS,UNINCORPORATED,-119.56428335,36.469102069999998
6292794,2015,2016-04-28,1603,2015-07-07,2125,1162,LO5,2,5,3,1603,0,0,0,,0,0L3,"SOUTH 19TH AV","RT 198",0.00,,Y,A,-,Y,KIN,6,198,-,R,9.475,R,4,E,Y,1,1,2,1,A,-,03,22350,,N,E,I,A,A,H,-,C,A,0,,,,,Y,,A,07,1,0,1,0,0,0,0,0,0,"- ",EF,,,KINGS,LEMOORE,-119.79880521,36.28620952
6292881,2017,2019-04-05,1602,2017-08-31,0107,1484,50,4,5,4,1602,0,0,0,,0,004,"9 1/4 AV","E GRANGEVILLE BL",0.00,,Y,A,-,N,,,,,,,,,,Y,1,2,4,2,A,-,12,21453,A,N,D,C,A,A,H,-,C,A,0,,,,,Y,Y,D,72,4,0,0,0,0,0,0,0,0,"- ","- ",36.342559999999999,-119.62345000000001,KINGS,HANFORD,-119.62347991,36.342570029999997
6292919,2017,2017-09-28,1600,2017-08-19,0526,135,AVL,6,5,3,1690,0,0,0,,0,0A1,"SAN JOAQUIN ST","2ND ST",0.00,,Y,A,-,N,,,,,,,,,,N,1,1,0,2,A,-,10,21950,A,N,G,B,B,A,H,-,C,D,0,Y,,,,Y,,A,07,0,0,0,1,0,0,0,0,0,"- ","- ",,,KINGS,AVENAL,-120.13617988,36.007210010000001
6363328,2014,2016-01-15,9440,2014-01-24,1921,18576,,5,2,9,1600,0,1,3,,1,198,"RT 198","2ND AV",5280.00,W,N,A,-,Y,KIN,6,198,-,-,27.310,H,-,W,Y,2,0,1,2,A,-,09,21801,A,N,D,C,A,A,H,-,D,D,0,,,,Y,Y,,G,27,1,0,0,0,0,0,0,0,0,"- ","- ",36.32817,-119.51138,KINGS,UNINCORPORATED,-119.49351622,36.328210869999999
6428234,2014,2016-03-24,9440,2014-03-23,1025,15975,,7,1,9,1600,0,1,3,,1,410,"RT 41","OMAHA AV",3556.00,N,N,A,-,Y,KIN,6,41,-,-,25.580,H,-,N,Y,2,0,3,1,A,-,08,22107,,N,F,A,A,A,H,-,A,D,0,,,,,Y,,A,01,1,2,0,0,0,0,0,0,0,"- ","- ",36.103610000000003,-119.90464,KINGS,UNINCORPORATED,-119.90530201,36.102363199999999
6471228,2014,2014-07-29,1602,2014-04-13,1017,1458,12,7,5,4,1602,0,0,0,,0,001,"13TH AV","LACEY BL",0.00,,N,A,-,N,,,,,,,,,,Y,2,0,1,1,A,-,03,22350,,N,E,I,A,A,H,-,A,D,0,,,Y,,Y,,C,02,1,0,0,0,0,0,0,0,1,"- ","- ",,,KINGS,HANFORD,-119.69098993999999,36.32807004
6487248,2014,2014-07-31,9440,2014-05-23,1530,16585,,5,2,9,1600,0,2,4,,1,051,"WHITLEY AV","10TH AV",2640.00,E,N,A,-,N,,,,,,,,,,Y,2,0,8,1,A,-,05,21460,A,N,E,I,A,A,H,-,A,D,0,,,,,Y,,M,58,2,4,2,0,0,0,0,0,0,"- ","- ",36.098100000000002,-119.6447,KINGS,UNINCORPORATED,-119.63526087,36.09796
6498408,2014,2016-04-13,9440,2014-04-25,1912,16585,,5,2,9,1600,0,1,3,,1,410,"RT 41","QUAIL AV",528.00,N,N,B,-,Y,KIN,6,41,-,-,20.180,H,-,S,Y,2,0,3,2,A,-,05,21460,C,N,A,C,A,A,H,-,A,D,0,,,,,Y,,A,07,1,0,2,0,0,0,0,0,0,"- ","- ",36.036099999999998,-119.9593,KINGS,UNINCORPORATED,-119.95844185,36.03776251
6504096,2014,2014-07-28,9440,2014-05-16,0002,018566,,5,3,4,1602,0,2,4,,1,050,"KANSAS AV","10TH ST",528.00,E,N,A,-,N,,,,,,,,,,N,2,0,1,2,A,-,11,21956,A,F,G,B,D,A,H,-,D,D,0,Y,,,,Y,Y,N,60,1,0,0,0,1,0,0,0,0,"- ","- ",36.21123,-119.63433000000001,KINGS,HANFORD,-119.63516171000001,36.211287300000002
6505738,2014,2014-08-01,9440,2014-05-16,1450,12806,,5,2,9,1600,0,2,4,,1,040,"AVENAL CUTOFF RD","30TH AV",9504.00,N,N,A,-,N,,,,,,,,,,Y,2,0,2,2,A,-,05,21650,,N,A,C,A,A,H,-,A,D,0,,,,,Y,,A,01,2,0,0,0,0,0,0,0,0,"- ","- ",36.161720000000003,-119.98071,KINGS,UNINCORPORATED,-119.98086336,36.161672420000002
6514785,2014,2014-08-09,9440,2014-05-28,1410,012806,,3,2,9,1600,0,3,5,,2,010,"5 1/2 AV","BENICIA AV",52.00,N,N,A,-,N,,,,,,,,,,Y,2,0,1,2,A,-,01,23152,A,F,A,C,A,A,H,-,A,A,0,,,Y,,Y,Y,C,02,1,0,0,0,0,0,0,0,1,"- ","- ",36.481470000000002,-119.55727,KINGS,UNINCORPORATED,-119.5573175,36.481514480000001
6582675,2014,2014-08-12,9440,2014-06-27,2340,018566,,5,3,9,1600,0,3,5,,2,020,"FLINT AV","13TH AV",1584.00,W,N,A,-,N,,,,,,,,,,Y,2,0,2,1,A,-,01,23152,A,N,F,A,A,A,H,-,D,D,0,,,,,Y,Y,A,07,1,1,0,0,0,0,0,0,0,"- ","- ",36.371699999999997,-119.69705999999999,KINGS,UNINCORPORATED,-119.69640626,36.371661949999996
6592276,2014,2014-09-02,1602,2014-07-28,1300,1452,39,1,5,4,1602,0,0,0,,0,001,"LACEY BL","GARNER AV",0.00,,Y,A,-,N,,,,,,,,,,N,2,0,1,2,A,-,08,22107,,M,C,G,A,A,H,-,A,D,0,,Y,,,Y,,A,01,1,0,0,0,0,0,1,0,0,"- ","- ",,,KINGS,HANFORD,-119.65920988000001,36.328050009999998
6606221,2014,2014-10-06,9495,2014-03-17,1710,16774,,1,2,9,1600,0,1,1,,2,004,"RT 5","AVENAL CUTOFF",3168.00,S,N,A,-,Y,KIN,6,5,-,-,25.930,H,-,S,Y,1,2,3,3,B,-,22,,,N,F,A,A,A,H,-,A,D,1,,,,Y,Y,,A,07,1,0,2,0,0,0,0,0,0,"- ","- ",36.06729,-120.08641,KINGS,UNINCORPORATED,-120.08760285,36.067888349999997
6634569,2014,2014-09-26,9440,2014-08-16,2340,18994,,6,3,9,1600,0,3,5,,2,010,"DAVID ST","CURTIS ST",137.00,N,N,A,-,N,,,,,,,,,,N,2,0,1,1,A,-,21,22106,,N,H,A,A,A,H,-,C,D,0,,,,,Y,,A,01,1,0,0,0,0,0,0,0,0,"- ","- ",36.325879999999998,-119.61046,KINGS,UNINCORPORATED,-119.61046,36.325696030000003
6669056,2014,2014-12-15,9495,2014-10-04,0245,19834,,6,3,9,1600,0,1,1,,2,004,"RT 5","AVENAL CUTOFF RD",5808.00,S,N,A,-,Y,,,,,,,,,,Y,2,0,3,1,A,-,08,22107,,N,E,I,A,A,H,-,D,D,0,,,,,Y,,A,01,1,2,0,0,0,0,0,0,0,"- ","- ",36.064210000000003,-120.08074000000001,KINGS,UNINCORPORATED,-120.08094534999999,36.063897040000001
6675235,2014,2014-12-03,9440,2014-10-21,1605,015975,,2,2,9,1600,0,1,3,,1,410,"RT 41","FREMONT AV",0.00,,Y,A,-,Y,,,41,,,,,,,Y,2,0,8,2,A,-,09,21802,A,N,D,C,A,A,H,-,A,A,0,,,,,Y,,D,22,1,2,5,0,0,0,0,0,0,"- ","- ",36.365749999999998,-119.81009,KINGS,UNINCORPORATED,-119.81028379,36.365737940000002
6718362,2015,2015-03-20,9495,2015-01-16,1440,19846,,5,2,9,1600,0,1,1,,2,004,"RT 5","CALIFORNIA AQUEDUCT",199.00,N,N,B,-,Y,KIN,6,5,-,-,14.990,H,-,N,Y,1,1,1,2,A,-,08,22107,,N,A,D,A,A,H,-,A,D,1,,,,Y,Y,,G,25,1,0,0,0,0,0,0,0,0,"- ","- ",35.965069999999997,-119.94365000000001,KINGS,UNINCORPORATED,-119.94191377999999,35.963939680000003
6718366,2015,2015-03-19,9495,2015-01-31,1410,19453,,6,2,9,1600,0,1,1,,2,004,"RT 5","UTICA AV",12144.00,S,N,A,-,Y,KIN,6,5,-,-,10.040,H,-,S,Y,1,1,1,1,A,-,08,22107,,N,F,A,A,A,H,-,A,D,1,,,,,Y,,A,01,1,0,0,0,0,0,0,0,0,"- ","- ",35.908450000000002,-119.88544,KINGS,UNINCORPORATED,-119.88567483999999,35.908545340000003
6718612,2017,2019-04-08,1602,2017-12-25,2048,1433,66,1,5,4,1602,0,0,0,,0,003,"S 11TH AV",HUME,0.00,,Y,A,-,N,,,,,,,,,,Y,1,1,6,2,A,-,12,21453,A,F,D,C,A,A,H,-,C,A,0,,,,,Y,Y,A,07,4,1,1,0,0,0,0,0,0,"- ","- ",36.305579999999999,-119.65501999999999,KINGS,HANFORD,-119.65491996,36.305580050000003
6740057,2015,2015-05-16,1603,2015-03-06,2108,1394,LK2,5,5,3,1603,0,0,0,,0,0L2,"BEVERLY DR","E SPRING LN",17.00,N,N,A,-,N,,,,,,,,,,Y,1,1,0,2,A,-,03,22350,,N,E,I,A,A,H,-,C,D,0,,,Y,,Y,,C,02,0,0,0,0,0,0,0,1,0,"- ","- ",,,KINGS,LEMOORE,-119.77745,36.314556670000002
6744737,2014,2015-01-22,9440,2014-11-19,1235,16585,,3,1,9,1600,0,1,3,,1,430,"RT 43","FLINT AV",0.00,,Y,B,C,Y,,,43,,,,,,,Y,2,0,3,2,A,-,12,21453,A,N,D,C,A,B,H,-,A,A,0,,,,,Y,,A,08,1,1,1,0,0,0,0,0,0,"- ","- ",36.371899999999997,-119.63697000000001,KINGS,UNINCORPORATED,-119.63704026000001,36.371896210000003
6752602,2014,2015-02-05,1602,2014-12-22,1755,1464,40,1,5,4,1602,0,0,0,,0,001,"WEST LACEY BL","PARK DR",36.00,W,N,A,-,N,,,,,,,,,,N,2,0,1,2,A,-,11,21954,A,N,G,B,D,A,G,-,C,D,0,Y,,,,Y,Y,A,01,1,0,0,0,1,0,0,0,0,"- ","- ",36.328180000000003,-119.65293,KINGS,HANFORD,-119.65292212,36.328020000000002
6790083,2015,2016-10-19,9495,2015-01-05,0455,19647,,1,3,9,1600,0,1,1,,2,004,"RT 5","RT 41",6864.00,N,N,A,-,Y,KIN,6,5,-,-,18.060,H,-,N,Y,2,0,1,1,A,-,08,22107,,N,E,I,A,A,H,-,D,D,1,,,,,Y,,A,07,1,0,0,0,0,0,0,0,0,"- ","- ",35.997120000000002,-119.97490999999999,KINGS,UNINCORPORATED,-119.97638454,35.998602269999999
6839532,2015,2015-03-13,1602,2015-02-21,1322,1447,61,6,5,4,1602,0,0,0,,0,003,"NICOLE AV","PASTEUR ST",0.00,,Y,A,-,N,,,,,,,,,,N,2,0,1,2,A,-,11,21954,A,N,G,B,E,A,H,-,A,D,0,Y,,,,Y,,N,60,1,0,0,0,1,0,0,0,0,"- ","- ",36.321170000000002,-119.66842,KINGS,HANFORD,-119.65557986,36.30994003
6854076,2015,2015-03-23,9440,2015-02-23,0343,16961,,1,3,9,1600,0,2,4,,1,069,"18TH AV","KANSAS AV",0.00,,Y,B,-,N,,,,,,,,,,Y,1,1,4,2,A,-,12,22450,A,N,D,C,A,A,H,-,C,A,0,,,,,Y,,A,01,1,0,3,0,0,0,0,0,0,"- ","- ",36.211080000000003,-119.78014,KINGS,UNINCORPORATED,-119.78022996999999,36.211320059999998
6854759,2015,2015-07-22,9440,2015-06-15,0956,16934,,1,1,4,1602,0,1,3,,1,198,"RT 198","11TH AV",206.00,W,N,A,-,Y,KIN,6,198,-,R,17.750,R,1,E,Y,1,1,1,4,A,-,03,22350,,N,C,C,A,A,H,-,A,D,1,,,,,Y,,A,08,0,1,0,0,0,0,0,0,0,TO,"- ",36.320889999999999,-119.65594,KINGS,HANFORD,-119.65804464999999,36.320852000000002
6856523,2015,2015-03-27,1603,2015-03-06,0758,1162,LG3,5,5,3,1603,0,0,0,,0,0L3,"E BUSH ST","E D ST",0.00,,Y,A,-,N,,,,,,,,,,Y,2,0,2,2,A,-,09,21802,A,N,D,C,A,A,H,-,A,A,0,,,,,Y,,A,07,1,0,1,0,0,0,0,0,0,"- ","- ",,,KINGS,LEMOORE,-119.76888,36.300180009999998
6858783,2015,2016-10-28,9440,2015-03-08,1728,015399,,7,2,9,1600,0,2,4,,1,042,"FREMONT AV","RT 41",2.00,W,N,A,-,Y,KIN,6,41,-,R,45.769,I,6,S,Y,2,0,4,2,A,-,09,21802,A,N,D,C,A,A,H,-,A,A,5,,,,,Y,,A,01,1,2,1,0,0,0,0,0,0,"- ","- ",36.365769999999998,-119.81045,KINGS,UNINCORPORATED,-119.81029021000001,36.365863709999999
6859223,2014,2016-05-11,1601,2014-08-28,1810,101,3,4,5,3,1601,0,0,0,,0,00N,"ORANGE AV","RT 43",86.00,W,N,A,-,Y,KIN,6,43,-,-,2.640,I,6,S,N,2,0,1,1,A,-,08,22107,,N,H,A,A,A,H,-,A,D,0,,,Y,,Y,,C,03,1,0,0,0,0,0,0,0,1,"- ","- ",,,KINGS,CORCORAN,-119.56026029,36.109286900000001
6859227,2014,2015-04-21,1601,2014-08-26,1700,9,15,2,5,3,1601,0,0,0,,0,00S,"CANAL BANK","KINGS AV",0.00,,-,A,-,N,,,,,,,,,,N,2,0,1,1,A,-,03,22350,,N,H,A,A,A,B,G,A,D,0,,,Y,,Y,,C,06,1,0,0,0,0,0,0,0,1,"- ","- ",,,KINGS,CORCORAN,,
6863387,2015,2015-04-06,1603,2015-01-30,1404,1162,LA4,5,5,3,1603,0,0,0,,0,0L3,"CYPRESS LN","NORTH 19TH AV",21.00,E,N,A,-,N,,,,,,,,,,N,2,0,1,2,C,-,18,,,N,A,E,A,A,H,-,A,D,0,,,,,Y,,-,"- ",1,0,0,0,0,0,0,0,0,"- ","- ",,,KINGS,LEMOORE,-119.79870879000001,36.299710640000001
6910826,2015,2015-05-18,1603,2015-04-04,1658,1162,LD1,6,5,3,1603,0,0,0,,0,0L1,"FOX ST","W HANFORD ARMONA RD",726.00,S,N,A,-,N,,,,,,,,,,Y,2,0,3,1,A,-,08,22107,,N,E,I,A,A,H,-,A,D,0,,,,,Y,,A,07,1,2,0,0,0,0,0,0,0,"- ","- ",,,KINGS,LEMOORE,-119.78552397999999,36.311472139999999
6963256,2015,2015-07-10,1602,2015-06-07,1549,1461,54,7,5,4,1602,0,0,0,,0,003,"S 11TH AV","DAVIS ST",12.00,N,N,A,-,N,,,,,,,,,,Y,2,0,1,2,A,-,12,21453,A,N,D,G,A,A,H,-,A,A,0,,Y,,,Y,,L,04,1,0,0,0,0,0,1,0,0,"- ","- ",36.318040000000003,-119.65521,KINGS,HANFORD,-119.65510999999999,36.317762940000001
6964101,2015,2016-11-05,9495,2015-06-08,2200,19733,,1,3,9,1600,0,1,1,,2,004,"RT 5","QUEBEC AV",2112.00,S,N,A,-,Y,KIN,6,5,-,-,23.880,H,-,N,Y,2,0,1,1,A,-,01,23152,A,N,E,I,A,A,H,-,D,D,1,,,,,Y,Y,D,22,1,0,0,0,0,0,0,0,0,"- ","- ",36.04569,-120.05001,KINGS,UNINCORPORATED,-120.05790716999999,36.05036527
6995244,2015,2015-08-04,1600,2015-06-17,1920,130,KINGS,3,5,3,1690,0,0,0,,0,0A1,"N 5TH AV","MERCED ST",0.00,,Y,A,-,N,,,,,,,,,,Y,2,0,1,2,A,-,09,21802,A,N,D,C,A,A,H,-,B,A,0,,,,,Y,,-,,1,0,0,0,0,0,0,0,0,"- ","- ",,,KINGS,AVENAL,-120.13128988,36.00544009
7006368,2015,2015-12-21,9440,2015-02-26,0550,12806,,4,3,9,1600,0,3,5,,2,030,"19TH AV","LAUREL AV",0.00,,Y,A,-,N,,,,,,,,,,Y,1,3,1,2,A,-,12,22450,A,N,D,C,A,A,H,-,D,A,0,,,,,Y,,A,01,0,0,1,0,0,0,0,0,0,"- ","- ",36.189419999999998,-119.79821,KINGS,UNINCORPORATED,-119.79819995,36.189510069999997
7006724,2015,2015-12-30,1603,2015-11-11,1744,1354,LA1,3,5,3,1603,0,0,0,,0,0L3,"WEST BUSH ST","HEINLEN ST",0.00,,Y,A,-,N,,,,,,,,,,N,1,1,0,2,A,-,10,21950,A,N,G,B,B,A,H,-,C,D,0,Y,,,,Y,,A,01,0,0,0,1,0,0,0,0,0,"- ","- ",,,KINGS,LEMOORE,-119.78408999,36.29828002
7049714,2015,2015-09-15,1602,2015-08-24,2229,1433,56,1,5,4,1602,0,0,0,,0,004,"HIGHLAND AV","HIGHLAND AV 146",0.00,,-,A,-,N,,,,,,,,,,N,2,0,2,3,A,-,08,22107,,F,A,G,A,A,H,-,C,D,0,,Y,,,Y,Y,A,07,1,1,0,0,0,0,2,0,0,"- ","- ",,,KINGS,HANFORD,-119.64658319999999,36.310546049999999
7052086,2015,2015-09-18,1603,2015-08-25,1730,691,LC1,2,5,3,1603,0,0,0,,0,0L1,"FOX ST","WEST CINNAMON DR",506.00,N,N,A,-,N,,,,,,,,,,Y,2,0,1,1,A,-,05,21650,,N,E,I,A,A,H,-,A,D,0,,,,,Y,,A,01,1,0,0,0,0,0,0,0,0,"- ","- ",,,KINGS,LEMOORE,-119.78833202,36.30740539
7058377,2015,2015-10-12,1600,2015-08-16,2334,128,KINGS,7,5,3,1690,0,0,0,,0,,"THIRD AV","MARIPOSA ST",5.00,W,N,A,-,N,,,,,,,,,,Y,2,0,1,3,A,-,08,22107,,N,C,E,A,A,H,-,C,D,0,,,,,Y,,-,,1,0,0,0,0,0,0,0,0,"- ","- ",,,KINGS,AVENAL,-120.13454,36.009010000000004
7112512,2015,2015-11-06,1602,2015-10-16,2209,1477,31,5,5,4,1602,0,0,0,,0,001,"N FITZGERALD LN","GRANGEVILLE BL",0.00,,Y,A,-,N,,,,,,,,,,Y,2,0,4,2,A,-,01,23152,A,N,D,D,A,A,H,-,C,A,0,,,,,Y,,A,01,1,1,2,0,0,0,0,0,0,"- ","- ",36.342640000000003,-119.66077,KINGS,HANFORD,-119.66978987,36.342640039999999
8179586,2016,2017-01-11,1602,2016-11-20,0840,1474,40,7,5,4,1602,0,0,0,,0,001,"CENTER ST","REDINGTON ST",0.00,,Y,A,-,N,,,,,,,,,,Y,2,0,2,2,A,-,08,22107,A,F,A,C,A,A,H,-,A,D,0,,,,,Y,,D,72,1,0,1,0,0,0,0,0,0,"- ","- ",36.330100000000002,-119.64931,KINGS,HANFORD,-119.64933992,36.33007001
8312015,2016,2017-03-07,1603,2016-11-25,0842,1815,LO5,5,5,3,1603,0,0,0,,0,0L3,"RT 41","RT 198",0.00,,Y,E,-,Y,KIN,6,41,-,R,40.125,I,5,N,Y,2,0,3,2,A,-,09,21802,A,N,D,C,A,A,H,-,A,D,0,,,,,Y,,D,22,1,1,1,0,0,0,0,0,0,"- ","- ",,,KINGS,LEMOORE,-119.80791313,36.284742700000002
8342683,2017,2017-05-11,1602,2017-04-03,0719,1421,35,1,5,4,1602,0,0,0,,0,002,"E GRANGEVILLE BL","BROWN ST",5.00,W,N,A,-,N,,,,,,,,,,N,2,0,2,3,A,-,10,21950,A,N,G,B,B,A,H,-,A,A,0,Y,,,,Y,,E,72,1,1,0,0,2,0,0,0,0,"- ","- ",36.342680000000001,-119.64272,KINGS,HANFORD,-119.64272696,36.342680350000002
8423528,2017,2018-05-09,1602,2017-07-20,2347,1482,35,4,5,4,1602,0,0,0,,0,002,"E GRANGEVILLE BL","KENSINGTON WY",237.00,W,N,A,-,N,,,,,,,,,,N,2,0,1,2,A,-,03,22350,,N,C,G,A,A,H,-,C,D,0,,Y,,,Y,,A,01,1,0,0,0,0,0,1,0,0,"- ","- ",36.342680000000001,-119.64272,KINGS,HANFORD,-119.6422841,36.342680000000001
8433728,2017,2017-08-25,1602,2017-08-03,2241,1482,24,4,5,4,1602,0,0,0,,0,001,"WEST GRANGEVILLE BL","RODGERS RD",0.00,,Y,A,-,N,,,,,,,,,,Y,2,0,4,2,A,-,01,23153,,N,D,C,A,A,H,-,C,A,0,,,,,Y,Y,A,01,1,1,2,0,0,0,0,0,0,"- ","- ",36.342669999999998,-119.65955,KINGS,HANFORD,-119.65953996,36.342670050000002
8437491,2017,2017-09-22,1602,2017-09-10,1615,1486,54,7,5,4,1602,0,0,0,,0,003,"S 11TH AV",TEMPE,714.00,S,N,A,-,N,,,,,,,,,,Y,2,0,1,2,A,-,01,23152,A,F,G,G,A,A,H,-,A,D,0,,Y,,,Y,Y,A,07,1,0,0,0,0,0,1,0,0,"- ","- ",36.313429999999997,-119.65508,KINGS,HANFORD,-119.65507507,36.31025021
8452698,2017,2017-09-19,1600,2017-08-08,2338,130,AVL,2,5,3,1690,0,0,0,,0,0A1,"AVENAL CUTOFF RD","PLYMOUTH AV",253.00,E,N,A,-,N,,,,,,,,,,Y,2,0,1,1,A,-,08,22107,,N,F,J,A,A,H,-,D,D,0,,,,,Y,,-,,1,0,0,0,0,0,0,0,0,"- ","- ",,,KINGS,AVENAL,-120.09239613,36.074403060000002
8453856,2017,2017-10-16,1602,2017-08-15,0605,1487,8,2,5,4,1602,0,0,0,,0,001,"W FARGO AV","EDISON LIGHT POLE 4696636E",0.00,,Y,A,-,N,,,,,,,,,,Y,2,0,1,1,A,-,03,22350,,N,E,I,A,A,H,-,A,D,0,,,Y,,Y,,C,02,1,0,0,0,0,0,0,0,1,"- ","- ",36.327449999999999,-119.64568,KINGS,HANFORD,,