CASE_ID,ACCIDENT_YEAR,PROC_DATE,JURIS,COLLISION_DATE,COLLISION_TIME,OFFICER_ID,REPORTING_DISTRICT,DAY_OF_WEEK,CHP_SHIFT,POPULATION,CNTY_CITY_LOC,SPECIAL_COND,BEAT_TYPE,CHP_BEAT_TYPE,CITY_DIVISION_LAPD,CHP_BEAT_CLASS,BEAT_NUMBER,PRIMARY_RD,SECONDARY_RD,DISTANCE,DIRECTION,INTERSECTION,WEATHER_1,WEATHER_2,STATE_HWY_IND,CALTRANS_COUNTY,CALTRANS_DISTRICT,STATE_ROUTE,ROUTE_SUFFIX,POSTMILE_PREFIX,POSTMILE,LOCATION_TYPE,RAMP_INTERSECTION,SIDE_OF_HWY,TOW_AWAY,COLLISION_SEVERITY,NUMBER_KILLED,NUMBER_INJURED,PARTY_COUNT,PRIMARY_COLL_FACTOR,PCF_CODE_OF_VIOL,PCF_VIOL_CATEGORY,PCF_VIOLATION,PCF_VIOL_SUBSECTION,HIT_AND_RUN,TYPE_OF_COLLISION,MVIW,PED_ACTION,ROAD_SURFACE,ROAD_COND_1,ROAD_COND_2,LIGHTING,CONTROL_DEVICE,CHP_ROAD_TYPE,PEDESTRIAN_ACCIDENT,BICYCLE_ACCIDENT,MOTORCYCLE_ACCIDENT,TRUCK_ACCIDENT,NOT_PRIVATE_PROPERTY,ALCOHOL_INVOLVED,STWD_VEHTYPE_AT_FAULT,CHP_VEHTYPE_AT_FAULT,COUNT_SEVERE_INJ,COUNT_VISIBLE_INJ,COUNT_COMPLAINT_PAIN,COUNT_PED_KILLED,COUNT_PED_INJURED,COUNT_BICYCLIST_KILLED,COUNT_BICYCLIST_INJURED,COUNT_MC_KILLED,COUNT_MC_INJURED,PRIMARY_RAMP,SECONDARY_RAMP,LATITUDE,LONGITUDE,COUNTY,CITY,POINT_X,POINT_Y
8469907,2017,2017-10-23,1602,2017-09-30,0106,1478,33,6,5,4,1602,0,0,0,,0,001,"W MALONE ST","W MALONE ST 419",0.00,,Y,A,-,N,,,,,,,,,,N,2,0,1,2,A,-,01,23152,A,N,G,B,F,A,H,-,D,D,0,Y,,,,Y,Y,A,01,1,0,0,0,1,0,0,0,0,"- ","- ",36.33858,-119.65206999999999,KINGS,HANFORD,-119.65189844,36.33901985
8474986,2017,2018-06-08,1602,2017-10-20,1934,1480,9,5,5,4,1602,0,0,0,,0,002,"N 11TH AV","W FARGO AV",0.00,,Y,A,-,N,,,,,,,,,,Y,2,0,2,2,A,-,12,21453,A,F,D,C,A,A,H,-,C,A,0,,,,,Y,,A,01,1,0,1,0,0,0,0,0,0,"- ","- ",36.342660000000002,-119.65510999999999,KINGS,HANFORD,-119.6550999,36.357250059999998
8496289,2017,2017-12-04,1602,2017-10-24,2024,1421,,2,5,4,1602,0,0,0,,0,,"KAY LN","KAY LN 11200",0.00,,Y,A,-,N,,,,,,,,,,Y,2,0,1,1,A,-,03,22350,,N,E,I,A,A,H,-,D,A,0,,,Y,,Y,Y,C,02,1,0,0,0,0,0,0,0,1,"- ","- ",36.30442,-119.65907,KINGS,HANFORD,-119.6588105,36.304309510000003
8510855,2017,2017-12-21,1602,2017-11-28,1735,1446,42,2,5,4,1602,0,0,0,,0,004,"N BROWN","IVY ST",16.00,N,N,A,-,N,,,,,,,,,,N,2,0,1,2,A,-,05,21650,1,N,A,G,A,A,H,-,D,D,0,,Y,,,Y,,L,04,1,0,0,0,0,0,1,0,0,"- ","- ",36.332180000000001,-119.64433,KINGS,HANFORD,-119.64272903,36.332203909999997
8520750,2017,2018-01-04,1602,2017-12-10,1657,1460,11,7,5,4,1602,0,0,0,,0,002,"N 10TH AV","E ENCORE DR",0.00,,Y,A,-,N,,,,,,,,,,Y,2,0,2,2,A,-,09,21802,A,N,D,C,A,A,H,-,C,A,0,,,,,Y,,D,72,1,1,0,0,0,0,0,0,0,"- ","- ",36.362389999999998,-119.63702000000001,KINGS,HANFORD,-119.63700987999999,36.362380109999997
8520754,2017,2018-01-03,1602,2017-11-18,0803,1433,42,6,5,4,1602,0,0,0,,0,004,"E 11TH ST","E 11TH ST 392",0.00,,N,A,-,N,,,,,,,,,,Y,2,0,1,3,A,-,01,23152,A,M,E,I,A,A,H,-,A,D,0,,,,,Y,Y,A,01,1,0,0,0,0,0,0,0,0,"- ","- ",36.331530000000001,-119.6413,KINGS,HANFORD,-119.64116423999999,36.331193069999998
8553768,2017,2018-05-09,1601,2017-09-13,0928,95,3,3,5,3,1601,0,0,0,,0,00N,"RT 43","5 1/2 AV",0.00,,Y,A,-,Y,KIN,6,43,-,-,2.820,I,5,S,Y,2,0,2,2,A,-,12,22450,A,N,D,C,A,A,H,-,A,D,0,,,,,Y,,A,08,1,0,1,0,0,0,0,0,0,"- ","- ",36.097999999999999,-119.54566,KINGS,CORCORAN,-119.5628851,36.110361959999999
8562120,2017,2018-03-09,1601,2017-09-29,2031,10,7A,5,5,3,1601,0,0,0,,0,00N,"WHITLEY AV","6 1/2 AV",660.00,E,N,A,-,N,,,,,,,,,,N,2,0,1,2,A,-,11,21954,A,N,G,B,D,A,H,-,C,D,0,Y,,,,Y,,N,60,1,0,0,0,1,0,0,0,0,"- ","- ",36.0989,-119.57980000000001,KINGS,CORCORAN,-119.57871900000001,36.09807
8590244,2018,2018-04-06,1603,2018-02-04,2249,1818,LI3,7,5,3,1603,0,0,0,,0,0L2,"DAPHNE LN","GENEVA DR",224.00,S,N,A,-,N,,,,,,,,,,Y,2,0,1,1,A,-,01,23152,A,N,E,I,A,A,D,-,C,D,0,,,,,Y,Y,D,22,1,0,0,0,0,0,0,0,0,"- ","- ",,,KINGS,LEMOORE,-119.76789093017578,36.306480407714844
8590435,2018,2018-04-06,1603,2018-02-06,1416,1812,LA4,2,5,3,1603,0,0,0,,0,0L3,"19 1/2 AV","WEST BUSH ST",206.00,N,N,A,-,N,,,,,,,,,,N,2,0,3,2,A,-,09,21804,A,N,D,C,A,A,H,-,A,D,0,,,,,Y,,A,01,1,2,0,0,0,0,0,0,0,"- ","- ",,,KINGS,LEMOORE,-119.81295013427734,36.296714782714844
8603609,2018,2018-05-08,1602,2018-04-11,1816,1460,26,3,5,4,1602,0,0,0,,0,002,"E TERRACE DR","MAYFAIR CT",0.00,,Y,A,-,N,,,,,,,,,,N,2,0,1,2,B,-,22,,,N,G,B,E,A,H,-,A,D,0,Y,,,,Y,,A,07,1,0,0,0,1,0,0,0,0,"- ","- ",36.340988159179688,-119.64337921142578,KINGS,HANFORD,-119.64251708984375,36.346759796142578
8649678,2018,2018-08-20,1603,2018-05-07,1459,1068,LG3,1,5,3,1603,0,0,0,,0,0L3,"E D ST","CANTERA DR",0.00,,Y,A,-,N,,,,,,,,,,Y,2,0,2,2,A,-,09,21802,A,N,D,C,A,A,H,-,A,D,0,,,,,Y,,A,01,1,1,0,0,0,0,0,0,0,"- ","- ",,,KINGS,LEMOORE,-119.77239227294922,36.302139282226562
8678493,2018,2018-10-08,1602,2018-08-14,0930,1421,42,2,5,4,1602,0,0,0,,0,004,"NORTH GREEN ST","9TH ST",133.00,S,N,A,-,N,,,,,,,,,,Y,2,0,1,3,A,-,01,23152,,N,A,E,A,A,H,-,A,A,0,,,,,Y,Y,A,01,1,0,0,0,0,0,0,0,0,"- ","- ",36.329139709472656,-119.64109039306641,KINGS,HANFORD,-119.64113616943359,36.328804016113281
8722145,2018,2018-10-30,1602,2018-10-10,0908,1465,27,3,5,4,1602,0,0,0,,0,002,"E GRANGEVILLE BL","BEULAH AV",0.00,,Y,A,-,N,,,,,,,,,,Y,2,0,1,1,A,-,03,22350,,F,G,B,A,A,H,-,A,D,0,,,,,Y,,D,22,1,0,0,0,0,0,0,0,0,"- ","- ",36.344478607177734,-119.63130187988281,KINGS,HANFORD,-119.6324462890625,36.342670440673828
8768157,2018,2019-01-25,1602,2018-12-04,1841,1465,45,2,5,4,1602,0,0,0,,0,001,"RT 198","12TH AV",0.00,,Y,A,-,Y,KIN,6,198,-,R,16.820,R,2,W,Y,2,0,1,1,A,-,01,23152,A,N,E,I,A,A,H,-,A,D,0,,,,,Y,Y,A,01,1,0,0,0,0,0,0,0,0,WO,"- ",36.319221496582031,-119.67108917236328,KINGS,HANFORD,-119.67443084716797,36.318443298339844
8782246,2018,2019-01-23,1603,2018-11-05,1541,1827,LZ4,1,5,3,1603,0,0,0,,0,0L1,"LIBERTY DR","W HANFORD ARMONA RD",0.00,,Y,A,-,N,,,,,,,,,,Y,2,0,2,2,A,-,10,21950,A,N,G,B,B,A,H,-,A,D,0,Y,,,,Y,,A,01,1,1,0,0,1,0,0,0,0,"- ","- ",,,KINGS,LEMOORE,-119.79424285888672,36.313400268554688
8793057,2019,2019-02-28,1602,2019-02-02,2201,1474,49,6,5,4,1602,0,0,0,,0,004,"S 10TH AV","6TH ST",42.00,N,N,C,-,N,,,,,,,,,,N,2,0,1,2,A,-,00,21350,,N,G,B,E,B,H,-,C,D,0,Y,,,,Y,Y,N,60,1,0,0,0,1,0,0,0,0,"- ","- ",,,KINGS,HANFORD,-119.63700866699219,36.326976776123047
8808493,2019,2019-09-10,1602,2019-08-29,1858,1494,43,4,5,4,1602,0,0,0,,0,004,"E LACEY BL","E LACEY BL 888",0.00,,N,A,-,N,,,,,,,,,,Y,1,1,0,2,A,-,01,23153,A,F,G,B,F,A,H,-,A,D,0,Y,,,,Y,Y,A,01,0,0,0,1,0,0,0,0,0,"- ","- ",36.328960418701172,-119.63349151611328,KINGS,HANFORD,-119.634097,36.328104000000003
8819494,2019,2019-07-23,1602,2019-02-19,1401,1465,57,2,5,4,1602,0,0,0,,0,004,"RT 198","9TH AV",0.00,,Y,A,-,Y,KIN,6,198,-,R,19.840,H,-,E,Y,2,0,1,2,A,-,08,22107,,N,C,C,A,A,H,-,A,D,0,,,,,Y,,D,22,1,0,0,0,0,0,0,0,0,"- ","- ",36.324470520019531,-119.6190185546875,KINGS,HANFORD,-119.62102508544922,36.324356079101562
8823617,2019,2019-04-02,1602,2019-02-24,2148,1494,40,7,5,4,1602,0,0,0,,0,001,"N 11TH AV","LACEY BL",0.00,,Y,A,-,N,,,,,,,,,,Y,2,0,1,2,B,-,22,,,N,D,D,A,A,H,-,C,A,0,,,Y,,Y,,-,"- ",1,0,0,0,0,0,0,0,1,"- ","- ",36.328128814697266,-119.65521240234375,KINGS,HANFORD,-119.65519714355469,36.328048706054688
8869457,2019,2019-06-06,1602,2019-05-09,1439,1465,43,4,5,4,1602,0,0,0,,0,004,"10TH AV","FLORINDA ST",0.00,,Y,A,-,N,,,,,,,,,,Y,2,0,3,2,A,-,12,21453,A,N,D,C,A,A,H,-,A,A,0,,,,,Y,,A,01,1,2,0,0,0,0,0,0,0,"- ","- ",36.334888458251953,-119.63701629638672,KINGS,HANFORD,-119.63703918457031,36.334918975830078
8940993,2019,2019-09-27,1602,2019-08-15,0736,1465,39,4,5,4,1602,0,0,0,,0,001,"GREENFIELD DR","CAMPUS DR",0.00,,Y,A,-,N,,,,,,,,,,N,2,0,1,2,A,-,10,21950,A,N,G,B,B,A,H,-,A,A,0,Y,,,,Y,,A,01,1,0,0,0,1,0,0,0,0,"- ","- ",36.335948944091797,-119.66326141357422,KINGS,HANFORD,-119.66323852539062,36.335990905761719
8959826,2019,2019-11-08,1602,2019-10-16,1954,1485,35,3,5,4,1602,0,0,0,,0,002,"GRANGEVILLE BL","BROWN ST",0.00,,Y,A,-,N,,,,,,,,,,N,2,0,1,2,A,-,00,21954,,N,G,B,D,A,H,-,C,D,0,Y,,,,Y,Y,N,60,1,0,0,0,1,0,0,0,0,"- ","- ",36.342681884765625,-119.64148712158203,KINGS,HANFORD,-119.64270782470703,36.342681884765625
8969370,2019,2019-11-18,1602,2019-09-17,0755,1425,17,2,5,4,1602,0,0,0,,0,002,"FAIRMONT DR","LELAND AV",0.00,,Y,A,-,N,,,,,,,,,,N,2,0,2,3,A,-,10,21950,A,N,G,B,B,A,H,-,A,D,0,Y,,,,Y,,A,07,1,1,0,0,2,0,0,0,0,"- ","- ",36.349910736083984,-119.63967132568359,KINGS,HANFORD,-119.63967895507812,36.349941253662109
8990999,2019,2020-01-16,1602,2019-11-20,1219,1465,43,3,5,4,1602,0,0,0,,0,004,"9 1/4 AV","HAWTHORN AV",0.00,,Y,A,-,N,,,,,,,,,,Y,2,0,2,2,A,-,09,21801,A,N,D,C,A,A,H,-,A,D,0,,,Y,,Y,,A,01,2,0,0,0,0,0,0,0,1,"- ","- ",36.328010559082031,-119.62344360351562,KINGS,HANFORD,-119.62348,36.329509999999999
90016912,2015,2015-10-19,9440,2015-08-28,2139,018566,,5,2,9,1600,0,2,4,,1,067,"14TH AVENUE","SCHOOL STREET",10.00,N,N,A,-,N,,,,,,,,,,Y,1,1,0,2,A,-,09,21802,A,N,H,G,A,A,H,-,C,A,0,,Y,,,Y,,L,04,0,0,0,0,0,1,0,0,0,"- ","- ",36.344990000000003,-119.709,KINGS,UNINCORPORATED,-119.709,36.344957450000003
90023351,2015,2015-10-19,9495,2015-09-06,0734,018096,,7,1,9,1600,0,1,1,,2,004,"INTERSTATE 5 SOUTHBOUND","25TH AVENUE",2640.00,S,N,A,-,Y,,,5,,,,,,S,Y,1,1,4,1,A,-,08,22107,,N,E,J,A,A,D,-,A,D,0,,,,,Y,,A,08,1,3,0,0,0,0,0,0,0,"- ","- ",35.952559999999998,-119.93080999999999,KINGS,UNINCORPORATED,-119.93076551,35.952605630000001
90023559,2015,2016-01-14,9440,2015-09-03,2110,018576,,4,2,9,1600,0,3,5,,2,010,"5TH AVENUE","KENT AVENUE",4752.00,N,N,A,-,N,,,,,,,,,,Y,1,1,1,1,A,-,08,22107,,N,E,I,A,A,H,-,D,D,0,,,,,Y,,A,07,0,1,0,0,0,0,0,0,0,"- ","- ",36.239930000000001,-119.54711,KINGS,UNINCORPORATED,-119.54715,36.239162780000001
90032268,2015,2015-10-19,9440,2015-10-13,0440,013492,,2,3,9,1600,0,2,4,,1,050,"KANSAS AVE","14TH AVE",6.00,W,N,A,-,N,,,,,,,,,,Y,2,0,1,2,A,-,12,22450,A,N,D,C,A,A,H,-,D,A,0,,,,Y,Y,,A,01,1,0,0,0,0,0,0,0,0,"- ","- ",36.211179999999999,-119.70864,KINGS,UNINCORPORATED,-119.70860032,36.2111199
90063539,2015,2015-12-02,9440,2015-11-24,1909,015399,,2,2,9,1600,0,2,4,,1,045,"GRANGEVILLE BLVD.","20 1/2 AVENUE",296.00,W,N,C,-,N,,,,,,,,,,Y,2,0,3,1,A,-,03,22350,,N,E,I,A,B,H,-,C,D,0,,,,,Y,,A,01,2,0,1,0,0,0,0,0,0,"- ","- ",36.344679999999997,-119.82653999999999,KINGS,UNINCORPORATED,-119.82611252,36.344039649999999
90064948,2015,2015-12-03,9440,2015-11-23,0935,014363,,1,1,9,1600,0,3,5,,2,010,"5 1/2  AVENUE","NEVADA AVENUE",4224.00,S,N,A,-,N,,,,,,,,,,Y,2,0,1,1,A,-,08,22107,,N,E,I,A,A,H,-,A,D,0,,,,,Y,,A,01,1,0,0,0,0,0,0,0,0,"- ","- ",36.127279999999999,-119.56322,KINGS,UNINCORPORATED,-119.56329167,36.126396190000001
90071413,2015,2015-12-11,9440,2015-11-30,2500,013492,,1,4,9,1600,0,3,5,,2,010,"PRIVATE CANAL ROAD","RACINE AVE",2640.00,S,N,A,-,N,,,,,,,,,,N,1,1,0,1,B,-,22,,,N,E,I,A,A,H,-,A,D,0,,,Y,,Y,,C,06,0,0,0,0,0,0,0,1,0,"- ","- ",35.999749999999999,-119.58976,KINGS,UNINCORPORATED,-119.58975311,35.999749100000002
90071524,2015,2015-12-11,9440,2015-11-28,1734,018576,,6,2,9,1600,0,2,4,,1,060,"2ND AVENUE","HOUSTON AVENUE",0.00,,Y,A,-,N,,,,,,,,,,Y,2,0,3,2,A,-,09,21802,A,N,D,C,A,A,H,-,D,A,0,,,,,Y,,A,01,2,0,1,0,0,0,0,0,0,"- ","- ",36.297899999999998,-119.49248,KINGS,UNINCORPORATED,-119.49211993999999,36.297780000000003
90082834,2015,2016-01-15,9440,2015-12-16,1905,018566,,3,2,9,1600,0,3,5,,2,030,"UTICA AVENUE","20 1/2 AVENUE",21120.00,E,N,A,-,N,,,,,,,,,,N,2,0,1,1,C,-,18,,,N,H,A,A,A,H,-,D,D,0,,,,,Y,,-,"- ",1,0,0,0,0,0,0,0,0,"- ","- ",35.933990000000001,-119.76111,KINGS,UNINCORPORATED,-119.75421006000001,35.933971829999997
90098210,2015,2016-01-19,9495,2015-11-03,0517,019453,,2,3,9,1600,0,1,3,,1,007,"STATE ROUTE 33","UTICA AVENUE",10560.00,S,N,B,-,Y,,,33,,,,,,,Y,1,1,6,2,A,-,08,22107,,N,B,C,A,A,H,-,D,D,0,,,,,Y,,A,01,0,0,6,0,0,0,0,0,0,"- ","- ",35.905999999999999,-120.06010000000001,KINGS,UNINCORPORATED,-120.06011006999999,35.905991489999998
90098522,2016,2016-01-20,9440,2016-01-13,0332,012806,,3,3,9,1600,0,1,3,,1,198,"STATE ROUTE 198 (EASTBOUND)","HANFORD ARMONA ROAD",192.00,W,N,B,-,Y,,,198,,,,,,,Y,2,0,1,1,A,-,08,22107,,N,E,I,A,A,D,E,D,A,0,,,,,Y,,A,01,1,0,0,0,0,0,0,0,0,"- ","- ",36.313720000000004,-119.69244999999999,KINGS,UNINCORPORATED,-119.69256712000001,36.314089330000002
90135899,2016,2016-03-14,9440,2016-03-04,1834,018994,,5,2,9,1600,0,1,3,,1,198,"STATE ROUTE 198 W/B","19TH AVE",2112.00,E,N,A,-,Y,,,,,,,,,,Y,2,0,1,2,A,-,01,23152,A,N,B,C,A,A,H,-,C,D,0,,,,,Y,Y,A,07,1,0,0,0,0,0,0,0,0,"- ","- ",36.288989999999998,-119.79295999999999,KINGS,UNINCORPORATED,-119.79258822,36.289098010000004
90146271,2016,2016-04-18,9440,2016-02-29,1043,014363,,1,1,9,1600,0,3,5,,2,030,"21ST AVENUE","FREMONT AVENUE",0.00,,Y,A,-,N,,,,,,,,,,Y,1,1,2,2,A,-,12,22450,A,N,D,C,A,A,H,-,A,A,0,,,,,Y,,A,07,0,1,1,0,0,0,0,0,0,"- ","- ",36.365810000000003,-119.83408,KINGS,UNINCORPORATED,-119.83402991,36.365800020000002
90150004,2016,2016-04-04,9440,2016-03-25,0758,014363,,5,1,9,1600,0,3,5,,2,010,"BOSTON AVENUE","5 1/2 AVENUE",342.00,W,N,A,-,N,,,,,,,,,,Y,2,0,1,2,A,-,03,22350,,N,C,C,A,A,H,-,A,D,0,,,,,Y,,D,22,1,0,0,0,0,0,0,0,0,"- ","- ",36.488779999999998,-119.55839,KINGS,UNINCORPORATED,-119.55835034,36.488834519999997
90153800,2016,2016-04-08,9440,2016-01-28,1750,018994,,4,2,9,1600,0,1,3,,1,430,"STATE ROUTE 43 (CENTRAL VALLEY HIGHWAY)","IDAHO AVENUE",0.00,,Y,A,-,Y,,,43,,,,,,,Y,1,1,3,3,A,-,12,22450,A,F,D,C,A,A,H,-,D,A,0,,,,,Y,,-,99,3,0,0,0,0,0,0,0,0,"- ","- ",36.269590000000001,-119.60063,KINGS,UNINCORPORATED,-119.60069922,36.269589709999998
90154812,2016,2016-04-11,9440,2016-03-19,0100,018566,,6,3,9,1600,0,3,5,,2,030,"JERSEY AVENUE","21ST AVENUE",0.00,,Y,A,-,N,,,,,,,,,,Y,2,0,1,1,A,-,01,23152,A,N,E,I,A,A,H,-,D,A,0,,,,,Y,Y,D,22,1,0,0,0,0,0,0,0,0,"- ","- ",36.24051,-119.83481,KINGS,UNINCORPORATED,-119.83433995,36.240660079999998
90159691,2016,2016-04-18,9440,2016-03-09,1248,014363,,3,1,9,1600,0,2,4,,1,069,"18TH AVENUE","KANSAS AVENUE",0.00,,Y,A,-,N,,,,,,,,,,Y,1,1,1,2,A,-,12,22450,A,N,D,C,A,A,H,-,A,A,0,,,,Y,Y,,A,01,1,0,0,0,0,0,0,0,0,"- ","- ",36.211350000000003,-119.78025,KINGS,UNINCORPORATED,-119.78022996999999,36.211320059999998
90163269,2016,2016-04-22,9440,2016-04-09,1825,018202,,6,2,9,1600,0,2,4,,1,064,"11TH AVE","KANSAS AVE",0.00,,Y,B,-,N,,,,,,,,,,Y,2,0,3,2,A,-,01,23152,A,N,A,C,A,A,H,-,A,A,0,,,,,Y,Y,A,01,1,1,1,0,0,0,0,0,0,"- ","- ",36.21114,-119.65519,KINGS,UNINCORPORATED,-119.65489992000001,36.211170029999998
90179869,2016,2016-05-16,9440,2016-04-30,2120,019199,,6,2,9,1600,0,2,4,,1,049,"JACKSON AVE","AVENAL CUTOFF RD",36.00,E,N,A,-,N,,,,,,,,,,Y,2,0,1,1,A,-,08,22107,,N,E,I,A,A,H,-,C,D,0,,,,,Y,,A,01,1,0,0,0,0,0,0,0,0,"- ","- ",36.254060000000003,-119.86927,KINGS,UNINCORPORATED,-119.86939828,36.254106960000001
90181594,2016,2016-05-17,9440,2016-05-10,2215,014567,,2,3,9,1600,0,3,5,,2,010,"NEVADA AVE.",SR-43,2640.00,W,N,A,-,N,,,,,,,,,,Y,2,0,1,1,A,-,08,22107,,N,F,A,A,A,A,-,D,D,0,,,,,Y,,D,22,1,0,0,0,0,0,0,0,0,"- ","- ",36.137979999999999,-119.59542,KINGS,UNINCORPORATED,-119.59399313999999,36.137892340000001
90191300,2016,2016-05-31,9440,2016-05-27,0430,016585,,5,3,9,1600,0,2,4,,1,068,"17TH AVE","KENT AVE",2112.00,S,N,A,-,N,,,,,,,,,,Y,2,0,4,1,A,-,08,22107,,F,F,A,A,A,H,-,D,D,0,,,,,Y,,A,01,2,0,2,0,0,0,0,0,0,"- ","- ",36.219000000000001,-119.7625,KINGS,UNINCORPORATED,-119.76238409,36.219902439999998
90191348,2016,2016-05-31,9440,2016-05-12,1300,016961,,4,1,9,1600,0,3,5,,2,030,"LAUREL AVE","22ND AVE",5808.00,W,N,A,-,N,,,,,,,,,,Y,1,1,0,1,A,-,08,22107,,N,F,A,A,A,H,-,A,D,0,,,,,Y,,A,01,0,0,0,0,0,0,0,0,0,"- ","- ",36.189100000000003,-119.851,KINGS,UNINCORPORATED,-119.87115978999999,36.189450020000002
90196753,2016,2016-06-08,9440,2016-05-31,1250,013492,,2,1,9,1600,0,2,4,,1,041,"EXCELSIOR AVENUE","11TH AVE",1598.00,E,N,A,-,N,,,,,,,,,,Y,1,1,0,1,A,-,08,22107,,N,E,I,A,A,H,-,A,D,0,,,,,Y,,A,01,0,0,0,0,0,0,0,0,0,"- ","- ",36.401150000000001,-119.6485,KINGS,UNINCORPORATED,-119.64954435,36.401144979999998
90216034,2016,2016-11-15,9440,2016-05-25,1422,016961,,3,2,9,1600,0,3,5,,2,020,"15TH AVE","LACEY BLVD",0.00,,Y,A,-,N,,,,,,,,,,Y,1,1,2,2,A,-,12,22450,A,N,D,C,A,A,H,-,A,A,0,,,,,Y,,A,01,0,1,1,0,0,0,0,0,0,"- ","- ",36.328000000000003,-119.727,KINGS,UNINCORPORATED,-119.72687999,36.328060039999997
90217225,2016,2016-07-06,9440,2016-06-25,1023,016585,,6,1,9,1600,0,1,3,,1,430,SR-43,"JACKSON AVE",89.00,N,N,A,-,Y,,,43,,,,,,,Y,2,0,2,4,A,-,01,23152,A,N,C,C,A,A,H,-,A,D,0,,,,Y,Y,Y,A,01,1,0,1,0,0,0,0,0,0,"- ","- ",36.254899999999999,-119.60080000000001,KINGS,UNINCORPORATED,-119.60073269,36.254897819999996
90221866,2016,2016-07-13,9495,2016-06-29,1620,019111,,3,2,9,1600,0,1,1,,2,004,"INTERSTATE 5 (S/B)","WATERLOO AVENUE",12672.00,N,N,A,-,Y,,,,,,,,,,Y,2,0,3,4,A,-,08,22107,,N,D,C,A,A,H,-,A,D,0,,,,Y,Y,,A,01,2,0,1,0,0,0,0,0,0,"- ","- ",35.929830000000003,-119.89279999999999,KINGS,UNINCORPORATED,,
90229181,2016,2016-08-05,9495,2016-06-29,0600,019082,,3,1,9,1600,0,1,3,,1,010,"STATE ROUTE 41","RACINE AVE.",2.00,S,N,A,-,Y,,,41,,,,,,,N,1,1,1,2,A,-,08,22107,,N,C,G,A,A,H,-,A,D,0,,Y,,,Y,,A,01,0,1,0,0,0,1,0,0,0,"- ","- ",36.007199999999997,-119.9592,KINGS,UNINCORPORATED,-119.95934213,36.007209320000001
90240248,2016,2016-08-08,9440,2016-07-27,0616,014363,,3,1,9,1600,0,2,4,,1,067,"14TH AVENUE","EVERETT AVENUE",153.00,N,N,A,-,N,,,,,,,,,,Y,2,0,1,1,A,-,08,22107,,N,E,I,A,A,H,-,A,D,0,,,,,Y,,A,01,1,0,0,0,0,0,0,0,0,"- ","- ",36.391689999999997,-119.70882,KINGS,UNINCORPORATED,-119.70897089,36.391989969999997
90245038,2016,2016-08-15,9495,2016-08-01,0040,019369,,1,3,9,1600,0,1,3,,1,010,"SR-41 N/B","EDWARDS STREET",1584.00,N,N,A,-,Y,,,41,,,,,,N,Y,2,0,1,2,A,-,08,22107,,N,A,C,A,A,H,-,D,D,0,,,,Y,Y,Y,A,01,1,0,0,0,0,0,0,0,0,"- ","- ",36.015929999999997,-119.9592,KINGS,UNINCORPORATED,-119.95921215,36.015930249999997
90275446,2016,2016-10-07,9440,2016-08-20,1757,019313,,6,2,9,1600,0,1,3,,1,410,"STATE ROUTE 41","JACKSON AVENUE",430.00,N,N,A,-,Y,,,41,,,,,,,Y,1,1,0,2,A,-,01,23152,E,N,A,C,A,A,H,-,A,D,0,,,,,Y,,A,01,0,0,0,0,0,0,0,0,0,"- ","- ",36.255940000000002,-119.80826,KINGS,UNINCORPORATED,-119.80833683,36.255964919999997
90276312,2016,2016-09-26,9440,2016-09-17,1840,019199,,6,2,9,1600,0,3,5,,2,020,"ADA ST","ALVIN ST",14.00,E,N,A,-,N,,,,,,,,,,N,2,0,1,2,A,-,09,21801,A,N,H,G,A,A,H,-,A,D,0,,Y,,,Y,,A,07,1,0,0,0,0,0,1,0,0,"- ","- ",36.30782,-119.70496,KINGS,UNINCORPORATED,-119.70492367,36.30788158
90281940,2016,2016-10-03,9440,2016-09-18,1652,017161,,7,2,9,1600,0,1,3,,1,410,SR-41,"LAUREL AVE",528.00,S,N,A,-,Y,,,41,,,,,,,Y,1,1,3,2,A,-,01,23152,A,N,A,C,A,A,H,-,A,D,0,,,,,Y,Y,A,01,0,3,0,0,0,0,0,0,0,"- ","- ",36.186909999999997,-119.8297,KINGS,UNINCORPORATED,-119.82971182,36.186918550000001
90299495,2016,2017-01-09,9440,2016-09-24,2353,018202,,6,3,9,1600,0,3,5,,2,010,"7TH AVE","HOUSTON AVE",3168.00,S,N,A,-,N,,,,,,,,,,Y,1,1,0,1,A,-,01,23152,A,N,E,I,A,A,H,-,D,D,0,,,,,Y,Y,D,22,0,0,0,0,0,0,0,0,0,"- ","- ",36.289569999999998,-119.58284,KINGS,UNINCORPORATED,-119.58301004,36.28981486
90307018,2016,2016-10-31,9440,2016-10-15,0510,016585,,6,3,9,1600,0,2,4,,1,041,"EXCELSIOR AVE","6TH AVE",0.00,,Y,A,-,N,,,,,,,,,,Y,2,0,2,2,A,-,03,22350,,N,D,C,A,A,H,-,D,A,0,,,,,Y,,A,01,1,0,1,0,0,0,0,0,0,"- ","- ",36.40137,-119.56493,KINGS,UNINCORPORATED,-119.56491995,36.401370040000003
90331222,2016,2016-11-28,9440,2016-06-16,1415,016585,,4,2,9,1600,0,3,5,,2,010,"BARSTOW AVE","6TH AVE",0.00,,Y,A,-,N,,,,,,,,,,Y,1,1,5,2,A,-,01,23152,E,N,D,C,A,A,H,-,A,A,0,,,,,Y,,A,01,5,0,0,0,0,0,0,0,0,"- ","- ",36.4741,-119.5642,KINGS,UNINCORPORATED,-119.56420989999999,36.474100079999999