CASE_ID,ACCIDENT_YEAR,PROC_DATE,JURIS,COLLISION_DATE,COLLISION_TIME,OFFICER_ID,REPORTING_DISTRICT,DAY_OF_WEEK,CHP_SHIFT,POPULATION,CNTY_CITY_LOC,SPECIAL_COND,BEAT_TYPE,CHP_BEAT_TYPE,CITY_DIVISION_LAPD,CHP_BEAT_CLASS,BEAT_NUMBER,PRIMARY_RD,SECONDARY_RD,DISTANCE,DIRECTION,INTERSECTION,WEATHER_1,WEATHER_2,STATE_HWY_IND,CALTRANS_COUNTY,CALTRANS_DISTRICT,STATE_ROUTE,ROUTE_SUFFIX,POSTMILE_PREFIX,POSTMILE,LOCATION_TYPE,RAMP_INTERSECTION,SIDE_OF_HWY,TOW_AWAY,COLLISION_SEVERITY,NUMBER_KILLED,NUMBER_INJURED,PARTY_COUNT,PRIMARY_COLL_FACTOR,PCF_CODE_OF_VIOL,PCF_VIOL_CATEGORY,PCF_VIOLATION,PCF_VIOL_SUBSECTION,HIT_AND_RUN,TYPE_OF_COLLISION,MVIW,PED_ACTION,ROAD_SURFACE,ROAD_COND_1,ROAD_COND_2,LIGHTING,CONTROL_DEVICE,CHP_ROAD_TYPE,PEDESTRIAN_ACCIDENT,BICYCLE_ACCIDENT,MOTORCYCLE_ACCIDENT,TRUCK_ACCIDENT,NOT_PRIVATE_PROPERTY,ALCOHOL_INVOLVED,STWD_VEHTYPE_AT_FAULT,CHP_VEHTYPE_AT_FAULT,COUNT_SEVERE_INJ,COUNT_VISIBLE_INJ,COUNT_COMPLAINT_PAIN,COUNT_PED_KILLED,COUNT_PED_INJURED,COUNT_BICYCLIST_KILLED,COUNT_BICYCLIST_INJURED,COUNT_MC_KILLED,COUNT_MC_INJURED,PRIMARY_RAMP,SECONDARY_RAMP,LATITUDE,LONGITUDE,COUNTY,CITY,POINT_X,POINT_Y
90334611,2016,2016-12-01,9440,2016-10-14,2052,015399,,5,2,9,1600,0,2,4,,1,041,"EXCELSIOR AVENUE","15 1/2 AVENUE",925.00,W,N,B,-,N,,,,,,,,,,Y,1,1,0,2,A,-,09,21804,A,N,D,C,A,A,H,-,D,D,0,,,Y,,Y,,A,07,0,0,0,0,0,0,0,1,0,"- ","- ",36.401069999999997,-119.74257,KINGS,UNINCORPORATED,-119.73990089999999,36.401082410000001
9033473,2019,2020-01-31,1601,2019-12-14,0905,177,10,6,5,3,1601,0,0,0,,0,00S,"WHITLEY AV","DAIRY AV",15.00,W,N,C,-,N,,,,,,,,,,Y,2,0,3,3,A,-,09,21801,,N,D,D,A,B,H,-,A,A,0,,,,,Y,,A,01,1,1,1,0,0,0,0,0,0,"- ","- ",,,KINGS,CORCORAN,-119.57209777832031,36.098068237304688
90335643,2016,2016-12-09,9440,2016-11-23,0630,016774,,3,1,9,1600,0,1,3,,1,410,SR-41,"JACKSON AVE",0.00,,Y,A,-,Y,,,41,,,,,,,Y,1,1,2,2,A,-,12,22450,A,N,D,C,A,A,H,-,B,A,0,,,,Y,Y,,A,01,0,1,1,0,0,0,0,0,0,"- ","- ",36.254820000000002,-119.80875,KINGS,UNINCORPORATED,-119.80878718,36.25483672
90336630,2016,2016-12-05,9440,2016-10-01,0157,019313,,6,3,9,1600,0,1,3,,1,198,"STATE ROUTE 198 (EASTBOUND)","14TH AVENUE",1056.00,E,N,A,-,Y,,,198,,,,,,,Y,1,1,4,2,A,-,03,22350,,N,C,C,A,A,H,-,D,D,0,,,,,Y,Y,A,01,1,0,3,0,0,0,0,0,0,"- ","- ",36.310510000000001,-119.70368999999999,KINGS,UNINCORPORATED,-119.70370406000001,36.310554670000002
90336764,2016,2016-12-05,9440,2016-12-02,0105,018137,,5,3,9,1600,0,1,3,,1,430,"STATE ROUTE 43","FLINT AVE",0.00,,Y,E,-,Y,,,43,,,,,,,Y,2,0,2,1,A,-,08,22107,,N,E,I,A,A,H,-,C,A,0,,,,,Y,,A,01,1,1,0,0,0,0,0,0,0,"- ","- ",36.371609999999997,-119.63714,KINGS,UNINCORPORATED,-119.63702515,36.371616199999998
90343238,2016,2016-12-13,9440,2016-12-08,0659,016585,,4,1,9,1600,0,1,3,,1,410,SR-41,"OMAHA AVE",3168.00,S,N,B,-,Y,,,41,,,,,,,Y,2,0,1,2,A,-,05,21650,,N,B,C,A,A,H,-,B,D,0,,,,Y,Y,,A,01,1,0,0,0,0,0,0,0,0,"- ","- ",36.090200000000003,-119.91289999999999,KINGS,UNINCORPORATED,-119.91288455,36.090190409999998
90347857,2016,2016-12-19,9440,2016-12-12,1905,016979,,1,2,9,1600,0,2,4,,1,046,"LACEY BOULEVARD","8 3/4 AVENUE",180.00,W,N,A,-,N,,,,,,,,,,N,1,1,0,3,A,-,11,21956,,N,G,B,E,A,H,-,D,D,0,Y,,,,Y,,N,60,0,0,0,1,0,0,0,0,0,"- ","- ",36.327959999999997,-119.61811,KINGS,UNINCORPORATED,-119.61735057999999,36.328000000000003
90354836,2016,2016-12-27,9440,2016-12-05,2245,017161,,1,3,9,1600,0,2,4,,1,061,"6TH AVE","BARSTOW AVE",569.00,N,N,E,-,N,,,,,,,,,,Y,1,1,0,2,A,-,03,22350,,N,D,C,A,A,H,-,D,D,0,,,,Y,Y,,A,01,0,0,0,0,0,0,0,0,0,"- ","- ",36.47681,-119.56413000000001,KINGS,UNINCORPORATED,-119.56418918,36.475661610000003
9037858,2019,2020-06-03,1601,2019-02-12,1530,167,4,2,5,3,1601,0,0,0,,0,00N,"JAMES AV","HANNA AV",88.00,S,N,A,B,N,,,,,,,,,,Y,2,0,1,2,A,-,11,21954,A,N,G,B,D,A,H,-,A,D,0,Y,,,,Y,,N,60,1,0,0,0,1,0,0,0,0,"- ","- ",36.099910736083984,-119.587646484375,KINGS,CORCORAN,-119.58766174316406,36.099666595458984
90393710,2017,2017-02-15,9440,2017-02-08,2500,015399,,3,4,9,1600,0,3,5,,2,010,"ORANGE AVENUE","7 1/2 AVENUE",520.00,E,N,A,-,N,,,,,,,,,,Y,2,0,1,1,A,-,08,22107,,N,E,I,A,B,H,-,D,D,0,,,,,Y,,A,01,1,0,0,0,0,0,0,0,0,"- ","- ",36.091700000000003,-119.59653,KINGS,UNINCORPORATED,-119.59713108,36.109059940000002
90396983,2017,2017-02-27,9440,2017-02-11,2345,019313,,6,3,9,1600,0,3,5,,2,020,"16TH AVENUE","HOUSTON AVENUE",2500.00,S,N,B,-,N,,,,,,,,,,Y,2,0,2,1,A,-,01,23152,A,N,E,I,A,A,H,-,D,D,0,,,,,Y,Y,A,01,2,0,0,0,0,0,0,0,0,"- ","- ",36.291930000000001,-119.74463,KINGS,UNINCORPORATED,-119.74469999999999,36.291987450000001
90397007,2017,2017-09-27,9440,2017-02-10,2018,019226,,5,2,9,1600,0,1,3,,1,410,"STATE ROUTE 41","JACKSON AVE",0.00,,Y,B,-,Y,,,41,,,,,,,Y,2,0,4,2,A,-,09,21801,A,N,D,C,A,B,H,-,C,D,0,,,,,Y,,A,01,1,1,2,0,0,0,0,0,0,"- ","- ",36.254829999999998,-119.80871999999999,KINGS,UNINCORPORATED,-119.80877839,36.254856259999997
90426096,2017,2018-01-19,9440,2017-03-27,1705,017161,,1,2,9,1600,0,3,5,,2,030,"LANSING AVE","19TH AVE",0.00,,Y,A,-,N,,,,,,,,,,Y,2,0,3,2,A,-,09,21802,A,N,D,C,A,A,H,-,A,A,0,,,,,Y,,A,01,1,1,1,0,0,0,0,0,0,"- ","- ",36.196750000000002,-119.79823,KINGS,UNINCORPORATED,-119.79818987,36.196730000000002
90438091,2017,2017-04-19,9440,2017-04-11,0545,019199,,2,3,9,1600,0,2,4,,1,050,"KANSAS AVE","17TH AVE",1056.00,E,N,A,-,N,,,,,,,,,,Y,2,0,1,2,A,-,08,22107,,N,B,C,A,A,H,-,D,D,0,,,,Y,Y,,A,01,1,0,0,0,0,0,0,0,0,"- ","- ",36.211190000000002,-119.7655,KINGS,UNINCORPORATED,-119.75875308000001,36.211152220000002
90439059,2017,2017-04-20,9440,2017-04-18,0005,017082,,2,3,9,1600,0,1,3,,1,410,SR-41,"OMAHA AVE",2640.00,S,N,A,-,Y,,,41,,,,,,,Y,2,0,3,2,A,-,01,23152,A,N,A,C,A,A,H,-,D,D,0,,,,,Y,Y,A,07,1,1,1,0,0,0,0,0,0,"- ","- ",36.087989999999998,-119.91436,KINGS,UNINCORPORATED,-119.914289,36.087931599999997
90442342,2017,2017-04-26,9440,2017-04-21,1500,016979,,5,2,9,1600,0,2,4,,1,040,"AVENAL CUTOFF ROAD","MURPHY RANCH ROAD",800.00,S,N,A,-,N,,,,,,,,,,Y,2,0,1,1,A,-,03,22350,,N,F,A,A,A,H,-,A,D,0,,,Y,,Y,,C,02,1,0,0,0,0,0,0,0,1,"- ","- ",36.248469999999998,-119.87018,KINGS,UNINCORPORATED,-119.870284,36.248401080000001
90445609,2017,2017-04-28,9440,2017-04-26,1812,018566,,3,2,9,1600,0,2,4,,1,046,"LACEY BLVD","15TH AVENUE",0.00,,Y,A,-,N,,,,,,,,,,Y,2,0,4,2,A,-,09,21801,A,N,D,C,A,A,H,-,A,D,0,,,,,Y,,A,01,1,3,0,0,0,0,0,0,0,"- ","- ",36.327919999999999,-119.72701000000001,KINGS,UNINCORPORATED,-119.72687999,36.328060039999997
90468480,2017,2017-06-05,9495,2017-05-16,1426,019829,,2,2,9,1600,0,1,3,,1,010,"STATE ROUTE 41","MILE POST MARKER 41 KIN 17.50",386.00,N,N,A,-,Y,,,41,,,,,,,Y,2,0,1,2,A,-,08,22107,,N,B,C,A,A,H,-,A,D,0,,,Y,,Y,,-,98,1,0,0,0,0,0,0,0,1,"- ","- ",36.000599999999999,-119.95948,KINGS,UNINCORPORATED,-119.95945351,36.000599520000002
90473691,2017,2017-06-08,9440,2017-05-26,0434,016585,,5,3,9,1600,0,2,4,,1,045,"GRANGEVILLE BLVD","2ND AVE",3696.00,W,N,A,-,N,,,,,,,,,,Y,2,0,1,2,A,-,09,21804,A,N,B,C,A,A,H,-,D,D,0,,,Y,,Y,,M,46,1,0,0,0,0,0,0,0,1,"- ","- ",36.342700000000001,-119.5064,KINGS,UNINCORPORATED,-119.50554843,36.342714219999998
90479918,2017,2017-06-16,9495,2017-03-03,2105,020481,,5,2,9,1600,0,1,1,,2,004,"INTERSTATE 5 NORTHBOUND","AVENAL CUTOFF ROAD",1000.00,S,N,A,-,Y,,,,,,,,,,Y,1,1,2,4,A,-,03,22350,,N,C,C,A,A,G,H,D,D,0,,,,,Y,,A,01,0,0,2,0,0,0,0,0,0,"- ","- ",36.074280000000002,-120.09912,KINGS,UNINCORPORATED,-120.0935466,36.071860950000001
90499461,2017,2017-09-11,9495,2017-04-29,0748,020434,,6,1,9,1600,0,1,1,,2,004,"INTERSTATE 5 (NORTHTHBOUND)","UTICA AVE",2112.00,S,N,A,-,Y,,,,,,,,,,Y,1,1,6,3,A,-,08,22107,,F,B,C,A,A,H,-,A,D,0,,,,,Y,,-,99,0,0,6,0,0,0,0,0,0,"- ","- ",35.962859999999999,-119.93728,KINGS,UNINCORPORATED,-119.90772982,35.930092799999997
90502686,2017,2017-07-18,9495,2017-06-10,1424,020434,,6,2,9,1600,0,1,3,,1,010,"STATE ROUTE 41 (NORTHBOUND)","INTERSTATE 5",601.00,S,N,A,-,Y,,,41,,,,,,,Y,1,1,0,2,A,-,03,22350,,N,C,C,A,A,H,-,A,A,0,,,,Y,Y,,D,22,0,0,0,0,0,0,0,0,0,"- ","- ",35.979790000000001,-119.96124,KINGS,UNINCORPORATED,-119.96127017000001,35.97981437
90544916,2017,2017-09-11,9440,2017-08-29,1430,012806,,2,2,9,1600,0,1,3,,1,430,SR-43,"KENT AVE",47.00,S,N,A,-,Y,,,43,,,,,,,Y,2,0,1,2,A,-,03,22350,,N,C,C,A,A,H,-,A,D,0,,,,Y,Y,,F,26,1,0,0,0,0,0,0,0,0,"- ","- ",36.225729999999999,-119.60072,KINGS,UNINCORPORATED,-119.60079562999999,36.225728799999999
90548214,2017,2017-09-14,9440,2017-09-04,0110,014567,,1,3,9,1600,0,3,5,,2,020,"JERSEY AVE","17TH AVE",1584.00,W,N,B,-,N,,,,,,,,,,N,2,0,1,2,D,-,00,,,F,G,B,E,A,H,-,D,D,0,Y,,,,Y,Y,-,"- ",1,0,0,0,1,0,0,0,0,"- ","- ",36.239899999999999,-119.77095,KINGS,UNINCORPORATED,-119.76814748,36.240040010000001
90565892,2017,2017-10-19,9440,2017-02-21,1655,014567,,2,2,9,1600,0,2,4,,1,040,"AVENAL CUTOFF RD","MURPHY RANCH RD",190.00,S,N,B,-,N,,,,,,,,,,Y,1,2,2,4,A,-,05,21650,,N,B,C,A,A,H,-,A,D,0,,,,,Y,,A,01,1,0,1,0,0,0,0,0,0,"- ","- ",39.255490000000002,-119.86821999999999,KINGS,UNINCORPORATED,-119.86960130999999,36.249972620000001
90570259,2017,2017-10-13,9440,2017-09-12,0751,016961,,2,1,9,1600,0,2,4,,1,045,"GRANGEVILLE BLVD","2ND AVE",385.00,E,N,A,-,N,,,,,,,,,,Y,1,1,1,2,A,-,06,21751,,N,B,C,A,A,H,-,A,D,0,,,,Y,Y,,D,22,0,0,1,0,0,0,0,0,0,"- ","- ",36.343000000000004,-119.4931,KINGS,UNINCORPORATED,-119.49170577,36.342687830000003
90593743,2017,2017-12-04,9440,2017-08-14,0100,021086,,1,3,9,1600,0,1,3,,1,198,"STATE ROUTE 198 E/B","14TH  AVENUE",26.00,E,N,A,-,Y,,,198,,,,,,E,Y,1,1,0,1,A,-,08,22107,,N,E,I,A,A,H,-,D,D,0,,,,,Y,,A,01,0,0,0,0,0,0,0,0,0,"- ","- ",36.308840000000004,-119.70892000000001,KINGS,UNINCORPORATED,-119.70894773000001,36.308930429999997
90596167,2017,2018-01-19,9440,2017-03-27,2025,014567,,1,2,9,1600,0,1,3,,1,430,SR-43,"IDAHO AVE",0.00,,Y,A,-,Y,,,43,,,,,,,Y,1,3,1,2,A,-,01,23152,A,N,D,C,A,A,H,-,D,A,0,,,,,Y,Y,D,22,1,0,0,0,0,0,0,0,0,"- ","- ",36.268999999999998,-119.601,KINGS,UNINCORPORATED,-119.60069832000001,36.269000200000001
90616320,2017,2017-12-13,9440,2017-12-01,1920,020936,,5,2,9,1600,0,1,3,,1,410,SR-41,"LINCOLN AVE",4224.00,S,N,A,-,Y,,,41,,,,,,,Y,2,0,4,4,A,-,06,21751,,F,A,C,A,A,H,-,D,D,0,,,,,Y,,-,99,1,0,3,0,0,0,0,0,0,"- ","- ",36.170789999999997,-119.8413,KINGS,UNINCORPORATED,-119.84135563,36.170830649999999
90616326,2017,2018-01-25,9440,2017-12-02,0750,016870,,6,1,9,1600,0,1,3,,1,198,"SR-198 W/B","6TH AVENUE",0.00,,Y,E,-,Y,,,198,,,,,,W,Y,2,0,1,2,A,-,03,22350,,N,D,C,A,B,H,-,A,D,0,,,,Y,Y,,D,22,1,0,0,0,0,0,0,0,0,"- ","- ",36.328530000000001,-119.56511999999999,KINGS,UNINCORPORATED,-119.56511918,36.328226979999997
90633483,2017,2018-01-29,9440,2017-09-22,0930,020333,,5,1,9,1600,0,1,3,,1,198,"SR-198 E/B","14TH AVE",5280.00,W,N,A,-,Y,,,198,,,,,,E,N,1,1,0,2,A,-,11,21956,A,N,G,B,E,A,H,-,A,D,0,Y,,,Y,Y,,N,60,0,0,0,1,0,0,0,0,0,"- ","- ",36.305109999999999,-119.72495000000001,KINGS,UNINCORPORATED,-119.72492130000001,36.304990689999997
90638528,2017,2018-01-11,9440,2017-11-21,1625,019755,,2,2,9,1600,0,2,4,,1,043,"FLINT AVE","16TH AVE",0.00,,Y,A,-,N,,,,,,,,,,Y,1,1,2,2,A,-,12,22450,A,N,D,C,A,A,H,-,A,A,0,,,,,Y,,D,22,1,1,0,0,0,0,0,0,0,"- ","- ",36.3718,-119.7449,KINGS,UNINCORPORATED,-119.74494987999999,36.371820079999999
90640824,2018,2018-01-16,9440,2018-01-10,1645,018566,,3,2,9,1600,0,1,3,,1,198,"STATE ROUTE 198 (EASTBOUND)","14TH AVENUE",2200.00,E,N,A,-,Y,,,198,,,,,,,Y,2,0,1,2,C,-,18,,,N,E,I,A,A,H,-,A,D,0,,,,,Y,,-,"- ",1,0,0,0,0,0,0,0,0,"- ","- ",36.311161041259766,-119.70156860351562,KINGS,UNINCORPORATED,-119.70159149169922,36.311222076416016
90657196,2018,2018-02-07,9440,2018-02-05,1620,021114,,1,2,9,1600,0,1,3,,1,410,"SR-41 S/B","GLENDALE AVE",660.00,N,N,A,-,Y,,,41,,,,,,S,Y,2,0,2,1,A,-,01,23152,A,N,E,I,A,A,H,-,A,D,0,,,,,Y,Y,A,01,1,1,0,0,0,0,0,0,0,"- ","- ",36.322639465332031,-119.80802154541016,KINGS,UNINCORPORATED,-119.80814361572266,36.322639465332031
90660836,2018,2018-02-13,9440,2018-01-01,0208,019755,,1,3,9,1600,0,1,3,,1,430,SR-43,"LANSING AVENUE",10560.00,S,N,A,-,Y,,,43,,,,,,,Y,1,1,2,2,A,-,01,23152,A,N,A,C,A,A,H,-,D,D,0,,,,,Y,Y,A,01,1,1,0,0,0,0,0,0,0,"- ","- ",36.167098999023438,-119.60060119628906,KINGS,UNINCORPORATED,-119.60042572021484,36.167095184326172
90665832,2018,2018-02-23,9440,2018-02-12,1115,013492,,1,1,9,1600,0,1,3,,1,430,"STATE ROUTE 43","EXCELSIOR AVE",3037.00,N,N,B,C,Y,,,43,,,,,,,Y,2,0,5,4,A,-,03,22350,,N,C,C,A,B,H,-,A,A,0,,,,Y,Y,,A,01,1,4,0,0,0,0,0,0,0,"- ","- ",36.405918121337891,-119.63697814941406,KINGS,UNINCORPORATED,-119.63690948486328,36.405918121337891
90677715,2018,2018-03-22,9440,2018-01-26,2150,019220,,5,2,9,1600,0,1,3,,1,198,"STATE ROUTE 198 W/B TO STATE ROUTE 43","STATE ROUTE 43",872.00,E,N,A,-,Y,,,198,,,,R,,W,Y,1,1,1,1,A,-,01,23152,A,N,E,I,A,A,H,-,D,D,0,,,Y,,Y,Y,C,02,0,0,1,0,0,0,0,1,1,"- ","- ",36.326789855957031,-119.59899139404297,KINGS,UNINCORPORATED,-119.59899139404297,36.326789855957031
90678227,2018,2018-03-08,9440,2018-02-18,1125,019220,,7,1,9,1600,0,1,3,,1,410,"STATE ROUTE 41","MADISON AVE",414.00,N,N,A,-,Y,,,41,,,,,,,Y,1,1,2,2,A,-,08,22107,,N,D,C,A,A,H,-,A,D,0,,,,,Y,,A,01,2,0,0,0,0,0,0,0,0,"- ","- ",36.168609619140625,-119.84290313720703,KINGS,UNINCORPORATED,-119.84295654296875,36.168651580810547
90684373,2018,2018-03-19,9440,2018-01-01,0735,020333,,1,1,9,1600,0,3,5,,2,020,"13TH AVE","KANSAS AVE",6336.00,S,N,A,-,N,,,,,,,,,,Y,1,1,1,1,A,-,01,23152,G,N,E,I,A,A,H,-,A,D,0,,,,,Y,Y,D,22,1,0,0,0,0,0,0,0,0,"- ","- ",36.191989898681641,-119.69048309326172,KINGS,UNINCORPORATED,-119.69058990478516,36.193717956542969
90687659,2018,2018-03-22,9440,2018-03-15,1340,16870,,4,1,9,1600,0,1,3,,1,410,SR-41,"NEVADA AVENUE",460.00,N,N,A,-,Y,,,41,,,,,,,Y,2,0,4,2,A,-,01,23152,F,N,A,C,A,A,H,-,A,D,0,,,,,Y,,D,22,2,2,0,0,0,0,0,0,0,"- ","- ",36.138198852539062,-119.87830352783203,KINGS,UNINCORPORATED,-119.87830352783203,36.138202667236328
90689990,2018,2018-03-26,9440,2018-03-20,0550,015703,,2,3,9,1600,0,1,3,,1,430,SR-43,"NEVADA AVE",3696.00,S,N,A,-,Y,,,43,,,,,,,Y,2,0,3,1,A,-,06,21751,,N,F,A,A,A,H,-,D,D,0,,,,,Y,,D,22,1,0,2,0,0,0,0,0,0,"- ","- ",36.128681182861328,-119.57858276367188,KINGS,UNINCORPORATED,-119.57854461669922,36.128704071044922
90704930,2017,2018-04-13,9440,2017-09-21,1200,016585,,4,1,9,1600,0,3,5,,2,020,"ELDER AVE","7TH AVE",0.00,,Y,A,-,N,,,,,,,,,,Y,2,0,1,2,A,-,12,22450,A,F,D,C,A,A,H,-,A,A,0,,,,Y,Y,,A,07,1,0,0,0,0,0,0,0,0,"- ","- ",36.386600000000001,-119.5831,KINGS,UNINCORPORATED,-119.58300994,36.386600110000003
90706255,2018,2018-04-16,9495,2018-04-07,0040,021029,,6,3,9,1600,0,1,1,,2,004,"INTERSTATE 5 S/B (GOLDEN STATE FREEWAY)","UTICA AVE",2112.00,S,N,A,-,Y,,,5,,,,,,S,Y,2,0,2,2,A,-,08,22107,,N,C,C,A,A,H,-,D,D,0,,,,Y,Y,,D,22,1,1,0,0,0,0,0,0,0,"- ","- ",35.930030822753906,-119.9078369140625,KINGS,UNINCORPORATED,-119.90776062011719,35.93011474609375
90713553,2018,2018-04-26,9440,2018-02-17,1815,020998,,6,2,9,1600,0,1,3,,1,198,"SR-198 W/B","21ST AVE",2126.00,W,N,A,-,Y,,,198,,,,,,W,Y,1,1,1,5,A,-,01,23152,A,N,C,C,A,A,H,-,D,D,0,,,Y,,Y,Y,A,01,0,1,0,0,0,0,0,1,0,"- ","- ",36.267959594726562,-119.84114074707031,KINGS,UNINCORPORATED,-119.841064453125,36.267787933349609
90716212,2018,2018-04-30,9495,2018-04-21,1604,020060,,6,2,9,1600,0,1,3,,1,010,"STATE ROUTE 41","YORK AVE",1220.00,S,N,A,-,Y,,,41,,,,,,,Y,2,0,8,3,A,-,08,22107,,N,B,C,A,A,H,-,A,D,0,,,,,Y,,A,01,3,0,5,0,0,0,0,0,0,"- ","- ",35.81475830078125,-120.09912872314453,KINGS,UNINCORPORATED,-120.09909820556641,35.814743041992188
90734949,2018,2018-05-25,9440,2018-05-17,1155,016585,,4,1,9,1600,0,3,5,,2,010,"9TH AVE","EXCELSIOR AVE",0.00,,Y,A,-,N,,,,,,,,,,Y,2,0,1,2,A,-,09,21802,A,N,D,C,A,A,H,-,A,A,0,,,,Y,Y,,D,22,1,0,0,0,0,0,0,0,0,"- ","- ",36.401199340820312,-119.618896484375,KINGS,UNINCORPORATED,-119.61884307861328,36.401241302490234
90735865,2018,2018-05-29,9495,2018-05-13,2250,018253,,7,3,9,1600,0,1,1,,2,004,"INTERSTATE 5 SOUTHBOUND","MILHAM AVENUE",6864.00,N,N,A,-,Y,,,5,,,,,,S,Y,2,0,3,1,A,-,08,22107,,N,F,A,A,A,H,-,D,D,0,,,,,Y,,A,01,2,1,0,0,0,0,0,0,0,"- ","- ",36.033901214599609,-120.02921295166016,KINGS,UNINCORPORATED,-120.02921295166016,36.033893585205078
9073628,2020,2020-07-22,1602,2020-04-11,1821,1480,56,6,5,4,1602,0,0,0,,0,002,"S 10TH AV","E 3RD ST",0.00,,Y,A,-,N,,,,,,,,,,Y,2,0,1,2,A,-,12,21453,A,N,D,C,A,A,H,-,A,A,0,,,Y,,Y,,C,03,1,0,0,0,0,0,0,0,1,"- ","- ",36.323699951171875,-119.63701629638672,KINGS,HANFORD,-119.63699340820312,36.323711395263672
90737763,2018,2018-05-30,9440,2018-05-17,0005,020333,,4,3,9,1600,0,2,4,,1,063,"10 1/2 AVE","NEVADA AVE",1520.00,N,N,A,-,N,,,,,,,,,,N,2,0,1,1,A,-,01,23152,A,N,E,I,A,A,H,-,D,D,0,,,,,Y,Y,A,01,1,0,0,0,0,0,0,0,0,"- ","- ",36.14044189453125,-119.64566802978516,KINGS,UNINCORPORATED,-119.64573669433594,36.1419677734375
90738339,2018,2018-05-31,9440,2018-01-21,0115,020947,,7,3,9,1600,0,1,3,,1,410,"SR-41 N/B","HANFORD ARMONA RD",274.00,N,N,A,-,Y,,,41,,,,,,N,Y,1,1,4,2,A,-,01,23152,A,N,C,C,A,A,H,-,C,D,0,,,,,Y,Y,A,01,2,2,0,0,0,0,0,0,0,"- ","- ",36.314239501953125,-119.80776214599609,KINGS,UNINCORPORATED,-119.80776214599609,36.314239501953125
90749676,2018,2018-06-18,9440,2018-06-09,1540,019755,,6,2,9,1600,0,1,3,,1,430,SR-43,"DOVER AVE",978.00,N,N,A,-,Y,,,,,,,,,,Y,2,0,6,2,A,-,06,21751,,N,A,C,A,A,H,-,A,D,0,,,,,Y,,A,01,2,3,1,0,0,0,0,0,0,"- ","- ",34.418399810791016,-119.63680267333984,KINGS,UNINCORPORATED,-119.63674163818359,36.418415069580078
90750144,2018,2018-06-18,9440,2018-06-16,1130,018566,,6,1,9,1600,0,1,3,,1,430,"STATE ROUTE 43","CAIRO AVE",567.00,S,N,A,-,Y,,,43,,,,,,,Y,2,0,2,1,A,-,08,22107,,N,E,I,A,A,D,H,A,D,0,,,,,Y,,A,01,2,0,0,0,0,0,0,0,0,"- ","- ",36.435588836669922,-119.6361083984375,KINGS,UNINCORPORATED,-119.63616943359375,36.435588836669922
90766454,2018,2018-07-10,9495,2018-07-04,2225,019733,,3,3,9,1600,0,1,1,,2,004,"SOUTHBOUND INTERSTATE 5","QUEBEC AVENUE O/C",4752.00,N,N,A,-,Y,,,,,,,,,,Y,2,0,2,2,A,-,01,23152,A,N,C,C,A,A,H,-,D,D,0,,,,,Y,Y,A,07,2,0,0,0,0,0,0,0,0,"- ","- ",36.062278747558594,-120.07830047607422,KINGS,UNINCORPORATED,-119.55410003662109,36.050788879394531
90773993,2018,2018-07-23,9440,2018-07-11,1340,017630,,3,1,9,1600,0,2,4,,1,045,"GRANGEVILLE BOULEVARD","6TH AVENUE",1380.00,E,N,A,-,N,,,,,,,,,,Y,2,0,1,1,A,-,08,22107,,N,E,I,A,A,H,-,A,D,0,,,,,Y,,D,22,1,0,0,0,0,0,0,0,0,"- ","- ",36.342750549316406,-119.55906677246094,KINGS,UNINCORPORATED,-119.56040191650391,36.342796325683594
90779325,2018,2018-08-13,9440,2018-06-28,0859,016585,,4,1,9,1600,0,3,5,,2,020,"IDAHO AVE","14TH AVE",0.00,,Y,A,-,N,,,,,,,,,,Y,1,2,1,2,A,-,12,22450,A,N,D,C,A,A,H,-,A,A,0,,,,,Y,,A,01,1,0,0,0,0,0,0,0,0,"- ","- ",36.269298553466797,-119.70899963378906,KINGS,UNINCORPORATED,-119.70902252197266,36.269329071044922
90780827,2018,2018-07-31,9440,2018-07-19,0435,16870,,4,3,9,1600,0,1,3,,1,430,SR-43,"DOVER AVENUE",3168.00,N,N,A,-,Y,,,43,,,,,,,Y,2,0,1,1,A,-,08,22107,,N,F,A,A,A,H,-,D,D,0,,,Y,,Y,,C,02,1,0,0,0,0,0,0,0,1,"- ","- ",36.414588928222656,-119.63681793212891,KINGS,UNINCORPORATED,-119.63680267333984,36.414588928222656
90790902,2018,2018-08-15,9440,2018-07-07,1341,020936,,6,1,9,1600,0,1,3,,1,410,"SR-41 N/B","HANFORD ARMONA RD",0.00,,Y,A,-,Y,,,41,,,,,,N,Y,1,2,1,4,A,-,12,21453,A,N,D,C,A,A,H,-,A,A,0,,,,,Y,,A,01,0,0,1,0,0,0,0,0,0,"- ","- ",36.313419342041016,-119.80776214599609,KINGS,UNINCORPORATED,-119.80775451660156,36.313419342041016
90793787,2018,2018-08-20,9440,2018-08-09,2345,020936,,4,3,9,1600,0,3,5,,2,030,"19 1/2 AVE","HANFORD ARMONA RD",2112.00,S,N,A,-,N,,,,,,,,,,Y,2,0,1,1,A,-,08,22107,,N,F,A,A,A,H,-,D,D,0,,,,Y,Y,,G,25,1,0,0,0,0,0,0,0,0,"- ","- ",36.307319641113281,-119.80876922607422,KINGS,UNINCORPORATED,-119.80873793000001,36.307678549999999