CASE_ID,ACCIDENT_YEAR,PROC_DATE,JURIS,COLLISION_DATE,COLLISION_TIME,OFFICER_ID,REPORTING_DISTRICT,DAY_OF_WEEK,CHP_SHIFT,POPULATION,CNTY_CITY_LOC,SPECIAL_COND,BEAT_TYPE,CHP_BEAT_TYPE,CITY_DIVISION_LAPD,CHP_BEAT_CLASS,BEAT_NUMBER,PRIMARY_RD,SECONDARY_RD,DISTANCE,DIRECTION,INTERSECTION,WEATHER_1,WEATHER_2,STATE_HWY_IND,CALTRANS_COUNTY,CALTRANS_DISTRICT,STATE_ROUTE,ROUTE_SUFFIX,POSTMILE_PREFIX,POSTMILE,LOCATION_TYPE,RAMP_INTERSECTION,SIDE_OF_HWY,TOW_AWAY,COLLISION_SEVERITY,NUMBER_KILLED,NUMBER_INJURED,PARTY_COUNT,PRIMARY_COLL_FACTOR,PCF_CODE_OF_VIOL,PCF_VIOL_CATEGORY,PCF_VIOLATION,PCF_VIOL_SUBSECTION,HIT_AND_RUN,TYPE_OF_COLLISION,MVIW,PED_ACTION,ROAD_SURFACE,ROAD_COND_1,ROAD_COND_2,LIGHTING,CONTROL_DEVICE,CHP_ROAD_TYPE,PEDESTRIAN_ACCIDENT,BICYCLE_ACCIDENT,MOTORCYCLE_ACCIDENT,TRUCK_ACCIDENT,NOT_PRIVATE_PROPERTY,ALCOHOL_INVOLVED,STWD_VEHTYPE_AT_FAULT,CHP_VEHTYPE_AT_FAULT,COUNT_SEVERE_INJ,COUNT_VISIBLE_INJ,COUNT_COMPLAINT_PAIN,COUNT_PED_KILLED,COUNT_PED_INJURED,COUNT_BICYCLIST_KILLED,COUNT_BICYCLIST_INJURED,COUNT_MC_KILLED,COUNT_MC_INJURED,PRIMARY_RAMP,SECONDARY_RAMP,LATITUDE,LONGITUDE,COUNTY,CITY,POINT_X,POINT_Y
90795657,2018,2018-08-22,9495,2018-08-11,1012,020021,,6,1,9,1600,0,1,1,,2,004,"INTERSTATE 5 SOUTHBOUND","WATERLOO AVENUE",2112.00,S,N,A,-,Y,,,5,,,,,,S,Y,2,0,2,2,A,-,08,22107,,N,E,I,A,A,H,-,A,D,0,,,,Y,Y,,A,07,1,0,1,0,0,0,0,0,0,"- ","- ",35.838691711425781,-119.81964874267578,KINGS,UNINCORPORATED,-119.81964111328125,35.838695526123047
90822844,2018,2018-09-27,9440,2018-09-23,0530,016774,,7,3,9,1600,0,2,4,,1,047,"HANFORD ARMONA RD","17TH AVE",2640.00,E,N,A,-,N,,,,,,,,,,Y,1,1,0,1,A,-,08,22107,,N,E,I,A,A,H,-,D,D,0,,,,,Y,,A,01,0,0,0,0,0,0,0,0,0,"- ","- ",36.313419342041016,-119.75388336181641,KINGS,UNINCORPORATED,-119.75383758544922,36.313499450683594
90834696,2018,2018-10-18,9440,2018-10-10,1541,017161,,3,2,9,1600,0,1,3,,1,430,SR-43,"10TH AVE",0.00,,Y,A,-,Y,,,43,,,,,,,Y,2,0,1,2,A,-,09,21802,A,N,D,C,A,A,H,-,A,A,0,,,,,Y,,A,01,1,0,0,0,0,0,0,0,0,"- ","- ",36.366340637207031,-119.63593292236328,KINGS,UNINCORPORATED,-119.63587951660156,36.366382598876953
90838963,2018,2018-10-18,9495,2018-10-09,0750,021073,,2,1,9,1600,0,1,1,,2,004,"INTERSTATE 5 SOUTHBOUND","WATERLOO AVE",5280.00,N,N,A,-,Y,,,5,,,,,,S,Y,2,0,1,1,A,-,08,22107,,N,E,I,A,A,H,-,A,D,0,,,,,Y,,A,01,1,0,0,0,0,0,0,0,0,"- ","- ",35.878978729248047,-119.85630035400391,KINGS,UNINCORPORATED,-119.85622406005859,35.879051208496094
90840472,2018,2018-10-19,9440,2018-10-10,1105,016585,,3,1,9,1600,0,1,3,,1,410,"SR-41 S/B","ELGIN AVE",216.00,S,N,A,-,Y,,,41,,,,,,S,Y,2,0,3,2,A,-,03,22350,,N,C,C,A,A,H,-,A,D,0,,,,Y,Y,,A,01,3,0,0,0,0,0,0,0,0,"- ","- ",36.378799438476562,-119.81020355224609,KINGS,UNINCORPORATED,-119.81018829345703,36.378799438476562
90841825,2018,2018-10-22,9495,2018-10-13,1517,021153,,6,2,9,1600,0,1,1,,2,004,"INTERSTATE 5 SOUTHBOUND TO UTICA AVENUE","UTICA AVENUE",0.00,,Y,A,-,Y,,,5,,,,R,,S,Y,2,0,1,2,A,-,09,21802,A,N,D,C,A,A,H,-,A,A,0,,,,Y,Y,,G,25,1,0,0,0,0,0,0,0,0,"- ","- ",35.934581756591797,-119.91332244873047,KINGS,UNINCORPORATED,-119.91332244873047,35.934581756591797
9085686,2020,2020-07-30,1602,2020-04-03,1639,1425,43,5,5,4,1602,0,0,0,,0,002,"WHITNEY DR","MYRTLE ST",0.00,,Y,A,-,N,,,,,,,,,,N,2,0,1,2,A,-,12,22450,,F,H,G,A,A,H,-,A,A,0,,Y,,,Y,,A,01,1,0,0,0,0,0,1,0,0,"- ","- ",36.333049774169922,-119.63186645507812,KINGS,HANFORD,-119.63186645507812,36.33306884765625
90861189,2018,2018-11-26,9440,2018-11-07,0818,015703,,3,1,9,1600,0,2,4,,1,048,"HOUSTON AVE",SR-43,243.00,W,N,A,-,N,,,,,,,,,,Y,2,0,1,2,A,-,03,22350,,N,C,C,A,A,H,-,A,A,0,,,,Y,Y,,D,22,1,0,0,0,0,0,0,0,0,"- ","- ",36.298488616943359,-119.60076141357422,KINGS,UNINCORPORATED,-119.60159301757812,36.298477172851562
90864653,2018,2018-11-21,9440,2018-11-19,0755,013492,,1,1,9,1600,0,2,4,,1,062,"10TH AVENUE","WHITLEY AVENUE",1056.00,S,N,A,-,N,,,,,,,,,,Y,2,0,1,3,A,-,03,22350,,N,C,C,A,A,H,-,A,D,0,,,,,Y,,D,22,1,0,0,0,0,0,0,0,0,"- ","- ",36.092311859130859,-119.64411926269531,KINGS,UNINCORPORATED,-119.64414978027344,36.095062255859375
90870616,2018,2018-11-29,9440,2018-11-22,1725,017630,,4,2,9,1600,0,2,4,,1,050,"KANSAS AVENUE","17TH AVENUE",24.00,E,N,B,-,N,,,,,,,,,,Y,2,0,3,2,A,-,09,21802,A,N,C,C,A,A,H,-,D,A,0,,,,,Y,Y,A,07,1,0,2,0,0,0,0,0,0,"- ","- ",36.211158752441406,-119.76220703125,KINGS,UNINCORPORATED,-119.76224517822266,36.211177825927734
90880040,2018,2018-12-11,9440,2018-11-30,1510,021114,,5,2,9,1600,0,3,5,,2,010,"IDAHO AVE","6TH AVE",552.00,W,N,A,-,N,,,,,,,,,,Y,2,0,1,1,A,-,08,22107,,N,E,I,A,A,H,-,A,D,0,,,,,Y,,D,22,1,0,0,0,0,0,0,0,0,"- ","- ",36.269458770751953,-119.567138671875,KINGS,UNINCORPORATED,-119.56702423095703,36.269512176513672
90883641,2018,2018-12-14,9495,2018-11-18,1225,018639,,7,1,9,1600,0,1,3,,1,010,"STATE ROUTE 41 (NORTHBOUND)","INTERSTATE 5 SOUTHBOUND FROM SR 41",0.00,,Y,A,-,Y,,,41,,,,,,,Y,2,0,7,4,A,-,12,21453,A,N,D,C,A,A,H,-,A,A,0,,,,,Y,,D,22,2,4,1,0,0,0,0,0,0,"- ","- ",35.980171203613281,-119.96085357666016,KINGS,UNINCORPORATED,-119.96092987060547,35.980216979980469
90934918,2019,2019-02-27,9440,2019-02-17,2500,018137,,7,4,9,1600,0,2,4,,1,060,"2ND AVE","IONA AVE",156.00,N,N,A,-,N,,,,,,,,,,Y,2,0,1,1,A,-,08,22107,,N,E,I,A,B,H,-,D,D,0,,,,,Y,,A,01,1,0,0,0,0,0,0,0,0,"- ","- ",36.283329010009766,-119.49224853515625,KINGS,UNINCORPORATED,-119.49217987060547,36.283748626708984
90949317,2019,2019-03-19,9440,2019-03-09,2126,020998,,6,2,9,1600,0,1,3,,1,410,SR-41,"OMAHA AVE",1584.00,S,N,B,-,Y,,,41,,,,,,,Y,2,0,1,1,A,-,01,23152,A,N,F,A,A,B,H,-,D,D,0,,,,,Y,Y,A,07,1,0,0,0,0,0,0,0,0,"- ","- ",36.08721923828125,-119.91558074951172,KINGS,UNINCORPORATED,-119.91519165039062,36.086883544921875
90957240,2019,2019-03-29,9440,2019-03-22,0320,018137,,5,3,9,1600,0,1,3,,1,198,"SR-198 W/B","HOUSTON AVE",1584.00,E,N,B,-,Y,,,198,,,,,,W,Y,2,0,3,2,A,-,01,23152,G,N,A,C,A,A,H,-,C,D,0,,,,,Y,Y,A,01,2,1,0,0,0,0,0,0,0,"- ","- ",36.298538208007812,-119.75186920166016,KINGS,UNINCORPORATED,-119.75187683105469,36.298572540283203
91000822,2019,2019-05-31,9440,2019-05-29,0115,020947,,3,3,9,1600,0,2,4,,1,047,"HANFORD ARMONA RD","23RD AVE",3168.00,E,N,A,-,N,,,,,,,,,,Y,2,0,1,1,A,-,01,23152,A,N,F,A,A,D,A,F,D,D,0,,,Y,,Y,Y,C,02,1,0,0,0,0,0,0,0,1,"- ","- ",36.313770294189453,-119.85440063476562,KINGS,UNINCORPORATED,-119.85845947265625,36.313743591308594
91005110,2019,2019-06-06,9495,2019-05-03,0520,019453,,5,3,9,1600,0,1,3,,1,007,"STATE ROUTE 33","UTICA AVENUE",8976.00,S,N,A,-,Y,,,33,,,,,,,Y,1,1,1,3,A,-,05,21650,,N,A,C,A,A,H,-,D,D,0,,,,,Y,,A,01,1,0,0,0,0,0,0,0,0,"- ","- ",35.915699005126953,-120.06849670410156,KINGS,UNINCORPORATED,-120.06848907470703,35.915706634521484
91039250,2019,2019-07-26,9440,2019-07-18,1545,021086,,4,2,9,1600,0,2,4,,1,045,"GRANGEVILLE BOULEVARD","24TH AVENUE",0.00,,Y,A,-,N,,,,,,,,,,Y,2,0,1,2,A,-,05,21752,D,N,F,A,A,A,H,-,A,A,0,,,Y,Y,Y,,C,02,1,0,0,0,0,0,0,0,1,"- ","- ",36.343971252441406,-119.88719940185547,KINGS,UNINCORPORATED,-119.88716125488281,36.343948364257812
91043987,2019,2019-08-02,9440,2019-07-25,1124,016585,,4,1,9,1600,0,2,4,,1,061,"6TH AVE","HOUSTON AVE",0.00,,Y,A,-,N,,,,,,,,,,Y,2,0,4,2,A,-,09,21802,A,N,D,C,A,A,H,-,A,A,0,,,,,Y,,A,01,1,0,3,0,0,0,0,0,0,"- ","- ",36.298591613769531,-119.56511688232422,KINGS,UNINCORPORATED,-119.56514739990234,36.298568725585938
91046906,2019,2019-08-27,9440,2019-08-01,0115,019226,,4,3,9,1600,0,2,4,,1,040,"AVENAL CUTOFF RD","25TH AVE",5808.00,S,N,A,-,N,,,,,,,,,,Y,2,0,2,2,A,-,03,22350,,N,C,C,A,A,H,-,D,D,0,,,,,Y,Y,A,01,1,1,0,0,0,0,0,0,0,"- ","- ",36.209678649902344,-119.91948699951172,KINGS,UNINCORPORATED,-119.91937255859375,36.209758758544922
91063986,2019,2019-08-30,9440,2019-08-06,1426,019755,,2,2,9,1600,0,2,4,,1,049,"JACKSON AVENUE","10TH AVENUE",0.00,,Y,A,-,N,,,,,,,,,,Y,1,1,1,2,A,-,12,22450,A,N,D,C,A,A,H,-,A,A,0,,,,,Y,,A,08,0,1,0,0,0,0,0,0,0,"- ","- ",36.254901885986328,-119.63700103759766,KINGS,UNINCORPORATED,-119.63684844970703,36.254951477050781
91068979,2019,2019-09-06,9440,2019-09-03,0720,016774,,2,1,9,1600,0,2,4,,1,046,"LACEY BLVD","18 3/4 AVE",0.00,,Y,A,-,N,,,,,,,,,,Y,2,0,1,2,A,-,05,21460,C,N,B,C,A,A,H,-,A,D,0,,,Y,,Y,,C,02,1,0,0,0,0,0,0,0,1,"- ","- ",36.377979278564453,-119.79425811767578,KINGS,UNINCORPORATED,-119.79422760009766,36.327968597412109
9109073,2020,2020-10-28,1602,2020-05-28,2051,1460,47,4,5,4,1602,0,0,0,,0,001,"11TH AV","6TH ST",51.00,N,N,A,-,N,,,,,,,,,,N,2,0,1,2,A,-,11,21954,A,N,G,B,E,A,H,-,C,D,0,Y,,,,Y,,N,60,1,0,0,0,1,0,0,0,0,"- ","- ",36.324039459228516,-119.65518188476562,KINGS,HANFORD,-119.65518951416016,36.324199676513672
91092487,2019,2019-10-08,9440,2019-06-10,0135,021086,,1,3,9,1600,0,3,5,,2,020,"JERSEY AVENUE","18TH AVENUE",1848.00,E,N,A,-,N,,,,,,,,,,Y,1,1,0,2,A,-,11,21954,A,N,G,B,D,A,H,-,D,D,0,Y,,,,Y,Y,N,60,0,0,0,1,0,0,0,0,0,"- ","- ",36.240020751953125,-119.77297973632812,KINGS,UNINCORPORATED,-119.77445983886719,36.240066528320312
91118281,2019,2019-11-12,9440,2019-11-02,0657,016585,,6,1,9,1600,0,2,4,,1,061,"6TH AVE","REDDING AVE",1028.00,N,N,A,-,N,,,,,,,,,,Y,2,0,2,2,A,-,08,22107,,N,A,C,A,A,H,-,B,D,0,,,,,Y,,D,22,1,0,1,0,0,0,0,0,0,"- ","- ",36.14630126953125,-119.34310150146484,KINGS,UNINCORPORATED,-119.57199859619141,36.024360656738281
91122330,2019,2019-11-26,9440,2019-11-07,0400,018137,,4,3,9,1600,0,3,5,,2,020,"IDAHO AVE","14TH AVE",0.00,,Y,A,-,N,,,,,,,,,,Y,2,0,2,2,A,-,09,21802,A,N,D,C,A,A,H,-,D,A,0,,,,,Y,,A,01,2,0,0,0,0,0,0,0,0,"- ","- ",36.269359588623047,-119.70900726318359,KINGS,UNINCORPORATED,-119.70902252197266,36.269329071044922
91130203,2019,2019-11-26,9440,2019-11-06,0605,016585,,3,1,9,1600,0,2,4,,1,069,"18TH AVE","INDIANA AVE",130.00,N,N,A,-,N,,,,,,,,,,Y,2,0,2,1,A,-,08,22107,,F,E,I,A,A,H,-,B,D,0,,,,,Y,,A,01,1,1,0,0,0,0,0,0,0,"- ","- ",36.276100158691406,-119.78099822998047,KINGS,UNINCORPORATED,-119.78091430664062,36.276035308837891
91130657,2019,2019-11-27,9440,2019-11-17,1320,019226,,7,1,9,1600,0,3,5,,2,020,"13TH AVE","FLINT AVE",900.00,N,N,A,-,N,,,,,,,,,,Y,2,0,4,1,A,-,08,22107,,N,E,I,A,A,H,-,A,D,0,,,,,Y,,D,22,2,2,0,0,0,0,0,0,0,"- ","- ",36.374031066894531,-119.69107818603516,KINGS,UNINCORPORATED,-119.69102478027344,36.374118804931641
91133237,2019,2019-12-02,9440,2019-11-21,2320,019226,,4,3,9,1600,0,2,4,,1,064,"11TH AVE","KENT AVE",2112.00,N,N,A,-,N,,,,,,,,,,Y,2,0,1,1,C,-,18,,,N,H,H,A,A,H,-,D,D,0,,,,,Y,,-,"- ",1,0,0,0,0,0,0,0,0,"- ","- ",36.231590270996094,-119.65493011474609,KINGS,UNINCORPORATED,-119.65484619140625,36.231597900390625
91135311,2019,2019-12-04,9440,2019-11-26,0713,015703,,2,1,9,1600,0,1,3,,1,430,SR-43,"KANSAS AVE",0.00,,Y,A,-,Y,,,43,,,,,,,Y,2,0,2,2,A,-,12,21453,A,N,D,C,A,A,H,-,A,A,0,,,,,Y,,A,01,1,0,1,0,0,0,0,0,0,"- ","- ",36.210899353027344,-119.60051727294922,KINGS,UNINCORPORATED,-119.6005859375,36.210899353027344
91140742,2019,2019-12-11,9440,2019-12-08,2200,018137,,7,3,9,1600,0,1,3,,1,198,"STATE ROUTE 198 EASTBOUND","AVENAL CUTOFF RD",430.00,E,N,B,-,Y,,,198,,,,,,E,Y,2,0,3,1,A,-,01,23152,A,N,E,I,A,B,H,-,C,D,0,,,,,Y,Y,A,01,2,1,0,0,0,0,0,0,0,"- ","- ",36.256038665771484,-119.86679840087891,KINGS,UNINCORPORATED,-119.86688995361328,36.256256103515625
91143352,2019,2019-12-13,9440,2019-10-24,2240,019226,,4,3,9,1600,0,2,4,,1,049,"JACKSON AVE","12TH AVE",3485.00,W,N,A,-,N,,,,,,,,,,Y,1,1,1,2,C,-,18,,,N,G,B,E,A,H,-,D,D,0,Y,,,,Y,,-,"- ",0,1,0,1,0,0,0,0,0,"- ","- ",36.254749298095703,-119.68482971191406,KINGS,UNINCORPORATED,-119.6845703125,36.254768371582031
9114457,2020,2020-09-02,1602,2020-06-16,2054,1431,48,2,5,4,1602,0,0,0,,0,0J2,"HOUSTON AV","11TH AV",51.00,W,N,A,-,N,,,,,,,,,,Y,2,0,1,1,A," ",08,22107,,N,E,I,A,A,H,-,C,A,0,,,,,Y,,-,,1,0,0,0,0,0,0,0,0,"- ","- ",36.325550079345703,-119.64541625976562,KINGS,HANFORD,-119.65498352050781,36.298320770263672
91191891,2020,2020-02-24,9440,2020-02-16,1525,019220,,7,2,9,1600,0,3,5,,2,020,"15TH AVENUE","IONA AVENUE",0.00,,Y,A,-,N,,,,,,,,,,N,2,0,1,2,A,-,11,21954,A,N,G,B,E,A,H,-,A,A,0,Y,,,,Y,,N,60,1,0,0,0,1,0,0,0,0,"- ","- ",36.283618927001953,-119.72709655761719,KINGS,UNINCORPORATED,-119.72702026367188,36.283771514892578
91192239,2020,2020-02-26,9440,2020-01-20,1418,016774,,1,2,9,1600,0,1,3,,1,410,SR-41,"22ND AVE",1584.00,S,N,B,-,Y,,,41,,,,,,,Y,1,2,0,2,A,-,01,23152,F,N,A,C,A,A,H,-,A,D,0,,,,Y,Y,,A,07,0,0,0,0,0,0,0,0,0,"- ","- ",36.157299041748047,-119.85547637939453,KINGS,UNINCORPORATED,-119.85564422607422,36.157497406005859
91234965,2020,2020-05-07,9440,2020-04-27,0546,018639,,1,3,9,1600,0,3,5,,2,020,"15TH AVENUE","LACEY BLVD",373.00,S,N,A,-,N,,,,,,,,,,Y,1,1,0,1,A,-,08,22107,,N,F,A,A,A,H,-,B,D,0,,,,,Y,,D,22,0,0,0,0,0,0,0,0,0,"- ","- ",36.327030181884766,-119.7269287109375,KINGS,UNINCORPORATED,-119.72688293457031,36.327037811279297
91237674,2020,2020-05-14,9495,2020-05-05,0705,019829,,2,1,9,1600,0,1,1,,2,004,"INTERSTATE 5 NORTHBOUND","UTICA AVNUE",10.00,S,N,A,-,Y,,,5,,,,,,N,Y,2,0,2,1,A,-,08,22107,,N,E,I,A,A,H,-,A,D,0,,,,Y,Y,,G,25,1,1,0,0,0,0,0,0,0,"- ","- ",35.934188842773438,-119.91139221191406,KINGS,UNINCORPORATED,-119.91142272949219,35.934154510498047
91246551,2020,2020-06-02,9495,2020-05-30,2200,021213,,6,3,9,1600,0,1,3,,1,007,"STATE ROUTE 33","TEHAMA AVENUE",2640.00,S,N,A,-,Y,,,33,,,,,,,Y,2,0,1,1,A,-,01,23152,A,N,E,I,A,A,H,-,C,D,0,,,,,Y,Y,A,01,1,0,0,0,0,0,0,0,0,"- ","- ",35.957260131835938,-120.10325622558594,KINGS,UNINCORPORATED,-120.10324859619141,35.957267761230469
91247098,2020,2020-06-03,9495,2020-05-10,0020,021351,,7,3,9,1600,0,1,1,,2,004,"INTERSTATE 5 (SOUTHBOUND)","QUEBEC AVENUE",249.00,N,N,A,-,Y,,,5,,,,,,,Y,1,1,1,1,A,-,08,22107,,N,E,I,A,A,H,-,D,D,0,,,,,Y,,A,01,1,0,0,0,0,0,0,0,0,"- ","- ",36.053668975830078,-120.06421661376953,KINGS,UNINCORPORATED,-120.06415557861328,36.053775787353516
91253428,2020,2020-06-17,9495,2020-06-12,0734,020246,,5,1,9,1600,0,1,1,,2,004,"INTERSTATE 5 SOUTHBOUND","MILHAM AVE.",2640.00,N,N,A,-,Y,,,5,,,,,,S,N,2,0,1,1,A,-,04,21703,,N,F,A,A,A,H,-,A,D,0,,,Y,,Y,,C,02,1,0,0,0,0,0,0,0,1,"- ","- ",36.013248443603516,-119.99620819091797,KINGS,UNINCORPORATED,-119.9962158203125,36.013240814208984
91256152,2020,2020-06-23,9495,2020-06-14,2120,20716,,7,2,9,1600,0,3,5,,2,054,"SIXTH STREET","STANDARD OIL AVENUE",0.00,,Y,A,-,N,,,,,,,,,,N,2,0,1,2,A,-,09,21800,A,N,D,G,A,A,H,-,C,D,0,,Y,,,Y,,L,04,1,0,0,0,0,0,1,0,0,"- ","- ",36.003330230712891,-119.57478332519531,KINGS,UNINCORPORATED,-119.96330261230469,36.009220123291016
91258927,2020,2020-06-26,9495,2020-06-20,0732,020246,,6,1,9,1600,0,3,5,,2,054,"AVENAL CUTOFF ROAD","30TH AVENUE",0.00,,Y,A,-,N,,,,,,,,,,Y,2,0,1,2,A,-,09,21801,A,N,D,C,A,A,H,-,A,D,0,,,Y,,Y,,D,22,1,0,0,0,0,0,0,0,1,"- ","- ",36.150569915771484,-119.99504089355469,KINGS,UNINCORPORATED,-120.00399780273438,36.143539428710938
91264628,2020,2020-07-07,9495,2020-06-20,2115,20716,,6,2,9,1600,0,1,3,,1,007,"STATE ROUTE 33","STATE ROUTE 41",8976.00,N,N,A,-,Y,,,33,,,,,,,Y,2,0,2,2,A,-,01,23152,A,N,A,C,A,A,D,-,D,D,0,,,,,Y,Y,A,01,1,1,0,0,0,0,0,0,0,"- ","- ",35.916019439697266,-120.06874847412109,KINGS,UNINCORPORATED,-120.06875610351562,35.916015625
91264798,2020,2020-07-07,9440,2020-07-01,2215,019226,,3,3,9,1600,0,2,4,,1,040,"AVENAL CUTOFF RD","LINCOLN AVE",528.00,N,N,A,-,N,,,,,,,,,,N,2,0,1,2,A,-,08,22107,,N,G,B,F,A,H,-,D,D,0,Y,,,,Y,,A,01,1,0,0,0,1,0,0,0,0,"- ","- ",36.182479858398438,-119.95420074462891,KINGS,UNINCORPORATED,-119.95428466796875,36.182456970214844
91287248,2020,2020-08-21,9440,2020-06-05,0250,020998,,5,3,9,1600,0,1,3,,1,198,"SR-198 E/B","16TH AVE",0.00,,Y,A,-,Y,,,198,,,,,,E,Y,1,1,0,1,A,-,01,23152,F,N,E,I,A,A,H,-,C,A,0,,,,,Y,,A,01,0,0,0,0,0,0,0,0,0,"- ","- ",36.300228118896484,-119.74472808837891,KINGS,UNINCORPORATED,-119.74472045898438,36.300182342529297
91298743,2020,2020-09-03,9440,2020-08-26,1815,017161,,3,2,9,1600,0,2,4,,1,045,"GRANGEVILLE BLVD.","22ND AVE.",0.00,,Y,A,-,N,,,,,,,,,,Y,2,0,2,2,A,-,09,21802,A,N,D,C,A,A,H,-,A,A,0,,,,,Y,,A,01,1,0,1,0,0,0,0,0,0,"- ","- ",36.343990325927734,-119.85128021240234,KINGS,UNINCORPORATED,-119.85127258300781,36.343971252441406
91305160,2020,2020-09-15,9440,2020-09-05,2255,020998,,6,3,9,1600,0,2,4,,1,061,"6TH AVE","REDDING AVE",960.00,N,N,A,-,N,,,,,,,,,,Y,2,0,3,1,A,-,08,22107,,N,E,I,A,A,H,-,D,D,0,,,,,Y,,A,01,2,0,1,0,0,0,0,0,0,"- ","- ",36.024269104003906,-119.57209777832031,KINGS,UNINCORPORATED,-119.57199859619141,36.024173736572266
91315131,2020,2020-09-30,9440,2020-09-26,0950,016774,,6,1,9,1600,0,1,3,,1,410,SR-41,"QUEBEC AVE",2640.00,N,N,A,-,Y,,,41,,,,,,,Y,2,0,1,1,A,-,08,22107,,N,F,A,A,A,H,-,A,D,0,,,Y,,Y,,C,02,1,0,0,0,0,0,0,0,1,"- ","- ",36.057209014892578,-119.94178771972656,KINGS,UNINCORPORATED,-119.94144439697266,36.057029724121094
91317277,2020,2020-10-05,9440,2020-09-24,0010,020936,,4,3,9,1600,0,1,3,,1,410,"SR-41 N/B","FARGO AVE",40.00,N,N,A,-,Y,,,41,,,,,,N,Y,2,0,1,1,A,-,08,22107,,N,F,A,A,A,H,-,D,D,0,,,,,Y,,A,01,1,0,0,0,0,0,0,0,0,"- ","- ",36.357151031494141,-119.8082275390625,KINGS,UNINCORPORATED,-119.80827331542969,36.357147216796875
91339045,2020,2020-11-04,9440,2020-10-23,1900,021086,,5,2,9,1600,0,3,5,,2,020,"15TH AVENUE","IDAHO AVENUE",0.00,,Y,A,-,N,,,,,,,,,,Y,2,0,2,2,A,-,01,23152,A,N,D,C,A,A,H,-,D,A,0,,,,,Y,Y,A,01,1,0,1,0,0,0,0,0,0,"- ","- ",36.269149780273438,-119.72689819335938,KINGS,UNINCORPORATED,-119.72688293457031,36.269161224365234
91340857,2020,2020-11-06,9440,2020-10-28,0640,016774,,3,1,9,1600,0,2,4,,1,061,"6TH AVE","CLINTON AVE",377.00,N,N,A,-,N,,,,,,,,,,Y,2,0,2,2,A,-,01,23152,F,N,A,C,A,A,H,-,A,D,0,,,,,Y,,A,07,2,0,0,0,0,0,0,0,0,"- ","- ",36.452369689941406,-119.56452178955078,KINGS,UNINCORPORATED,-119.56450653076172,36.453403472900391
91341271,2020,2020-11-06,9440,2020-10-30,1622,017630,,5,2,9,1600,0,1,3,,1,198,"SR-198 W/B","11TH AVENUE",600.00,W,N,A,-,Y,,,,,,,,,,Y,2,0,5,3,A,-,03,22350,,N,C,C,A,A,H,-,A,D,0,,,,Y,Y,,A,07,2,2,1,0,0,0,0,0,0,"- ","- ",36.320770263671875,-119.65952301025391,KINGS,UNINCORPORATED,-119.65716552734375,36.321113586425781
91351626,2020,2020-11-23,9440,2020-10-03,0325,018137,,6,3,9,1600,0,1,3,,1,430,SR-43,"NEVADA AVE",2640.00,N,N,A,-,Y,,,43,,,,,,,Y,1,1,0,1,A,-,01,23152,A,N,E,I,A,A,H,-,D,D,0,,,,,Y,Y,A,01,0,0,0,0,0,0,0,0,0,"- ","- ",36.143329620361328,-119.58888244628906,KINGS,UNINCORPORATED,-119.58897399902344,36.143257141113281
91360104,2020,2020-12-07,9440,2020-09-11,0759,015975,,5,1,9,1600,0,1,3,,1,410,"SR-41 N/B","22ND AVE",3889.00,N,N,A,-,Y,,,41,,,,,,N,Y,1,1,0,1,A,-,01,23152,F,N,F,A,A,A,H,-,A,D,0,,,,,Y,,D,22,0,0,0,0,0,0,0,0,0,"- ","- ",36.168869018554688,-119.84272766113281,KINGS,UNINCORPORATED,-119.84276580810547,36.168895721435547
91368824,2020,2020-12-16,9440,2020-11-11,2500,016774,,3,4,9,1600,0,1,3,,1,410,"SR-41 N/B","QUEBEC AVE",3168.00,N,N,A,-,Y,,,41,,,,,,N,Y,1,2,0,1,A,-,01,23152,A,N,E,I,A,A,H,-,D,D,0,,,,,Y,Y,D,22,0,0,0,0,0,0,0,0,0,"- ","- ",36.060031890869141,-119.93962860107422,KINGS,UNINCORPORATED,-119.93966674804688,36.060070037841797
91400750,2020,2022-04-18,9440,2020-09-28,0714,016961,,1,1,9,1600,0,1,3,,1,410,"SR-41 N/B","LACEY BLVD",1056.00,N,N,A,-,Y,,,41,,,,,,N,Y,2,0,1,2,A,-,03,22350,,F,C,C,A,A,H,-,A,D,0,,,,,Y,,A,01,1,0,0,0,0,0,0,0,0,"- ","- ",36.327930450439453,-119.80814361572266,KINGS,UNINCORPORATED,-119.80778503417969,36.327934265136719