CASE_ID,ACCIDENT_YEAR,PROC_DATE,JURIS,COLLISION_DATE,COLLISION_TIME,OFFICER_ID,REPORTING_DISTRICT,DAY_OF_WEEK,CHP_SHIFT,POPULATION,CNTY_CITY_LOC,SPECIAL_COND,BEAT_TYPE,CHP_BEAT_TYPE,CITY_DIVISION_LAPD,CHP_BEAT_CLASS,BEAT_NUMBER,PRIMARY_RD,SECONDARY_RD,DISTANCE,DIRECTION,INTERSECTION,WEATHER_1,WEATHER_2,STATE_HWY_IND,CALTRANS_COUNTY,CALTRANS_DISTRICT,STATE_ROUTE,ROUTE_SUFFIX,POSTMILE_PREFIX,POSTMILE,LOCATION_TYPE,RAMP_INTERSECTION,SIDE_OF_HWY,TOW_AWAY,COLLISION_SEVERITY,NUMBER_KILLED,NUMBER_INJURED,PARTY_COUNT,PRIMARY_COLL_FACTOR,PCF_CODE_OF_VIOL,PCF_VIOL_CATEGORY,PCF_VIOLATION,PCF_VIOL_SUBSECTION,HIT_AND_RUN,TYPE_OF_COLLISION,MVIW,PED_ACTION,ROAD_SURFACE,ROAD_COND_1,ROAD_COND_2,LIGHTING,CONTROL_DEVICE,CHP_ROAD_TYPE,PEDESTRIAN_ACCIDENT,BICYCLE_ACCIDENT,MOTORCYCLE_ACCIDENT,TRUCK_ACCIDENT,NOT_PRIVATE_PROPERTY,ALCOHOL_INVOLVED,STWD_VEHTYPE_AT_FAULT,CHP_VEHTYPE_AT_FAULT,COUNT_SEVERE_INJ,COUNT_VISIBLE_INJ,COUNT_COMPLAINT_PAIN,COUNT_PED_KILLED,COUNT_PED_INJURED,COUNT_BICYCLIST_KILLED,COUNT_BICYCLIST_INJURED,COUNT_MC_KILLED,COUNT_MC_INJURED,PRIMARY_RAMP,SECONDARY_RAMP,LATITUDE,LONGITUDE,COUNTY,CITY,POINT_X,POINT_Y
91405811,2021,2021-02-10,9495,2021-02-06,1153,020246,,6,1,9,1600,0,1,1,,2,004,"INTERSTATE 5 SOUTHBOUND","WATERLOO AVENUE",6336.00,N,N,A,-,Y,,,5,,,,,,S,Y,2,0,1,2,A,-,07,21658,A,N,B,C,A,A,H,-,A,D,0,,,,,Y,,D,22,1,0,0,0,0,0,0,0,0,"- ","- ",35.888229370117188,-119.86467742919922,KINGS,UNINCORPORATED,-119.86481475830078,35.888099670410156
91417757,2021,2021-03-01,9440,2021-02-17,0650,016961,,3,1,9,1600,0,2,4,,1,061,"6TH AVENUE","DOVER AVENUE",648.00,N,N,A,-,N,,,,,,,,,,Y,2,0,3,2,A,-,05,21650,,N,A,C,A,A,H,-,A,D,0,,,,,Y,,A,07,2,0,1,0,0,0,0,0,0,"- ","- ",36.417701721191406,-119.56487274169922,KINGS,UNINCORPORATED,-119.56478118896484,36.417697906494141
91451948,2021,2021-04-16,9440,2021-01-20,2134,020998,,3,2,9,1600,0,2,4,,1,069,"18TH AVENUE","IDAHO AVENUE",293.00,S,N,A,-,N,,,,,,,,,,Y,1,1,0,2,A,-,11,21954,A,N,G,B,E,A,H,-,D,D,0,Y,,,,Y,,N,60,0,0,0,1,0,0,0,0,0,"- ","- ",36.268630981445312,-119.78105163574219,KINGS,UNINCORPORATED,-119.78093719482422,36.268363952636719
91474701,2021,2021-05-17,9440,2021-01-20,2235,021086,,3,3,9,1600,0,1,3,,1,410,"STATE ROUTE 41","NEWTON AVENUE",110.00,N,N,A,-,Y,,,41,,,,,,,Y,1,1,0,1,A,-,01,23152,A,N,E,I,A,A,H,-,C,D,0,,,,,Y,Y,A,07,0,0,0,0,0,0,0,0,0,"- ","- ",36.12384033203125,-119.891357421875,KINGS,UNINCORPORATED,-119.89144897460938,36.123920440673828
91496135,2021,2021-06-14,9440,2021-06-02,1240,016585,,3,1,9,1600,0,2,4,,1,061,"6TH AVE","UTICA AVE",5280.00,S,N,A,-,N,,,,,,,,,,Y,2,0,1,1,A,-,08,22107,,N,F,A,A,A,H,-,A,D,0,,,,,Y,,D,22,1,0,0,0,0,0,0,0,0,"- ","- ",35.927249908447266,-119.57295989990234,KINGS,UNINCORPORATED,-119.57331848144531,35.919918060302734
91503728,2021,2021-06-23,9440,2021-06-09,2500,021114,,3,4,9,1600,0,2,4,,1,061,"6TH AVE.","COUNTY LINE RD.",12144.00,N,N,A,-,N,,,,,,,,,,Y,2,0,4,1,A,-,08,22107,,N,E,I,A,A,H,-,D,D,0,,,,,Y,,A,07,2,1,1,0,0,0,0,0,0,"- ","- ",35.829288482666016,-119.57267761230469,KINGS,UNINCORPORATED,-119.57349395751953,35.822284698486328
91505061,2021,2021-06-24,9440,2021-06-09,0855,016961,,3,1,9,1600,0,1,3,,1,410,SR-41,"NEVADA AVE",1056.00,N,N,A,-,Y,,,41,,,,,,,Y,2,0,3,2,A,-,06,21751,,N,A,C,A,A,H,-,A,D,0,,,,,Y,,D,22,1,1,1,0,0,0,0,0,0,"- ","- ",36.137931823730469,-119.87857818603516,KINGS,UNINCORPORATED,-119.87859344482422,36.137943267822266
91509647,2021,2021-06-30,9495,2021-06-23,1330,019082,,3,1,9,1600,0,1,1,,2,004,"INTERSTATE 5 (SOUTHBOUND)","WATERLOO AVENUE",1584.00,N,N,A,-,Y,,,5,,,,,,,Y,2,0,1,2,A,-,03,22350,,N,C,C,A,A,H,-,A,D,0,,,,,Y,,A,01,1,0,0,0,0,0,0,0,0,"- ","- ",35.878501892089844,-119.85579681396484,KINGS,UNINCORPORATED,-119.85575103759766,35.878547668457031
91517939,2021,2021-07-12,9495,2021-07-04,1145,019082,,7,1,9,1600,0,1,3,,1,010,"STATE ROUTE 41","STANDARD OIL AVENUE",0.00,,Y,A,-,Y,,,41,,,,,,,Y,2,0,2,2,A,-,09,21801,A,N,D,C,A,A,H,-,A,D,0,,,,,Y,,A,01,1,1,0,0,0,0,0,0,0,"- ","- ",36.009101867675781,-119.95939636230469,KINGS,UNINCORPORATED,-119.95930480957031,36.009098052978516
91518770,2021,2021-07-13,9440,2021-04-01,1830,016961,,4,2,9,1600,0,1,3,,1,430,SR-43,"NEVADA AVENUE",9504.00,N,N,A,-,Y,,,43,,,,,,,Y,1,3,2,2,A,-,01,23152,A,N,A,C,A,A,H,-,A,D,0,,,,,Y,Y,A,07,2,0,0,0,0,0,0,0,0,"- ","- ",36.137931823730469,-119.58505249023438,KINGS,UNINCORPORATED,-119.58506011962891,36.137924194335938
91523401,2021,2021-07-19,9440,2021-07-11,0600,016774,,7,1,9,1600,0,1,3,,1,198,"SR-198 E/B",27TH,2640.00,W,N,A,-,Y,,,198,,,,,,E,Y,2,0,1,1,A,-,08,22107,,N,F,A,A,A,H,-,B,D,0,,,,Y,Y,,G,25,1,0,0,0,0,0,0,0,0,"- ","- ",36.255580902099609,-119.94091033935547,KINGS,UNINCORPORATED,-119.94091033935547,36.255588531494141
91542524,2021,2021-08-18,9440,2021-07-31,0508,016585,,6,3,9,1600,0,1,3,,1,198,"SR-198 W/B","HANFORD ARMONA RD",1600.00,W,N,A,-,Y,,,,,,,,,,Y,2,0,1,2,A,-,03,22350,,N,D,C,A,A,H,-,D,D,0,,,,,Y,,A,01,1,0,0,0,0,0,0,0,0,"- ","- ",36.184440612792969,-119.41567230224609,KINGS,UNINCORPORATED,-119.69615173339844,36.313060760498047
91583091,2021,2021-09-29,9440,2021-09-23,1946,017630,,4,2,9,1600,0,1,3,,1,198,"SR-198 W/B","4TH AVE",800.00,W,N,A,-,Y,,,198,,,,,,W,Y,2,0,1,1,A,-,08,22107,,N,E,I,A,A,H,-,D,D,0,,,Y,,Y,,C,02,1,0,0,0,0,0,0,0,1,"- ","- ",36.328620910644531,-119.53691101074219,KINGS,UNINCORPORATED,-119.53691101074219,36.328277587890625
91583791,2021,2021-09-30,9440,2021-09-19,1305,018450,,7,1,9,1600,0,2,4,,1,044,"SR-41 N/B","GRANGEVILLE BLVD",2112.00,S,N,A,-,Y,,,41,,,,,,N,Y,2,0,3,1,A,-,08,22107,,N,E,I,A,A,H,-,A,D,0,,,,,Y,,A,01,2,1,0,0,0,0,0,0,0,"- ","- ",36.335861206054688,-119.80780792236328,KINGS,UNINCORPORATED,-119.80783843994141,36.335861206054688
91588356,2021,2021-10-05,9440,2021-08-25,1555,018450,,3,2,9,1600,0,2,4,,1,043,"EXCELSIOR AVENUE","12 3/4 AVE",1056.00,E,N,A,-,N,,,,,,,,,,Y,1,1,2,2,A,-,09,21804,A,N,D,C,A,A,H,-,A,D,0,,,,,Y,,A,07,1,1,0,0,0,0,0,0,0,"- ","- ",36.401138305664062,-119.68932342529297,KINGS,UNINCORPORATED,-119.68289184570312,36.401187896728516
91589781,2021,2021-10-06,9440,2021-10-01,1703,017161,,5,2,9,1600,0,2,4,,1,067,"14TH AVE","LOCUST ST",134.00,S,N,A,-,N,,,,,,,,,,N,2,0,1,2,A,-,05,21460,A,N,D,C,A,A,H,-,A,D,0,,,Y,,Y,,C,02,1,0,0,0,0,0,0,0,1,"- ","- ",36.316879272460938,-119.70918273925781,KINGS,UNINCORPORATED,-119.70900726318359,36.316593170166016
91596098,2021,2021-10-14,9440,2021-10-06,1324,017630,,3,1,9,1600,0,1,3,,1,198,"SR-198 W/B","REEVES BOULEVARD",0.00,,Y,A,-,Y,,,198,,,,,,W,Y,2,0,1,2,A,-,01,23152,A,N,C,C,A,A,H,-,A,A,0,,,,Y,Y,Y,G,25,1,0,0,0,0,0,0,0,0,"- ","- ",36.255619049072266,-119.89589691162109,KINGS,UNINCORPORATED,-119.89589691162109,36.255542755126953
91597760,2021,2022-04-18,9440,2021-10-05,1945,017161,,2,2,9,1600,0,2,4,,1,045,"GRANGEVILLE BLVD","16TH AVE",0.00,,Y,A,-,N,,,,,,,,,,Y,1,1,1,2,A,-,09,21802,A,N,D,C,A,A,H,-,C,A,0,,,,,Y,,A,01,0,1,0,0,0,0,0,0,0,"- ","- ",36.342609405517578,-119.74478149414062,KINGS,UNINCORPORATED,-119.7447509765625,36.342594146728516
91603711,2021,2021-10-22,9495,2021-10-13,1427,021186,,3,2,9,1600,0,1,1,,2,004,"INTERSTATE 5 SOUTHBOUND","25TH AVENUE",1584.00,S,N,A,-,Y,,,5,,,,,,S,Y,2,0,3,3,A,-,03,22350,,N,C,C,A,A,H,-,A,D,0,,,,Y,Y,,G,25,1,0,2,0,0,0,0,0,0,"- ","- ",35.955211639404297,-119.93347930908203,KINGS,UNINCORPORATED,-119.93345642089844,35.955234527587891
91603816,2021,2021-10-22,9440,2021-06-28,1720,018450,,1,2,9,1600,0,2,4,,1,045,"GRANGEVILLE BLVD","22ND AVE",1056.00,W,N,A,-,N,,,,,,,,,,Y,1,1,0,2,A,-,09,21804,A,N,D,C,A,A,H,-,A,D,0,,,Y,Y,Y,,C,06,0,0,0,0,0,0,0,1,0,"- ","- ",36.344020843505859,-119.84628295898438,KINGS,UNINCORPORATED,-119.85485076904297,36.343967437744141
91620153,2021,2021-11-09,9440,2021-10-31,2210,020998,,7,3,9,1600,0,1,3,,1,198,"SR-198 W/B","15TH AVENUE",1617.00,W,N,A,-,Y,,,198,,,,,,W,Y,2,0,1,2,A,-,03,22350,,N,C,C,A,A,H,-,D,D,0,,,,,Y,,A,07,1,0,0,0,0,0,0,0,0,"- ","- ",36.303298950195312,-119.73252868652344,KINGS,UNINCORPORATED,-119.73252105712891,36.303264617919922
91621378,2021,2021-11-10,9440,2021-10-29,1133,018639,,5,1,9,1600,0,1,3,,1,430,"SR-43 N/B","LANSING AVENUE",522.00,S,N,A,-,Y,,,43,,,,,,N,Y,2,0,1,1,A,-,08,22107,,N,E,I,A,A,H,-,A,D,0,,,,,Y,,A,07,1,0,0,0,0,0,0,0,0,"- ","- ",36.194408416748047,-119.59986114501953,KINGS,UNINCORPORATED,-119.60034942626953,36.194412231445312
91632427,2021,2021-12-07,9440,2021-11-16,0630,016774,,2,1,9,1600,0,1,3,,1,198,"SR-198 W/B","18TH AVE",4224.00,E,N,E,-,Y,,,198,,,,,,W,Y,1,1,0,1,A,-,08,22107,,N,F,0,A,B,H,-,A,D,0,,,,,Y,,A,07,0,0,0,0,0,0,0,0,0,"- ","- ",36.291671752929688,-119.77745819091797,KINGS,UNINCORPORATED,-119.77745819091797,36.291675567626953
91634797,2021,2021-11-24,9440,2021-11-16,1745,017161,,2,2,9,1600,0,3,5,,2,030,"CROSS ST","5TH ST",15.00,N,N,A,-,N,,,,,,,,,,N,2,0,1,1,A,-,17,21712,A,N,H,A,A,A,H,-,C,D,0,,,,,Y,,A,01,1,0,0,0,0,0,0,0,0,"- ","- ",36.187240600585938,-119.82257080078125,KINGS,UNINCORPORATED,-119.82253265380859,36.187160491943359
9164182,2020,2020-10-13,1602,2020-08-22,2019,14101,30,6,5,4,1602,0,0,0,,0,001,"WEST LACEY BL","12TH AV",0.00,,Y,A,-,N,,,,,,,,,,N,2,0,2,2,A,-,03,22350,,N,C,C,A,A,H,-,B,D,0,,,Y,,Y,,C,02,1,0,1,0,0,0,0,0,1,"- ","- ",36.328018188476562,-119.67282104492188,KINGS,HANFORD,-119.67299652099609,36.328140258789062
91646390,2021,2021-12-08,9495,2021-11-29,1930,019829,,1,2,9,1600,0,1,3,,1,007,"STATE ROUTE 33","STATE ROUTE 41",5280.00,N,N,A,-,Y,,,33,,,,,,,Y,2,0,2,1,A,-,08,22107,,N,F,A,A,A,H,-,D,D,0,,,,,Y,,D,22,1,0,1,0,0,0,0,0,0,"- ","- ",35.903278350830078,-120.05509185791016,KINGS,UNINCORPORATED,-120.05509185791016,35.903255462646484
91653308,2021,2021-12-15,9440,2021-12-03,1515,019755,,5,2,9,1600,0,2,4,,1,045,"GRANGEVILLE BLVD","24TH AVENUE",126.00,W,N,A,-,N,,,,,,,,,,Y,2,0,1,2,A,-,03,22350,,N,C,C,A,A,H,-,A,D,0,,,Y,,Y,,C,02,1,0,0,0,0,0,0,0,1,"- ","- ",36.343910217285156,-119.88742065429688,KINGS,UNINCORPORATED,-119.88758850097656,36.343925476074219
91658556,2021,2021-12-22,9440,2021-12-09,0400,020947,,4,3,9,1600,0,1,3,,1,198,"SR-198 E/B","4TH AVE",2112.00,E,N,B,-,Y,,,198,,,,,,E,Y,2,0,1,1,A,-,08,22107,,N,E,I,A,B,H,-,D,D,0,,,,,Y,,A,07,1,0,0,0,0,0,0,0,0,"- ","- ",36.32794189453125,-119.52049255371094,KINGS,UNINCORPORATED,-119.52049255371094,36.3282470703125
9165905,2020,2020-11-09,1603,2020-07-30,1737,1800,LE2,4,5,3,1603,0,0,0,,0,0L1,"W HANFORD ARMONA RD","BENNINGTON AV",12.00,N,N,A,-,N,,,,,,,,,,N,2,0,1,2,A,-,10,21950,A,N,G,B,C,A,H,-,A,D,0,Y,,,Y,Y,,F,26,1,0,0,0,1,0,0,0,0,"- ","- ",,,KINGS,LEMOORE,-119.78868865966797,36.313438415527344
9165917,2020,2020-11-09,1603,2020-07-10,1039,1800,LB2,5,5,3,1603,0,0,0,,0,0L1,"HILL ST","WEST D ST",25.00,N,N,A,-,N,,,,,,,,,,Y,2,0,2,2,A,-,12,22450,A,N,D,C,A,A,H,-,A,A,0,,,,Y,Y,,F,26,1,1,0,0,0,0,0,0,0,"- ","- ",,,KINGS,LEMOORE,-119.78811645507812,36.301368713378906
91665877,2021,2022-02-11,9440,2021-12-16,1717,019755,,4,2,9,1600,0,3,5,,2,020,"6TH ST.","D ST.",286.00,E,N,A,-,N,,,,,,,,,,N,2,0,1,2,A,-,11,21956,A,N,G,B,E,A,H,-,D,D,0,Y,,,,Y,Y,N,60,1,0,0,0,1,0,0,0,0,"- ","- ",36.315361022949219,-119.70480346679688,KINGS,UNINCORPORATED,-119.70479583740234,36.315372467041016
91685592,2022,2022-01-26,9440,2022-01-10,0745,014816,,1,1,9,1600,0,1,3,,1,198,SR-198,"6TH AVENUE",0.00,,Y,E,-,Y,,,,,,,,,,Y,2,0,1,2,A,-,09,21801,A,N,D,C,A,A,H,-,A,D,0,,,,Y,Y,,G,25,1,0,0,0,0,0,0,0,0,"- ","- ",36.194221496582031,-119.33542633056641,KINGS,UNINCORPORATED,-119.56512451171875,36.328517913818359
91691962,2021,2022-02-02,9440,2021-11-01,0533,018639,,1,3,9,1600,0,2,4,,1,061,"6TH AVENUE","FLINT AVENUE",563.00,N,N,B,-,N,,,,,,,,,,Y,1,1,1,2,A,-,01,23152,F,N,A,C,A,A,H,-,D,D,0,,,,,Y,,A,01,1,0,0,0,0,0,0,0,0,"- ","- ",36.373600006103516,-119.56501007080078,KINGS,UNINCORPORATED,-119.56500244140625,36.373516082763672
91692026,2022,2022-02-02,9440,2022-01-25,1840,020998,,2,2,9,1600,0,2,4,,1,061,"6TH AVENUE","GRANGEVILLE BLVD",1859.00,N,N,A,-,N,,,,,,,,,,Y,2,0,1,1,A,-,01,23152,A,N,E,I,A,A,H,-,D,D,0,,,,,Y,Y,A,01,1,0,0,0,0,0,0,0,0,"- ","- ",36.347831726074219,-119.56491088867188,KINGS,UNINCORPORATED,-119.56507110595703,36.347873687744141
91693568,2022,2022-02-04,9495,2022-01-28,2158,019104,,5,2,9,1600,0,1,3,,1,007,"STATE ROUTE 33","TEHAMA AVENUE",6336.00,S,N,A,-,Y,KIN,,33,,,12.855,H,,R,N,2,0,1,1,A,-,08,22107,,N,F,0,A,A,H,-,D,D,0,,,,,Y,,A,01,1,0,0,0,0,0,0,0,0,"- ","- ",35.948429107666016,-120.09678649902344,KINGS,UNINCORPORATED,-120.09674072265625,35.948455810546875
91694644,2022,2022-02-07,9440,2022-01-26,2210,019226,,3,3,9,1600,0,2,4,,1,046,"LACEY BLVD.","16TH AVENUE",2323.00,W,N,A,-,N,,,,,,,,,,Y,2,0,1,1,A,-,08,22107,,N,E,I,A,A,H,-,D,D,0,,,,,Y,,A,01,1,0,0,0,0,0,0,0,0,"- ","- ",36.327991485595703,-119.75299835205078,KINGS,UNINCORPORATED,-119.75263214111328,36.328052520751953
91701483,2022,2022-02-15,9440,2022-01-14,0711,016961,,5,1,9,1600,0,1,3,,1,198,SR-198,"7TH AVE",0.00,,Y,E,-,Y,KIN,,198,,T,22.006,H,,R,Y,2,0,2,3,A,-,03,22350,,F,D,C,A,A,H,-,A,D,0,,,,Y,Y,,A,07,1,0,1,0,0,0,0,0,0,"- ","- ",36.327800750732422,-119.58306884765625,KINGS,UNINCORPORATED,-119.58306884765625,36.327854156494141
91711199,2021,2022-02-28,9440,2021-10-09,1525,020998,,6,2,9,1600,0,1,3,,1,410,"SR-41 N/B","GRANGEVILLE BLVD",50.00,S,N,A,-,Y,,,41,,,,,,N,Y,1,1,0,3,A,-,01,23152,A,F,C,C,A,A,H,-,A,A,0,,,,,Y,Y,D,22,0,0,0,0,0,0,0,0,0,"- ","- ",36.342369079589844,-119.80792999267578,KINGS,UNINCORPORATED,-119.80784606933594,36.342369079589844
91712441,2022,2022-03-01,9440,2022-02-22,1135,014816,,2,1,9,1600,0,2,4,,1,050,"KANSAS AVENUE","14TH AVENUE",125.00,W,N,C,-,N,,,,,,,,,,Y,2,0,1,2,A,-,01,23152,A,N,C,C,A,B,H,-,A,D,0,,,,Y,Y,Y,D,22,1,0,0,0,0,0,0,0,0,"- ","- ",36.211139678955078,-119.70854949951172,KINGS,UNINCORPORATED,-119.70899963378906,36.211116790771484
91718471,2022,2022-03-09,9440,2022-02-28,1908,020250,,1,2,9,1600,0,2,4,,1,067,"14TH AVE","KANSAS AVE",0.00,,Y,A,-,N,,,,,,,,,,Y,2,0,3,2,A,-,12,22450,A,N,D,C,A,A,H,-,D,A,0,,,,,Y,,A,01,1,2,0,0,0,0,0,0,0,"- ","- ",36.211139678955078,-119.70860290527344,KINGS,UNINCORPORATED,-119.70858001708984,36.21112060546875
91727857,2022,2022-03-21,9440,2022-03-16,1240,018566,,3,1,9,1600,0,2,4,,1,040,"AVENAL CUTOFF ROAD","25TH AVENUE",5280.00,N,N,A,-,N,,,,,,,,,,Y,2,0,1,1,A,-,08,22107,,N,E,I,A,A,H,-,A,D,0,,,,,Y,,-,"- ",1,0,0,0,0,0,0,0,0,"- ","- ",36.231029510498047,-119.89198303222656,KINGS,UNINCORPORATED,-119.89232635498047,36.230884552001953
91772853,2022,2022-05-16,9440,2022-05-04,1243,018639,,3,1,9,1600,0,3,5,,2,020,"13TH AVE","FRONT ST",0.00,,Y,A,-,N,,,,,,,,,,Y,2,0,1,2,B,-,22,,,N,D,C,A,A,H,-,A,D,0,,,Y,,Y,,D,22,1,0,0,0,0,0,0,0,1,"- ","- ",36.318218231201172,-119.69101715087891,KINGS,UNINCORPORATED,-119.69099426269531,36.318248748779297
91777715,2022,2022-05-23,9440,2022-05-11,2035,017161,,3,2,9,1600,0,1,3,,1,410,SR-41,"JACKSON AVE",0.00,,Y,A,-,Y,KIN,,41,,R,37.791,H,,R,Y,2,0,4,2,A,-,09,21802,A,N,D,C,A,A,H,-,C,A,0,,,,,Y,Y,D,22,3,0,1,0,0,0,0,0,0,"- ","- ",36.254768371582031,-119.80874633789062,KINGS,UNINCORPORATED,-119.80875396728516,36.254772186279297
91779051,2022,2022-05-24,9440,2022-05-06,0726,016585,,5,1,4,1602,0,1,3,,1,198,"SR-198 E/B","11TH AVE U/C",90.00,W,N,A,-,Y,KIN,,198,,R,17.903,H,,R,Y,2,0,1,2,A,-,05,21651,B,F,A,C,A,A,H,-,A,D,0,,,,,Y,,A,01,1,0,0,0,0,0,0,0,0,"- ","- ",36.321239471435547,-119.65556335449219,KINGS,HANFORD,-119.65555572509766,36.321235656738281
91779232,2022,2022-05-24,9440,2022-01-21,1227,016961,,5,1,9,1600,0,3,5,,2,010,"AVE 54","4TH AVE",0.00,,Y,A,-,N,,,,,,,,,,N,1,1,1,1,A,-,03,22350,,N,E,I,A,A,H,-,A,D,0,,,,,Y,,A,07,0,1,0,0,0,0,0,0,0,"- ","- ",35.888050079345703,-119.53782653808594,KINGS,UNINCORPORATED,,
91786571,2022,2022-06-02,9440,2022-05-26,0158,020998,,4,3,9,1600,0,2,4,,1,050,"KANSAS AVENUE","10 1/2 AVENUE",1320.00,W,N,A,-,N,,,,,,,,,,Y,2,0,1,1,A,-,08,22107,,N,E,I,A,A,H,-,D,D,0,,,,,Y,,A,07,1,0,0,0,0,0,0,0,0,"- ","- ",36.211109161376953,-119.64803314208984,KINGS,UNINCORPORATED,-119.65038299560547,36.211200714111328
91798557,2022,2022-06-20,9440,2022-06-07,0508,014816,,2,3,9,1600,0,2,4,,1,050,"KANSAS AVENUE","6TH AVENUE",94.00,W,N,A,-,N,,,,,,,,,,Y,2,0,2,2,A,-,09,21801,A,N,D,C,A,A,H,-,D,D,0,,,,,Y,,D,22,1,0,1,0,0,0,0,0,0,"- ","- ",36.211040496826172,-119.56494140625,KINGS,UNINCORPORATED,-119.56527709960938,36.211048126220703
91802318,2022,2022-06-23,9440,2022-06-13,0853,014816,,1,1,9,1600,0,2,4,,1,064,"11TH AVE","KENT AVE",528.00,N,N,A,-,N,,,,,,,,,,Y,2,0,1,1,A,-,08,22107,,N,E,I,A,A,H,-,A,D,0,,,,,Y,,A,01,1,0,0,0,0,0,0,0,0,"- ","- ",36.134140014648438,-119.39179229736328,KINGS,UNINCORPORATED,-119.65483856201172,36.227249145507812
91811005,2022,2022-07-06,9440,2022-06-26,2030,020947,,7,2,9,1600,0,3,5,,2,030,"CROSS ST","CENTER ST",0.00,,Y,A,-,N,,,,,,,,,,N,2,0,1,1,A,-,08,22107,,N,F,A,A,A,H,-,B,D,0,,,Y,,Y,,-,"- ",1,0,0,0,0,0,0,0,1,"- ","- ",36.194869995117188,-119.82260894775391,KINGS,UNINCORPORATED,-119.82253265380859,36.194957733154297
91820389,2022,2022-07-19,9495,2022-07-07,1205,019829,,4,1,9,1600,0,1,1,,2,004,"INTERSTATE 5 (NORTHBOUND)","25TH AVENUE",5280.00,N,N,A,-,Y,KIN,,5,,,15.557,H,,R,Y,2,0,3,2,A,-,08,22107,,N,A,C,A,A,H,-,A,D,0,,,,,Y,,A,01,1,1,1,0,0,0,0,0,0,"- ","- ",35.970119476318359,-119.94863891601562,KINGS,UNINCORPORATED,-119.94840240478516,35.970279693603516
9182174,2020,2020-12-07,1602,2020-10-17,1255,14107,42,6,5,4,1602,0,0,0,,0,002,"E 11TH ST","POLE #1333T",21.00,E,N,A,-,N,,,,,,,,,,Y,2,0,1,2,A,-,09,21802,A,N,D,C,A,A,H,-,A,D,0,,,Y,,Y,Y,C,02,1,0,0,0,0,0,0,0,1,"- ","- ",36.331520080566406,-119.63937377929688,KINGS,HANFORD,,
91831546,2022,2022-08-02,9440,2022-07-25,0852,018639,,1,1,9,1600,0,2,4,,1,051,"WHITLEY AVE","7 1/2 AVENUE",234.00,W,N,A,-,N,,,,,,,,,,Y,2,0,1,1,A,-,08,22107,,N,F,A,A,A,H,-,A,D,0,,,,,Y,,A,01,1,0,0,0,0,0,0,0,0,"- ","- ",36.098178863525391,-119.59999084472656,KINGS,UNINCORPORATED,-119.5997314453125,36.098056793212891
91837476,2022,2022-08-10,9495,2022-08-03,0445,020716,,3,3,9,1600,0,1,1,,2,004,"INTERSTATE 5 SOUTHBOUND (WEST SIDE FWY)","AVENAL CUTOFF ROAD",3696.00,S,N,A,-,Y,KIN,,5,,,25.839,H,,L,Y,2,0,5,2,A,-,08,22107,,N,C,C,A,A,H,-,D,D,0,,,,Y,Y,,A,08,1,1,3,0,0,0,0,0,0,"- ","- ",36.067039489746094,-120.08632659912109,KINGS,UNINCORPORATED,-120.08628082275391,36.067092895507812
91840587,2022,2022-08-15,9440,2022-08-05,0555,016585,,5,3,9,1600,0,2,4,,1,070,"22ND AVE.","EVERETT AVE.",150.00,N,N,B,-,N,,,,,,,,,,Y,2,0,1,2,A,-,03,22350,,N,C,C,A,A,H,-,B,D,0,,,,,Y,,A,01,1,0,0,0,0,0,0,0,0,"- ","- ",36.395259857177734,-119.85128784179688,KINGS,UNINCORPORATED,-119.85126495361328,36.395160675048828
91845946,2022,2022-08-22,9440,2022-08-11,0945,014816,,4,1,9,1600,0,3,5,,2,010,"SANTA FE AVENUE","4TH AVENUE",1584.00,N,N,A,-,N,,,,,,,,,,Y,2,0,2,1,A,-,08,22107,,N,F,A,A,A,H,-,A,D,0,,,,Y,Y,,F,26,1,0,1,0,0,0,0,0,0,"- ","- ",36.087108612060547,-119.54834747314453,KINGS,UNINCORPORATED,-119.53900146484375,36.074314117431641
91853387,2022,2022-08-30,9440,2022-08-20,1030,016585,,6,1,9,1600,0,3,5,,2,030,"LANSING AVE.","20TH AVE.",48.00,E,N,A,-,N,,,,,,,,,,N,2,0,1,1,A,-,03,22350,,N,E,I,A,A,D,-,A,A,0,,,,,Y,,A,01,1,0,0,0,0,0,0,0,0,"- ","- ",36.114891052246094,-119.48570251464844,KINGS,UNINCORPORATED,-119.81591033935547,36.196750640869141
91854495,2022,2022-08-31,9440,2022-05-03,2110,018137,,2,2,9,1600,0,2,4,,1,040,"AVENAL CUTOFF ROAD","25TH AVENUE",7392.00,S,N,A,-,N,,,,,,,,,,Y,1,1,0,3,A,-,09,21801,A,N,D,C,A,A,H,-,D,D,0,,,,Y,Y,,A,07,0,0,0,0,0,0,0,0,0,"- ","- ",36.206268310546875,-119.92381286621094,KINGS,UNINCORPORATED,-119.92323303222656,36.206737518310547