CASE_ID,ACCIDENT_YEAR,PROC_DATE,JURIS,COLLISION_DATE,COLLISION_TIME,OFFICER_ID,REPORTING_DISTRICT,DAY_OF_WEEK,CHP_SHIFT,POPULATION,CNTY_CITY_LOC,SPECIAL_COND,BEAT_TYPE,CHP_BEAT_TYPE,CITY_DIVISION_LAPD,CHP_BEAT_CLASS,BEAT_NUMBER,PRIMARY_RD,SECONDARY_RD,DISTANCE,DIRECTION,INTERSECTION,WEATHER_1,WEATHER_2,STATE_HWY_IND,CALTRANS_COUNTY,CALTRANS_DISTRICT,STATE_ROUTE,ROUTE_SUFFIX,POSTMILE_PREFIX,POSTMILE,LOCATION_TYPE,RAMP_INTERSECTION,SIDE_OF_HWY,TOW_AWAY,COLLISION_SEVERITY,NUMBER_KILLED,NUMBER_INJURED,PARTY_COUNT,PRIMARY_COLL_FACTOR,PCF_CODE_OF_VIOL,PCF_VIOL_CATEGORY,PCF_VIOLATION,PCF_VIOL_SUBSECTION,HIT_AND_RUN,TYPE_OF_COLLISION,MVIW,PED_ACTION,ROAD_SURFACE,ROAD_COND_1,ROAD_COND_2,LIGHTING,CONTROL_DEVICE,CHP_ROAD_TYPE,PEDESTRIAN_ACCIDENT,BICYCLE_ACCIDENT,MOTORCYCLE_ACCIDENT,TRUCK_ACCIDENT,NOT_PRIVATE_PROPERTY,ALCOHOL_INVOLVED,STWD_VEHTYPE_AT_FAULT,CHP_VEHTYPE_AT_FAULT,COUNT_SEVERE_INJ,COUNT_VISIBLE_INJ,COUNT_COMPLAINT_PAIN,COUNT_PED_KILLED,COUNT_PED_INJURED,COUNT_BICYCLIST_KILLED,COUNT_BICYCLIST_INJURED,COUNT_MC_KILLED,COUNT_MC_INJURED,PRIMARY_RAMP,SECONDARY_RAMP,LATITUDE,LONGITUDE,COUNTY,CITY,POINT_X,POINT_Y
91855280,2022,2022-09-01,9440,2022-08-20,2123,020936,,6,2,9,1600,0,2,4,,1,045,"GRANGEVILLE BLVD","9 1/4 AVE",800.00,E,N,A,-,N,,,,,,,,,,Y,2,0,1,1,A,-,08,22107,,N,E,I,A,A,H,-,D,D,0,,,,,Y,,D,22,1,0,0,0,0,0,0,0,0,"- ","- ",36.342510223388672,-119.62064361572266,KINGS,UNINCORPORATED,-119.62076568603516,36.342540740966797
9186142,2020,2020-12-07,1602,2020-10-11,0216,1497,59,7,5,4,1602,0,0,0,,0,001,"W HANFORD ARMONA RD","GREENBRIER DR",0.00,,Y,A,-,N,,,,,,,,,,Y,2,0,2,2,A,-,01,23152,,N,A,C,A,A,H,-,C,D,0,,,,,Y,Y,A,01,1,1,0,0,0,0,0,0,0,"- ","- ",36.313510894775391,-119.67295837402344,KINGS,HANFORD,-119.67754364013672,36.313499450683594
91862550,2022,2022-09-12,9440,2022-02-13,0335,019226,,7,3,9,1600,0,1,3,,1,430,"STATE ROUTE 43","NEVADA AVENUE",8448.00,N,N,A,-,Y,KIN,,43,,,6.778,H,,R,Y,1,1,4,1,A,-,03,22350,,N,F,0,A,A,H,-,D,D,0,,,,,Y,,A,01,3,1,0,0,0,0,0,0,0,"- ","- ",36.159011840820312,-119.60041809082031,KINGS,UNINCORPORATED,-119.600341796875,36.159023284912109
91863368,2022,2022-09-13,9440,2022-09-05,2019,020250,,1,2,9,1600,0,1,3,,1,198,"SR-198 E/B","13TH AVE.",500.00,W,N,A,-,Y,KIN,,198,,R,15.612,H,,R,Y,2,0,1,1,A,-,08,22107,,N,F,A,A,A,H,-,D,D,0,,,Y,,Y,,C,02,1,0,0,0,0,0,0,0,1,"- ","- ",36.313030242919922,-119.69509124755859,KINGS,UNINCORPORATED,-119.6951904296875,36.313236236572266
91883933,2022,2022-10-06,9440,2022-06-11,2302,020998,,6,3,9,1600,0,1,3,,1,198,"SR-198 W/B","1 1/2 AVE",36.00,E,N,A,-,Y,KIN,,198,,,27.853,H,,L,Y,1,1,1,4,A,-,08,22101,D,N,G,B,E,A,H,-,C,A,0,Y,,,,Y,,A,01,0,1,0,1,0,0,0,0,0,"- ","- ",36.328330993652344,-119.48380279541016,KINGS,UNINCORPORATED,-119.48380279541016,36.328262329101562
91896547,2022,2022-10-21,9440,2022-07-15,1540,017161,,5,2,9,1600,0,1,3,,1,410,SR-41,"QUEBEC AVE.",3168.00,N,N,A,-,Y,KIN,,41,,,21.912,H,,R,Y,1,1,0,1,A,-,08,22107,,N,E,I,A,A,H,-,A,D,0,,,,,Y,,A,01,0,0,0,0,0,0,0,0,0,"- ","- ",36.058010101318359,-119.94062042236328,KINGS,UNINCORPORATED,-119.94091033935547,36.058109283447266
91904112,2022,2022-10-28,9440,2022-10-20,1856,018639,,4,2,9,1600,0,1,3,,1,430,SR-43,"KENT AVENUE",0.00,,Y,A,-,Y,KIN,,43,,,11.389,H,,R,Y,2,0,2,2,A,-,12,22450,A,N,D,C,A,A,H,-,C,A,0,,,,,Y,,D,22,1,0,1,0,0,0,0,0,0,"- ","- ",36.225910186767578,-119.60080718994141,KINGS,UNINCORPORATED,-119.60080718994141,36.225910186767578
91908812,2022,2022-11-03,9495,2022-03-17,2345,020434,,4,3,9,1600,0,1,1,,2,004,"INTERSTATE 5 (SOUTHBOUND)","25TH AVENUE",5808.00,N,N,A,-,Y,KIN,,5,,,15.687,H,,R,Y,1,1,1,1,A,-,01,23152,A,N,E,I,A,A,H,-,D,D,0,,,,,Y,Y,A,01,1,0,0,0,0,0,0,0,0,"- ","- ",35.971630096435547,-119.95002746582031,KINGS,UNINCORPORATED,-119.94989013671875,35.971725463867188
91924338,2022,2022-11-22,9440,2022-09-11,1907,019755,,7,2,9,1600,0,1,3,,1,410,SR-41,"QUEBEC AVE.",528.00,S,N,A,-,Y,KIN,,41,,,21.208,H,,R,Y,1,3,3,2,A,-,06,21751,,N,A,C,A,A,H,-,B,D,0,,,,,Y,Y,A,01,3,0,0,0,0,0,0,0,0,"- ","- ",36.048690795898438,-119.94589996337891,KINGS,UNINCORPORATED,-119.94590759277344,36.048694610595703
91927412,2022,2022-11-28,9440,2022-11-16,1712,020250,,3,2,4,1602,0,1,3,,1,198,"STATE ROUTE 198 (EASTBOUND)","11TH AVE.",239.00,W,N,A,-,Y,,,,,,,,,,Y,2,0,6,3,A,-,03,22350,,N,C,C,A,A,H,-,D,D,0,,,,,Y,,D,22,1,4,1,0,0,0,0,0,0,"- ","- ",36.32086181640625,-119.65606689453125,KINGS,HANFORD,-119.65611267089844,36.321151733398438
91928042,2022,2022-11-28,9440,2022-10-17,0539,014816,,1,3,9,1600,0,1,3,,1,430,SR-43,"ELDER AVENUE",2112.00,S,N,A,-,Y,KIN,,43,,,23.032,H,,R,Y,1,1,3,4,A,-,05,21650,,N,B,C,A,A,H,-,D,D,0,,,,,Y,,A,01,0,1,2,0,0,0,0,0,0,"- ","- ",36.380348205566406,-119.63694763183594,KINGS,UNINCORPORATED,-119.63707733154297,36.380352020263672
9194660,2020,2021-02-01,1601,2020-05-13,0529,167,3,3,5,3,1601,0,0,0,,0,00N,"RT 43","ORANGE AV",409.00,E,-,A,-,Y,KIN,6,43,-,-,2.460,H,-,S,N,2,0,1,2,A,-,11,21954,A,N,G,B,D,A,H,-,D,D,0,Y,,,,Y,,N,60,1,0,0,0,1,0,0,0,0,"- ","- ",36.100879669189453,-119.55423736572266,KINGS,CORCORAN,-119.55759429931641,36.108226776123047
91958291,2022,2023-01-03,9440,2022-12-22,1807,017161,,4,2,9,1600,0,2,4,,1,047,"HANFORD ARMONA RD","15TH AVE",1214.00,E,N,B,-,N,,,,,,,,,,Y,2,0,2,2,A,-,05,21650,,N,A,C,A,A,H,-,D,D,0,,,,,Y,,A,01,2,0,0,0,0,0,0,0,0,"- ","- ",36.313529968261719,-119.72283935546875,KINGS,UNINCORPORATED,-119.72283172607422,36.313541412353516
91959935,2022,2023-01-04,9440,2022-11-29,0215,019226,,2,3,9,1600,0,3,5,,2,010,"KENT AVENUE","STATE ROUTE 43",0.00,,Y,A,-,Y,KIN,,43,,,11.389,H,,R,Y,1,1,1,2,A,-,12,22450,A,N,D,2,A,A,H,-,D,A,0,,,,Y,Y,,A,07,0,0,1,0,0,0,0,0,0,"- ","- ",36.225898742675781,-119.60083770751953,KINGS,UNINCORPORATED,-119.60080718994141,36.225898742675781
91964391,2022,2023-01-10,9440,2022-12-27,0850,016585,,2,1,9,1600,0,2,4,,1,067,"14TH AVE.","IONA AVE.",540.00,S,N,B,C,N,,,,,,,,,,Y,2,0,1,1,A,-,03,22350,,N,E,I,A,B,H,-,A,D,0,,,,,Y,,A,01,1,0,0,0,0,0,0,0,0,"- ","- ",36.282619476318359,-119.70900726318359,KINGS,UNINCORPORATED,-119.70912933349609,36.282436370849609
91971710,2023,2023-01-19,9440,2023-01-08,"117 ",020936,,7,3,9,1600,0,1,3,,1,430,SR-43,"KENT AVE",0.00,,Y,B,-,Y,KIN,,43," "," ",11.390,H,,R,Y,2,0,2,2,A,-,12,22450,A,N,D,C,A,A,H,-,D,A,0,,,,Y,Y,,A,01,1,1,0,0,0,0,0,0,0,"- ","- ",36.225921630859375,-119.60077667236328,KINGS,UNINCORPORATED,-119.60080718994141,36.225921630859375
9197518,2020,2021-01-25,1602,2020-11-22,1622,1490,9,7,5,4,1602,0,0,0,,0,001,"FARGO AV","FOUNTAIN PLAZA DR",24.00,S,N,A,-,N,,,,,,,,,,N,2,0,2,2,A,-,01,23153,A,N,D,C,A,A,H,-,A,D,0,,,,,Y,Y,A,01,1,1,0,0,0,0,0,0,0,"- ","- ",36.357261657714844,-119.65514373779297,KINGS,HANFORD,-119.65708923339844,36.357250213623047
9197519,2020,2021-01-25,1602,2020-11-10,1735,1425,55,2,5,4,1602,0,0,0,,0,002,"PHILLIPS ST","HANFORD ARMONA RD",0.00,,Y,A,-,N,,,,,,,,,,Y,2,0,3,2,A,-,09,21802,A,N,D,C,A,A,H,-,C,A,0,,,,,Y,,A,01,1,2,0,0,0,0,0,0,0,"- ","- ",36.332748413085938,-119.64568328857422,KINGS,HANFORD,-119.64855194091797,36.313419342041016
91977261,2022,2023-01-25,9440,2022-09-30,0552,016961,,5,3,9,1600,0,2,4,,1,040,"AVENAL CUTOFF RD","GALE AVE",1056.00,S,N,A,-,N,,,,,,,,,,Y,1,1,1,2,A,-,09,21801,A,N,D,C,A,A,H,-,B,D,0,,,Y,,Y,,A,01,0,0,1,0,0,0,0,1,0,"- ","- ",36.179008483886719,-119.95865631103516,KINGS,UNINCORPORATED,-119.95813751220703,36.179431915283203
91982205,2023,2023-01-30,9480,2023-01-18,2100,019543,,3,2,9,1600,0,3,5,,2,006,"AVENUE 240","ROAD 124",0.00,,Y,A,-,N,,,,,,,,,,Y,2,0,3,2,A,-,01,23152,A,N,A,C,A,A,H,-,D,A,0,,,,,Y,Y,A,07,1,0,2,0,0,0,0,0,0,"- ","- ",36.226108551025391,-119.29630279541016,KINGS,UNINCORPORATED,,
91989991,2023,2023-02-08,9495,2023-01-28,1603,021186,,6,2,9,1600,0,3,5,,2,054,"30TH AVENUE","ORANGE AVENUE",2112.00,S,N,A,-,N,,,,,,,,,,Y,2,0,1,1,A,-,01,23152,A,N,E,I,A,A,H,-,A,D,0,,,,,Y,Y,A,01,1,0,0,0,0,0,0,0,0,"- ","- ",36.102390289306641,-120.00376129150391,KINGS,UNINCORPORATED,-120.00369262695312,36.103000640869141
91991582,2023,2023-02-10,9495,2023-02-01,"335 ",021600,,3,3,9,1600,0,1,3,,1,010,"STATE 41","YORK AVENUE",7920.00,N,N,A,-,Y,KIN,,41," "," ",3.681,H,,R,Y,2,0,1,1,A,-,08,22107,,N,F,A,A,A,H,-,D,D,0,,,,,Y,,A,07,1,0,0,0,0,0,0,0,0,"- ","- ",35.837779998779297,-120.08756256103516,KINGS,UNINCORPORATED,-120.08748626708984,35.837757110595703
91995509,2023,2023-02-15,9440,2023-02-11,1911,019226,,6,2,9,1600,0,3,5,,2,020,"13TH AVENUE","FRONT STREET",1584.00,N,N,A,-,N,,,,,,,,,,N,2,0,1,2,A,-,11,21954,A,N,G,B,D,A,H,-,D,D,0,Y,,,,Y,,N,60,1,0,0,0,1,0,0,0,0,"- ","- ",36.323139190673828,-119.69085693359375,KINGS,UNINCORPORATED,-119.69101715087891,36.322597503662109
91999879,2022,2023-02-22,9440,2022-12-19,0512,018639,,1,3,9,1600,0,1,3,,1,430,SR-43,"FARGO AVENUE",3960.00,N,N,A,-,Y,KIN,,43,,,21.882,H,,R,Y,1,1,1,2,A,-,05,21650,,N,A,2,A,A,H,-,D,D,0,,,,Y,Y,,A,01,0,0,1,0,0,0,0,0,0,"- ","- ",36.363399505615234,-119.63150024414062,KINGS,UNINCORPORATED,-119.63150787353516,36.363388061523438
91999882,2022,2023-02-24,9440,2022-12-26,2500,016961,,1,4,9,1600,0,1,3,,1,198,"SR-198 W/B",SR-41,1584.00,W,N,E,-,Y,KIN,,198,,,8.484,H,,L,Y,1,2,0,1,A,-,01,23152,A,N,E,I,A,A,H,-,A,D,0,,,,,Y,Y,A,01,0,0,0,0,0,0,0,0,0,"- ","- ",36.279651641845703,-119.81465911865234,KINGS,UNINCORPORATED,-119.8145751953125,36.279518127441406
91999884,2023,2023-02-22,9440,2023-01-07,1844,020250,,6,2,9,1600,0,1,3,,1,198,"STATE ROUTE 198 W/B","13TH AVENUE",640.00,E,N,A,-,Y,KIN,,198," ",R,15.991,H,,L,Y,1,1,0,2,A,-,11,21954,A,N,G,B,E,A,H,-,C,D,0,Y,,,,Y,Y,N,60,0,0,0,1,0,0,0,0,0,"- ","- ",36.315349578857422,-119.68900299072266,KINGS,UNINCORPORATED,-119.68898773193359,36.315326690673828
92005019,2023,2023-03-13,9440,2023-02-16,"816 ",014816,,4,1,9,1600,0,3,5,,2,030,"19TH AVENUE","JERSEY AVENUE",0.00,,Y,A,-,N,,,,,,,,,,Y,2,0,3,2,A,-,09,21802,A,N,D,C,A,A,H,-,A,A,0,,,,,Y,,A,01,1,2,0,0,0,0,0,0,0,"- ","- ",36.240318298339844,-119.79852294921875,KINGS,UNINCORPORATED,-119.79849243164062,36.240299224853516
92017579,2023,2023-03-14,9440,2023-03-05,1525,020716,,7,2,9,1600,0,1,3,,1,198,"STATE ROUTE 198","7TH AVENUE",1320.00,W,N,B,G,Y,KIN,,198," ",T,21.755,H,,R,Y,2,0,4,2,A,-,03,22350,,N,B,C,A,B,H,-,A,D,0,,,,,Y,,A,07,2,0,2,0,0,0,0,0,0,"- ","- ",36.327869415283203,-119.58756256103516,KINGS,UNINCORPORATED,-119.58756256103516,36.327770233154297
92028198,2023,2023-03-24,9440,2023-03-15,2233,019220,,3,3,9,1600,0,1,3,,1,410,"STATE ROUTE 41 S/B","HANFORD ARMONA RD",2112.00,S,N,A,-,Y,KIN,,41," ",R,41.899,H,,L,Y,2,0,1,1,A,-,08,22107,,N,F,0,A,A,H,-,C,D,0,,,,,Y,,A,01,1,0,0,0,0,0,0,0,0,"- ","- ",36.309780120849609,-119.80824279785156,KINGS,UNINCORPORATED,-119.80813598632812,36.309780120849609
9203131,2020,2021-01-20,1602,2020-11-25,1034,14106,42,3,5,4,1602,0,0,0,,0,002,"N BROWN ST","IVY ST",0.00,,Y,A,-,N,,,,,,,,,,Y,2,0,1,2,A,-,09,21802,A,N,D,C,A,A,H,-,A,A,0,,,,,Y,,A,07,1,0,0,0,0,0,0,0,0,"- ","- ",36.332160949707031,-119.64275360107422,KINGS,HANFORD,-119.64273071289062,36.332160949707031
92034101,2023,2023-03-31,9440,2023-03-18,2055,020716,,6,2,9,1600,0,1,3,,1,410,"STATE ROUTE 41","LACEY BOULEVARD",0.00,,Y,A,-,Y,KIN,,41," ",R,43.151,H,,R,Y,2,0,5,4,A,-,09,21802,A,N,D,C,A,A,H,-,D,A,0,,,,Y,Y,,D,22,2,0,3,0,0,0,0,0,0,"- ","- ",36.327960968017578,-119.80786895751953,KINGS,UNINCORPORATED,-119.80786895751953,36.327960968017578
92036016,2023,2023-04-03,9440,2023-01-28,1530,020250,,6,2,9,1600,0,3,5,,2,030,"ELDER AVENUE","27TH AVENUE",510.00,W,N,A,-,N,,,,,,,,,,Y,1,2,0,2,A,-,05,21650,,N,A,C,A,A,H,-,A,D,0,,,,,Y,,A,01,0,0,0,0,0,0,0,0,0,"- ","- ",36.386310577392578,-119.94297790527344,KINGS,UNINCORPORATED,-119.94123077392578,36.386470794677734
92042017,2023,2025-01-14,9440,2023-04-03,1610,020716,,1,2,9,1600,0,3,5,,2,020,"IDAHO AVENUE","16TH AVENUE",2112.00,W,N,A,-,N,,,,,,,,,,Y,2,0,1,1,A,-,01,23152,A,N,E,I,A,A,H,-,A,D,0,,,,,Y,Y,A,01,1,0,0,0,0,0,0,0,0,"- ","- ",36.269371032714844,-119.75213623046875,KINGS,UNINCORPORATED,-119.75180053710938,36.269405364990234
92043633,2023,2023-04-12,9495,2023-04-02,2132,021186,,7,2,9,1600,0,1,3,,1,010,"STATE ROUTE 41","INTERSTATE 5 NORTHBOUND FROM STATE ROUTE 41",0.00,,Y,A,-,Y,KIN,,41," "," ",16.407,H,,L,Y,2,0,4,2,A,-,09,21801,A,N,D,C,A,A,H,-,C,D,0,,,,,Y,,D,22,1,1,2,0,0,0,0,0,0,"- ","- ",35.983711242675781,-119.96011352539062,KINGS,UNINCORPORATED,-119.96006011962891,35.983707427978516
92052807,2023,2023-04-25,9440,2023-04-16,"55  ",021114,,7,3,9,1600,0,1,3,,1,198,"SR-198 EB FROM 14TH AVENUE","14TH AVE",528.00,E,N,A,-,Y,,,,,,,,,,Y,2,0,1,2,A,-,03,22350,,N,F,A,A,A,H,-,C,D,0,,,,,Y,Y,A,01,1,0,0,0,0,0,0,0,0,"- ","- ",36.309158325195312,-119.70709991455078,KINGS,UNINCORPORATED,-119.70709991455078,36.309158325195312
92079388,2023,2023-05-26,9440,2023-05-17,2028,019755,,3,2,9,1600,0,2,4,,1,046,"LACEY BLVD","CAROLYN AVE",19.00,E,N,A,-,N,,,,,,,,,,N,2,0,1,2,A,-,11,21954,A,N,G,B,D,A,H,-,D,D,0,Y,,,,Y,,N,60,1,0,0,0,1,0,0,0,0,"- ","- ",36.327960968017578,-119.61250305175781,KINGS,UNINCORPORATED,-119.61260223388672,36.327999114990234
92081617,2023,2023-05-30,9440,2023-05-19,1505,017161,,5,2,9,1600,0,1,3,,1,410,SR-41,"LAUREL AVE",0.00,,Y,A,-,Y,KIN,,41," "," ",33.005,H,,R,Y,2,0,1,2,A,-,09,21802,A,N,D,C,A,A,H,-,A,A,0,,,Y,,Y,,A,01,1,0,0,0,0,0,0,0,1,"- ","- ",36.189441680908203,-119.82785797119141,KINGS,UNINCORPORATED,-119.82788848876953,36.189456939697266
92107310,2022,2023-06-30,9495,2022-06-14,2312,021354,,2,3,9,1600,0,1,1,,2,004,"INTERSTATE 5 SOUTHBOUND","STATE ROUTE 41",7920.00,N,N,A,-,Y,KIN,,5,,,18.161,H,,L,N,1,1,0,2,A,-,11,21954,A,F,G,B,D,A,H,-,D,D,0,Y,,,,Y,,N,60,0,0,0,1,0,0,0,0,0,"- ","- ",35.999069213867188,-119.97833251953125,KINGS,UNINCORPORATED,-119.97836303710938,35.999046325683594
92115874,2023,2023-07-13,9440,2023-06-21,2055,020947,,3,2,9,1600,0,3,5,,2,030,"LANSING AVENUE","20TH AVENUE",0.00,,Y,A,-,N,,,,,,,,,,Y,2,0,2,2,A,-,12,22450,A,N,D,C,A,A,H,-,D,A,0,,,Y,,Y,,C,02,1,1,0,0,0,0,0,0,2,"- ","- ",36.196788787841797,-119.81607818603516,KINGS,UNINCORPORATED,-119.81607055664062,36.196750640869141
92131744,2023,2023-07-31,9495,2023-07-16,1800,021351,,7,2,9,1600,0,1,3,,1,010,"STATE ROUTE 41","YORK AVENUE",8448.00,S,N,A,-,Y,KIN,,41," "," ",0.567,H,,R,Y,2,0,1,2,A,-,03,22350,,N,B,C,A,A,H,-,A,D,0,,,Y,,Y,,C,02,1,0,0,0,0,0,0,0,1,"- ","- ",35.796218872070312,-120.10845184326172,KINGS,UNINCORPORATED,-120.10844421386719,35.796218872070312
92133536,2023,2023-08-01,9495,2023-07-24,"445 ",021354,,1,3,9,1600,0,1,1,,2,004,"INTERSTATE 5 NORTHBOUND","XENIA AVENUE",2112.00,N,N,A,-,Y,KIN,,5," "," ",4.841,H,,R,Y,2,0,6,1,A,-,08,22107,,N,E,I,A,A,H,-,D,D,0,,,,,Y,Y,A,01,2,3,1,0,0,0,0,0,0,"- ","- ",35.849620819091797,-119.82785034179688,KINGS,UNINCORPORATED,-119.82801818847656,35.849529266357422
92141093,2023,2023-08-10,9495,2023-08-04,"745 ",019829,,5,1,9,1600,0,1,1,,2,004,"INTERSTATE 5 (SOUTHBOUND)","MILHAM AVENUE",5280.00,S,N,A,-,Y,KIN,,5," "," ",18.562,H,,L,Y,2,0,1,2,A,-,03,22350,,N,C,C,A,A,H,-,A,D,0,,,,Y,Y,,A,07,1,0,0,0,0,0,0,0,0,"- ","- ",36.003501892089844,-119.98298645019531,KINGS,UNINCORPORATED,-119.98295593261719,36.003520965576172
92144981,2023,2023-08-16,9440,2023-08-05,1830,020716,,6,2,9,1600,0,3,5,,2,020,"LOCUST STREET (14300 BLOCK)","ARBOR DRIVE",40.00,E,N,A,-,N,,,,,,,,,,N,2,0,1,2,A,-,08,22107,,N,B,E,A,A,H,-,A,D,0,,,Y,,Y,,C,06,1,0,0,0,0,0,0,0,1,"- ","- ",36.317119598388672,-119.71501922607422,KINGS,UNINCORPORATED,-119.71506500244141,36.317173004150391
92145455,2023,2023-08-16,9440,2023-08-06,1330,020998,,7,1,9,1600,0,2,4,,1,061,"6TH AVENUE","DENVER AVENUE",0.00,,Y,A,-,N,,,,,,,,,,Y,2,0,8,2,A,-,12,22450,A,N,D,C,A,A,H,-,A,A,0,,,,,Y,,E,22,3,3,2,0,0,0,0,0,0,"- ","- ",36.430438995361328,-119.56472015380859,KINGS,UNINCORPORATED,-119.564697265625,36.430408477783203
92146578,2022,2023-08-17,9440,2022-07-01,2345,018137,,5,3,9,1600,0,3,5,,2,020,"JERSEY AVENUE","17TH AVENUE",650.00,W,N,A,-,N,,,,,,,,,,Y,1,2,1,2,A,-,01,23152,G,N,D,C,A,A,H,-,C,A,0,,,,,Y,Y,A,01,1,0,0,0,0,0,0,0,0,"- ","- ",36.240028381347656,-119.76717376708984,KINGS,UNINCORPORATED,-119.76498413085938,36.240039825439453
92151143,2023,2023-08-23,9495,2023-08-12,"435 ",021619,,6,3,9,1600,0,1,1,,2,004,"INTERSTATE 5 NORTHBOUND","UTICA AVENUE",6864.00,S,N,A,-,Y,KIN,,5," "," ",11.142,H,,R,Y,2,0,1,2,A,-,03,22350,,N,C,C,A,A,H,-,B,D,0,,,,Y,Y,,A,08,1,0,0,0,0,0,0,0,0,"- ","- ",35.921001434326172,-119.89792633056641,KINGS,UNINCORPORATED,-119.89793395996094,35.920997619628906
92158122,2023,2023-08-30,9440,2023-03-03,"605 ",016585,,5,1,9,1600,0,2,4,,1,041,"EXCELSIOR AVE","11TH AVE",1235.00,E,N,A,-,N,,,,,,,,,,N,1,1,0,1,C,-,18,,,N,E,I,A,A,H,-,D,D,0,,,,,Y,,-,"- ",0,0,0,0,0,0,0,0,0,"- ","- ",36.401111602783203,-119.6507568359375,KINGS,UNINCORPORATED,-119.65077972412109,36.401138305664062
92176507,2023,2023-09-21,9440,2023-09-11,"954 ",016961,,1,1,9,1600,0,1,3,,1,410,SR-41,"GRANGEVILLE BLVD",528.00,S,N,A,-,Y,KIN,,41," ",R,44.041,H,,R,Y,2,0,1,2,A,-,09,21804,A,N,B,C,A,A,H,-,A,D,0,,,Y,,Y,,C,02,1,0,0,0,0,0,0,0,1,"- ","- ",36.340858459472656,-119.80818939208984,KINGS,UNINCORPORATED,-119.80793762207031,36.340858459472656
92186199,2022,2023-10-02,9440,2022-08-27,0415,020947,,6,3,9,1600,0,2,4,,1,067,"14TH AVE","IONA AVE",2112.00,S,N,A,-,N,,,,,,,,,,Y,1,1,2,2,A,-,01,23152,G,F,A,C,A,A,H,-,D,D,0,,,,,Y,Y,D,22,2,0,0,0,0,0,0,0,0,"- ","- ",36.277519226074219,-119.7091064453125,KINGS,UNINCORPORATED,-119.70909118652344,36.278121948242188
92207972,2023,2023-10-25,9440,2023-10-11,"350 ",020998,,3,3,9,1600,0,2,4,,1,045,"GRANGEVILLE BLVD","7TH AVE",0.00,,Y,A,-,N,,,,,,,,,,Y,2,0,1,3,A,-,12,22450,A,N,D,C,A,A,H,-,C,A,0,,,,,Y,,D,22,1,0,0,0,0,0,0,0,0,"- ","- ",36.342700958251953,-119.58303833007812,KINGS,UNINCORPORATED,-119.58304595947266,36.342685699462891
9222175,2021,2021-03-29,1603,2021-02-11,1340,1800,LO5,4,5,3,1603,0,0,0,,0,0L3,"RT 41","RT 198",12.00,W,N,A,-,Y,KIN,6,41,-,R,40.130,H,-,N,Y,2,0,2,2,A,-,12,22450,A,N,D,C,A,A,H,-,A,A,0,,,,,Y,,A,07,2,0,0,0,0,0,0,0,0,"- ",WF,,,KINGS,LEMOORE,-119.80791473388672,36.284809112548828
92236762,2023,2024-03-20,9440,2023-10-24,"435 ",020936,,2,3,9,1600,0,1,3,,1,410,"SR-41 S/B","FARGO AVE",0.00,,Y,A,-,Y,KIN,,41," ",R,45.153,H,,L,Y,2,0,1,2,A,-,09,21802,A,N,D,C,A,A,H,-,D,A,0,,,,Y,Y,,G,25,1,0,0,0,0,0,0,0,0,"- ","- ",36.356990814208984,-119.80863189697266,KINGS,UNINCORPORATED,-119.80862426757812,36.356990814208984
92237311,2023,2023-11-15,9440,2023-11-04,"650 ",016585,,6,1,9,1600,0,2,4,,1,061,"EXCELSIOR AVE.","6TH AVE.",0.00,,Y,A,-,N,,,,,,,,,,Y,2,0,2,2,A,-,01,23152,A,N,D,C,A,A,H,-,D,A,0,,,,,Y,Y,A,01,1,0,1,0,0,0,0,0,0,"- ","- ",36.401409149169922,-119.56491851806641,KINGS,UNINCORPORATED,-119.56491851806641,36.401374816894531
92249271,2023,2023-11-30,9440,2023-11-20,"615 ",016774,,1,1,9,1600,0,2,4,,1,045,"GRANGEVILLE BLVD","24TH AVE",528.00,W,N,A,-,N,,,,,,,,,,Y,2,0,2,2,A,-,08,22107,,N,C,C,A,A,H,-,D,D,0,,,Y,,Y,,C,06,1,1,0,0,0,0,0,0,2,"- ","- ",36.343818664550781,-119.88964080810547,KINGS,UNINCORPORATED,-119.88894653320312,36.343845367431641
92249979,2023,2023-12-01,9440,2023-01-24,1848,019755,,2,2,9,1600,0,2,4,,1,062,"10TH AVE","NILES AVE",2640.00,S,N,A,-,N,,,,,,,,,,Y,1,2,0,2,A,-,01,23152,G,N,A,C,A,A,H,-,C,D,0,,,,,Y,Y,A,07,0,0,0,0,0,0,0,0,0,"- ","- ",36.109859466552734,-119.64436340332031,KINGS,UNINCORPORATED,-119.64433288574219,36.108993530273438