CASE_ID,ACCIDENT_YEAR,PROC_DATE,JURIS,COLLISION_DATE,COLLISION_TIME,OFFICER_ID,REPORTING_DISTRICT,DAY_OF_WEEK,CHP_SHIFT,POPULATION,CNTY_CITY_LOC,SPECIAL_COND,BEAT_TYPE,CHP_BEAT_TYPE,CITY_DIVISION_LAPD,CHP_BEAT_CLASS,BEAT_NUMBER,PRIMARY_RD,SECONDARY_RD,DISTANCE,DIRECTION,INTERSECTION,WEATHER_1,WEATHER_2,STATE_HWY_IND,CALTRANS_COUNTY,CALTRANS_DISTRICT,STATE_ROUTE,ROUTE_SUFFIX,POSTMILE_PREFIX,POSTMILE,LOCATION_TYPE,RAMP_INTERSECTION,SIDE_OF_HWY,TOW_AWAY,COLLISION_SEVERITY,NUMBER_KILLED,NUMBER_INJURED,PARTY_COUNT,PRIMARY_COLL_FACTOR,PCF_CODE_OF_VIOL,PCF_VIOL_CATEGORY,PCF_VIOLATION,PCF_VIOL_SUBSECTION,HIT_AND_RUN,TYPE_OF_COLLISION,MVIW,PED_ACTION,ROAD_SURFACE,ROAD_COND_1,ROAD_COND_2,LIGHTING,CONTROL_DEVICE,CHP_ROAD_TYPE,PEDESTRIAN_ACCIDENT,BICYCLE_ACCIDENT,MOTORCYCLE_ACCIDENT,TRUCK_ACCIDENT,NOT_PRIVATE_PROPERTY,ALCOHOL_INVOLVED,STWD_VEHTYPE_AT_FAULT,CHP_VEHTYPE_AT_FAULT,COUNT_SEVERE_INJ,COUNT_VISIBLE_INJ,COUNT_COMPLAINT_PAIN,COUNT_PED_KILLED,COUNT_PED_INJURED,COUNT_BICYCLIST_KILLED,COUNT_BICYCLIST_INJURED,COUNT_MC_KILLED,COUNT_MC_INJURED,PRIMARY_RAMP,SECONDARY_RAMP,LATITUDE,LONGITUDE,COUNTY,CITY,POINT_X,POINT_Y
92261950,2023,2023-12-14,9440,2023-12-05,2100,020936,,2,2,9,1600,0,1,3,,1,198,"SR-198 W/B","16TH AVE",160.00,E,N,A,-,Y,KIN,,198," ",R,12.737,H,,L,Y,2,0,4,2,A,-,01,23152,A,N,C,C,A,A,H,-,C,A,0,,,,,Y,Y,D,22,2,1,1,0,0,0,0,0,0,"- ","- ",36.300468444824219,-119.74414825439453,KINGS,UNINCORPORATED,-119.744140625,36.300453186035156
92269316,2023,2023-12-22,9440,2023-12-13,1415,020716,,3,2,9,1600,0,1,3,,1,410,"STATE ROUTE 41","JERSEY AVENUE",0.00,,Y,A,-,Y,KIN,,41," "," ",36.691,H,,R,Y,2,0,2,2,A,-,12,22450,A,N,D,C,A,A,H,-,A,A,0,,,,,Y,,A,01,1,0,1,0,0,0,0,0,0,"- ","- ",36.240558624267578,-119.81649780273438,KINGS,UNINCORPORATED,-119.81641387939453,36.240562438964844
92283155,2023,2024-01-09,9495,2023-08-11,1730,019453,,5,2,9,1600,0,3,5,,2,054,"30TH AVENUE","OMAHA AVENUE",2112.00,N,N,B,-,N,,,,,,,,,,Y,1,1,0,1,A,-,01,23152,F,N,E,8,A,A,H,-,A,D,0,,,,,Y,,A,01,0,0,0,0,0,0,0,0,0,"- ","- ",36.100818634033203,-120.00359344482422,KINGS,UNINCORPORATED,-120.00369262695312,36.100059509277344
92289556,2023,2024-01-17,9440,2023-08-06,"436 ",021114,,7,3,9,1600,0,3,5,,2,020,"15TH AVE","HANFORD ARMONA RD",3168.00,S,N,A,-,Y,KIN,,198," ",R,13.733,H,,L,Y,1,1,0,1,A,-,01,23152,A,N,E,8,A,A,H,-,D,D,0,,,,,Y,Y,A,01,0,0,0,0,0,0,0,0,0,"- ","- ",36.304779052734375,-119.72714233398438,KINGS,UNINCORPORATED,-119.72706604003906,36.304592132568359
92293258,2024,2024-01-22,9440,2024-01-09,2157,020947,,2,2,9,1600,0,3,5,,2,020,"JACKSON AVE","10TH AVE",1584.00,W,N,A,-,N,,,,,,,,,,Y,2,0,1,2,A,-,11,21956,A,N,G,B,E,A,H,-,D,D,0,Y,,,,Y,,N,60,1,0,0,0,1,0,0,0,0,"- ","- ",36.254890441894531,-119.64270782470703,KINGS,UNINCORPORATED,-119.64221954345703,36.254909515380859
9229937,2021,2021-03-19,1602,2021-01-23,2116,1429,8,6,5,4,1602,0,0,0,,0,001,"W FARGO AV","GLACIER WY",0.00,,Y,A,-,N,,,,,,,,,,Y,2,0,6,2,A,-,09,21801,A,N,D,C,A,A,H,-,C,A,0,,,,,Y,,A,01,4,1,1,0,0,0,0,0,0,"- ","- ",36.35723876953125,-119.66182708740234,KINGS,HANFORD,-119.66181945800781,36.357265472412109
92301946,2023,2024-01-31,9440,2023-05-27,2140,020998,,6,2,9,1600,0,1,3,,1,430,SR-43,"DOVER AVENUE",1391.00,S,N,A,-,Y,KIN,,43," "," ",25.210,H,,R,Y,1,1,1,3,A,-,06,21751,,N,B,C,A,A,H,-,D,D,0,,,Y,,Y,,A,01,1,0,0,0,0,0,0,1,1,"- ","- ",36.411861419677734,-119.63680267333984,KINGS,UNINCORPORATED,-119.63682556152344,36.411861419677734
92313067,2024,2024-02-13,9495,2024-02-02,"100 ",021602,,5,3,9,1600,0,3,5,,2,054,"QUAIL AVENUE","STATE ROUTE 41",2112.00,W,N,A,-,N,,,,,,,,,,Y,2,0,1,1,A,-,08,22107,,N,F,A,A,B,H,-,D,D,0,,,,,Y,Y,A,01,1,0,0,0,0,0,0,0,0,"- ","- ",36.036369323730469,-119.96576690673828,KINGS,UNINCORPORATED,-119.96611022949219,36.036331176757812
92313703,2024,2024-02-14,9440,2024-02-05,"455 ",020936,,1,3,9,1600,0,3,5,,2,010,"SANTA FE AVE","OREGON AVENUE",4224.00,S,N,A,-,N,,,,,,,,,,Y,2,0,1,2,A,-,08,22107,,N,C,E,A,B,H,-,D,D,0,,,,Y,Y,,A,01,1,0,0,0,0,0,0,0,0,"- ","- ",36.076671600341797,-119.54067230224609,KINGS,UNINCORPORATED,-119.54104614257812,36.077121734619141
92318173,2023,2024-02-20,9440,2023-09-25,"615 ",018639,,1,1,9,1600,0,1,3,,1,430,"SR43 N/B","PICKERELL AVENUE",0.00,,Y,A,-,Y,KIN,,43," "," ",2.260,H,,R,Y,1,1,0,2,A,-,12,22450,A,N,D,C,A,A,H,-,D,A,0,,,,Y,Y,,A,01,0,0,0,0,0,0,0,0,0,"- ","- ",36.106868743896484,-119.55426788330078,KINGS,UNINCORPORATED,-119.55426788330078,36.10687255859375
92319607,2023,2024-02-21,9440,2023-04-30,1510,019226,,7,2,9,1600,0,2,4,,1,040,"AVENAL CUTOFF ROAD","LAUREL AVENUE",2112.00,N,N,A,-,N,,,,,,,,,,Y,1,2,2,2,A,-,01,23152,F,N,A,C,A,A,H,-,A,D,0,,,,,Y,,A,01,1,1,0,0,0,0,0,0,0,"- ","- ",36.193828582763672,-119.93978881835938,KINGS,UNINCORPORATED,-119.94033813476562,36.193363189697266
92329118,2023,2024-03-20,9440,2023-10-03,2356,020936,,2,3,9,1600,0,1,3,,1,410,"SR-41 S/B","HANFORD ARMONA RD",100.00,N,N,A,-,Y,KIN,,41," ",R,42.170,H,,L,Y,1,1,0,2,A,-,03,22350,,N,C,C,A,A,H,-,C,A,0,,,,Y,Y,,D,22,0,0,0,0,0,0,0,0,0,"- ","- ",36.313720703125,-119.80814361572266,KINGS,UNINCORPORATED,-119.80814361572266,36.313720703125
92341795,2024,2024-03-19,9440,2024-03-03,1445,019226,,7,2,9,1600,0,2,4,,1,041,"STATE ROUTE 41","JACKSON AVENUE",0.00,,Y,A,-,Y,KIN,,41," ",R,37.790,H,,R,Y,2,0,2,2,A,-,09,21802,A,N,D,C,A,A,H,-,A,A,0,,,,,Y,,A,01,1,0,1,0,0,0,0,0,0,"- ","- ",36.254779815673828,-119.80886077880859,KINGS,UNINCORPORATED,-119.80876159667969,36.254753112792969
92343273,2024,2024-03-20,9440,2024-03-08,2100,021213,,5,2,9,1600,0,1,3,,1,430,"STATE ROUTE 43","NEVADA AVENUE",10560.00,N,N,A,-,Y,KIN,,43," "," ",7.282,H,,R,Y,2,0,1,1,A,-,01,23152,A,N,E,I,A,A,H,-,D,D,0,,,,,Y,Y,A,01,1,0,0,0,0,0,0,0,0,"- ","- ",36.166309356689453,-119.60022735595703,KINGS,UNINCORPORATED,-119.60044860839844,36.166313171386719
92367897,2024,2024-04-18,9440,2024-04-08,2253,021114,,1,3,9,1600,0,1,3,,1,430,SR-43,"NEVADA AVE",780.00,N,N,A,-,Y,KIN,,43," "," ",5.241,H,,R,Y,2,0,1,2,A,-,01,23152,A,N,B,C,A,A,H,-,D,D,0,,,,,Y,Y,A,01,1,0,0,0,0,0,0,0,0,"- ","- ",36.139808654785156,-119.58647155761719,KINGS,UNINCORPORATED,-119.58644104003906,36.139823913574219
92372074,2023,2024-04-22,9440,2023-11-20,"920 ",016961,,1,1,9,1600,0,2,4,,1,044,"FARGO AVE","14TH AVE",0.00,,Y,A,-,N,,,,,,,,,,Y,1,1,1,2,A,-,09,21802,A,N,D,2,A,A,H,-,A,A,0,,,,,Y,,A,07,0,1,0,0,0,0,0,0,0,"- ","- ",36.357151031494141,-119.70900726318359,KINGS,UNINCORPORATED,-119.70899200439453,36.357181549072266
92384117,2023,2024-05-07,9495,2023-12-17,"458 ",021877,,7,3,9,1600,0,1,1,,2,004,"INTERSTATE 5 NORTHBOUND","XENIA AVENUE",12144.00,S,N,A,-,Y,KIN,,5," "," ",2.099,H,,R,Y,1,1,2,2,A,-,08,22107,,N,C,E,A,A,H,-,D,D,0,,,,Y,Y,,F,26,0,1,1,0,0,0,0,0,0,"- ","- ",35.816070556640625,-119.80184936523438,KINGS,UNINCORPORATED,-119.80190277099609,35.816043853759766
92389505,2024,2024-05-14,9440,2024-05-04,1000,016774,,6,1,9,1600,0,3,5,,2,030,"LAUREL AVE","19TH AVE",1056.00,W,N,B,-,N,,,,,,,,,,Y,2,0,1,1,A,-,08,22107,,N,F,A,A,A,H,-,A,D,0,,,Y,,Y,,C,02,1,0,0,0,0,0,0,0,1,"- ","- ",36.189548492431641,-119.79377746582031,KINGS,UNINCORPORATED,-119.80177307128906,36.189495086669922
92410245,2024,2024-06-10,9440,2024-06-01,1850,021665,,6,2,9,1600,0,2,4,,1,047,"HANFORD ARMONA ROAD","17TH AVENUE",1072.00,E,N,A,-,N,,,,,,,,,,Y,2,0,2,1,A,-,08,22107,,N,F,A,A,A,H,-,A,D,0,,,,,Y,,D,22,1,1,0,0,0,0,0,0,0,"- ","- ",36.313430786132812,-119.75927734375,KINGS,UNINCORPORATED,-119.7591552734375,36.313491821289062
92417040,2024,2024-06-18,9440,2024-06-10,1740,020936,,1,2,9,1600,0,2,4,,1,040,"AVENAL CUTOFF RD","LAUREL AVE",1584.00,N,N,A,-,N,,,,,,,,,,Y,2,0,5,3,A,-,01,23152,A,N,B,C,A,A,H,-,A,D,0,,,,,Y,Y,A,07,1,0,4,0,0,0,0,0,0,"- ","- ",36.192630767822266,-119.94129180908203,KINGS,UNINCORPORATED,-119.94162750244141,36.192356109619141
92421934,2024,2024-06-24,9440,2024-06-05,"845 ",020250,,3,1,9,1600,0,1,3,,1,198,"STATE ROUTE 198 (EASTBOUND)","11TH AVE",1584.00,W,N,A,-,Y,KIN,,198," ",R,17.595,H,,R,N,2,0,1,2,A,-,03,22350,,F,B,D,A,A,H,-,A,D,0,,,,,Y,,-,99,1,0,0,0,0,0,0,0,0,"- ","- ",36.320388793945312,-119.66094970703125,KINGS,UNINCORPORATED,-119.66094970703125,36.320388793945312
92421960,2024,2024-06-24,9440,2024-06-13,"410 ",020926,,4,3,9,1600,0,2,4,,1,048,"HOUSTON AVE","6TH AVE",5280.00,E,N,A,-,N,,,,,,,,,,Y,2,0,1,1,A,-,03,22350,,N,E,8,A,A,H,-,D,A,0,,,,,Y,,A,01,1,0,0,0,0,0,0,0,0,"- ","- ",36.298679351806641,-119.54720306396484,KINGS,UNINCORPORATED,-119.54724884033203,36.298648834228516
9253405,2021,2021-04-26,1602,2021-03-21,1754,1469,1,7,5,4,1602,0,0,0,,0,001,"W HUMBOLDT DR","CERRITOS AV",0.00,,Y,A,-,N,,,,,,,,,,N,2,0,1,2,A,-,12,22450,,N,D,B,D,A,H,-,A,A,0,Y,,,,Y,,N,60,1,0,0,0,1,0,0,0,0,"- ","- ",36.335750579833984,-119.67652893066406,KINGS,HANFORD,-119.676513671875,36.335708618164062
9268470,2021,2021-06-25,1602,2021-05-27,1154,1465,50,4,5,4,1602,0,0,0,,0,002,"E LACEY BL","9 1/4 AV",187.00,E,N,A,-,N,,,,,,,,,,Y,2,0,1,2,A,-,03,22350,,N,E,I,A,A,H,-,A,D,0,,,Y,,Y,,C,02,1,0,0,0,0,0,0,0,1,"- ","- ",36.326938629150391,-119.62262725830078,KINGS,HANFORD,-119.62285614013672,36.328010559082031
9285851,2021,2021-08-10,1603,2021-06-08,2000,1800,LA1,2,5,3,1603,0,0,0,,0,0L3,"FOX ST","B ST",0.00,,Y,A,-,N,,,,,,,,,,Y,2,0,1,2,A,-,09,21803,A,N,D,C,A,A,H,-,A,A,0,,,Y,,Y,,C,02,1,0,0,0,0,0,0,0,1,"- ","- ",,,KINGS,LEMOORE,-119.78598022460938,36.29937744140625
9285872,2021,2021-08-04,1602,2021-06-03,1155,1465,54,4,5,4,1602,0,0,0,,0,001,"W HANFORD ARMONA RD","ANACAPA AV",0.00,,Y,A,-,N,,,,,,,,,,Y,2,0,1,2,A,-,09,21802,A,N,D,C,A,A,H,-,A,A,0,,,Y,,Y,,A,01,1,0,0,0,0,0,0,0,1,"- ","- ",36.313461303710938,-119.65998077392578,KINGS,HANFORD,-119.65994262695312,36.313453674316406
9320244,2021,2023-06-21,1602,2021-11-30,1116,1465,42,2,5,4,1602,0,0,0,,0,002,"8TH ST","N DOUTY ST",9.00,W,N,A,-,N,,,,,,,,,,N,1,1,0,2,A,-,10,21950,A,N,G,B,B,A,H,-,A,A,0,Y,,,,Y,,D,22,0,0,0,1,0,0,0,0,0,"- ","- ",36.327701568603516,-119.64594268798828,KINGS,HANFORD,-119.64595794677734,36.327720642089844
9320463,2022,2022-03-03,1602,2022-01-28,1148,1465,3,5,5,4,1602,0,0,0,,0,001,"FLINT AV","JOSHUA ST",360.00,W,N,A,-,N,,,,,,,,,,N,1,1,0,2,A,-,06,21760,C,N,B,G,A,A,E,H,A,D,0,,Y,,,Y,,A,01,0,0,0,0,0,1,0,0,0,"- ","- ",,,KINGS,HANFORD,-119.65066528320312,36.37188720703125
9340909,2021,2021-10-28,1602,2021-09-11,2202,14103,40,6,5,4,1602,0,0,0,,0,001,"N 11TH AV","N 11TH AV 533",0.00,,N,A,-,N,,,,,,,,,,N,2,0,1,2,A,-,11,21954,A,N,A,B,D,A,H,-,C,D,0,Y,,,,Y,,N,60,1,0,0,0,1,0,0,0,0,"- ","- ",36.330608367919922,-119.65493774414062,KINGS,HANFORD,-119.65518951416016,36.323577880859375
9364073,2021,2021-12-13,1602,2021-10-10,0936,1469,11,7,5,4,1602,0,0,0,,0,002,"E FARGO AV",ENCORE,0.00,,Y,A,-,N,,,,,,,,,,Y,2,0,1,3,A,-,09,21804,,N,D,D,A,A,H,-,A,D,0,,,Y,,Y,,A,01,1,0,0,0,0,0,0,0,1,"- ","- ",36.3572998046875,-119.63349151611328,KINGS,HANFORD,-119.63314056396484,36.3572998046875
9382532,2021,2022-03-29,1602,2021-12-03,2109,14106,57,5,5,4,1602,0,0,0,,0,002,"RT 198","9TH AV",0.00,,Y,A,-,Y,KIN,6,198,-,R,19.910,H,-,W,Y,2,0,2,2,A,-,01,23153,A,N,C,C,A,A,H,-,C,D,0,,,,,Y,Y,A,01,1,0,1,0,0,0,0,0,0,"- ","- ",36.326610565185547,-119.61743927001953,KINGS,HANFORD,-119.61978912353516,36.324485778808594
9386050,2021,2022-01-14,1602,2021-12-16,0554,14108,24,4,5,4,1602,0,0,0,,0,001,"W GRANGEVILLE BL","11TH AV",0.00,,Y,A,-,N,,,,,,,,,,Y,2,0,2,2,A,-,12,21453,A,N,D,C,A,A,H,-,C,A,0,,,,,Y,,A,01,1,0,1,0,0,0,0,0,0,"- ","- ",36.342658996582031,-119.65512084960938,KINGS,HANFORD,-119.65512847900391,36.342666625976562
9386094,2021,2022-01-04,1602,2021-11-13,0046,14103,33,6,5,4,1602,0,0,0,,0,001,"N 11TH AV",CAMERON,0.00,,Y,E,-,N,,,,,,,,,,Y,2,0,1,3,A,-,01,23152,A,N,B,C,A,B,H,-,C,D,0,,,,,Y,Y,A,01,1,0,0,0,0,0,0,0,0,"- ","- ",36.334888458251953,-119.65514373779297,KINGS,HANFORD,-119.6551513671875,36.336715698242188
9402562,2022,2022-02-10,1602,2022-01-15,2038,14109,15,6,5,4,1602,0,0,0,,0,001,"N 11TH AV","N 11TH AV 2236",0.00,,-,A,-,N,,,,,,,,,,Y,2,0,1,1,A,-,08,22107,,N,E,I,A,A,H,-,C,D,0,,,,,Y,,A,01,1,0,0,0,0,0,0,0,0,"- ","- ",36.352531433105469,-119.65534210205078,KINGS,HANFORD,-119.65518951416016,36.323577880859375
9407160,2022,2022-03-08,1602,2022-01-24,2041,1461,62,1,5,4,1602,0,0,0,,0,002,"THOMPSON DR","LIGHT POLE 671284E",75.00,E,N,A,-,N,,,,,,,,,,N,2,0,1,1,A,-,03,22350,,N,H,A,A,A,H,-,C,D,0,,,Y,,Y,,C,02,1,0,0,0,0,0,0,0,1,"- ","- ",36.308338165283203,-119.64945220947266,KINGS,HANFORD,,
9411186,2022,2022-03-02,1602,2022-02-04,1751,14101,43,5,5,4,1602,0,0,0,,0,002,"N 10TH AV","E 10TH ST",0.00,,Y,A,-,N,,,,,,,,,,N,2,0,1,2,A,-,11,21954,A,F,G,B,D,A,H,-,C,D,0,Y,,,,Y,,N,60,1,0,0,0,1,0,0,0,0,"- ","- ",36.329891204833984,-119.63699340820312,KINGS,HANFORD,-119.63716125488281,36.330127716064453
94112918,2024,2024-09-13,9440,2024-07-12,1930,020998,,5,2,9,1600,0,2,4,,1,067,"14TH AVENUE","FRONT STREET",100.00,S,N,A,-,N,,,,,,,,,,N,2,0,2,2,A,-,03,22350,,F,C,C,A,A,H,-,A,D,0,,,,,Y,,D,22,1,1,0,0,0,0,0,0,0,"- ","- ",36.315441131591797,-119.70905303955078,KINGS,UNINCORPORATED,-119.70900726318359,36.315486907958984
94354446,2024,2024-08-14,9495,2024-07-29,1740,019453,,1,2,9,1600,0,1,3,,1,010,"STATE ROUTE  41","UTICA AVENUE",2376.00,S,N,A,-,Y,KIN,,41," "," ",11.186,H,,R,Y,2,0,4,2,A,-,01,23152,A,N,A,C,A,A,H,-,A,D,0,,,,,Y,Y,A,01,2,2,0,0,0,0,0,0,0,"- ","- ",35.929039001464844,-120.02158355712891,KINGS,UNINCORPORATED,-120.02153778076172,35.929027557373047
94366479,2024,2024-08-22,9440,2024-08-15,1240,016585,,4,1,9,1600,0,3,5,,2,020,"FRONT ST.","14TH AVE.",244.00,E,N,A,-,N,,,,,,,,,,N,2,0,1,2,A,-,08,22107,,N,A,G,A,A,H,-,A,D,0,,Y,,,Y,,L,04,1,0,0,0,0,0,1,0,0,"- ","- ",36.315860748291016,-119.70809936523438,KINGS,UNINCORPORATED,-119.70819854736328,36.315883636474609
94369426,2024,2024-08-26,9440,2024-08-11,"705 ",018639,,7,1,9,1600,0,3,5,,2,020,"13TH AVE","FARGO AVENUE",1056.00,N,N,A,-,N,,,,,,,,,,Y,2,0,2,2,A,-,03,22350,,N,C,C,A,A,H,-,A,D,0,,,,,Y,,D,22,1,1,0,0,0,0,0,0,0,"- ","- ",36.360061645507812,-119.69103240966797,KINGS,UNINCORPORATED,-119.69101715087891,36.360019683837891
94369516,2024,2024-08-26,9440,2024-08-12,"210 ",020947,,1,3,9,1600,0,3,5,,2,020,"12TH AVE","NILES AVE",0.00,,Y,A,-,N,,,,,,,,,,Y,2,0,1,1,A,-,03,22350,,N,E,I,A,A,H,-,D,D,0,,,,,Y,,D,22,1,0,0,0,0,0,0,0,0,"- ","- ",36.116950988769531,-119.67999267578125,KINGS,UNINCORPORATED,-119.68003845214844,36.116909027099609
94379611,2024,2024-09-03,9440,2024-04-24,1948,020998,,3,2,9,1600,0,2,4,,1,066,"12 3/4 AVE","DOUGLAS AVE",0.00,,Y,A,-,N,,,,,,,,,,Y,1,1,0,2,A,-,01,23152,F,N,D,C,A,A,H,-,D,A,0,,,,Y,Y,,D,22,0,0,0,0,0,0,0,0,0,"- ","- ",36.423019409179688,-119.68630981445312,KINGS,UNINCORPORATED,,
94388050,2024,2024-09-10,9440,2024-05-09,1245,020250,,4,1,9,1600,0,3,5,,2,030,"GRANGEVILLE BYPASS","GRANGEVILLE BLVD",2640.00,N,N,A,-,N,,,,,,,,,,Y,1,1,0,1,A,-,01,23152,A,N,F,A,A,A,H,-,A,D,0,,,,,Y,Y,A,01,0,0,0,0,0,0,0,0,0,"- ","- ",36.350231170654297,-119.90531921386719,KINGS,UNINCORPORATED,-119.90377807617188,36.342990875244141
94393600,2024,2024-09-13,9440,2024-03-08,2219,021213,,5,3,9,1600,0,3,5,,2,020,"FRONT STREET","OAK AVENUE",395.00,E,N,A,-,N,,,,,,,,,,N,1,1,0,2,A,-,11,21954,A,N,G,B,E,A,H,-,D,D,0,Y,,,,Y,,-,"- ",0,0,0,1,0,0,0,0,0,"- ","- ",36.317340850830078,-119.69915771484375,KINGS,UNINCORPORATED,-119.69922637939453,36.317333221435547
94429337,2024,2024-10-28,9440,2024-09-29,"358 ",021213,,7,3,9,1600,0,1,3,,1,410,"STATE ROUTE 41 (SR-41)","GRANGEVILLE BLVD.",0.00,,Y,A,-,Y,KIN,,41," ",R,44.149,H,,L,Y,2,0,6,2,A,-,01,23152,A,N,A,C,A,A,H,-,C,A,0,,,,,Y,Y,A,01,3,2,1,0,0,0,0,0,0,"- ","- ",36.342418670654297,-119.80832672119141,KINGS,UNINCORPORATED,-119.80824279785156,36.342418670654297
94450633,2024,2024-10-30,9440,2024-08-10,2100,020998,,6,2,9,1600,0,2,4,,1,062,"10TH AVENUE","IONA AVENUE",120.00,S,N,A,-,N,,,,,,,,,,N,1,1,0,2,A,-,11,21954,A,N,G,B,D,A,H,-,D,D,0,Y,,,,Y,,N,60,0,0,0,1,0,0,0,0,0,"- ","- ",36.283840179443359,-119.63697814941406,KINGS,UNINCORPORATED,-119.63694000244141,36.283859252929688
94458641,2024,2024-11-05,9440,2024-08-14,1600,016774,,3,2,9,1600,0,2,4,,1,050,"KANSAS AVENUE","10 1/2 AVENUE",57.00,W,N,A,-,N,,,,,,,,,,Y,1,1,0,2,A,-,09,21802,A,N,F,A,A,A,H,-,A,D,0,,,Y,Y,Y,,F,24,0,0,0,0,0,0,0,1,0,"- ","- ",36.211238861083984,-119.64653015136719,KINGS,UNINCORPORATED,-119.64610290527344,36.211265563964844
94458938,2024,2024-11-05,9440,2024-06-24,"55  ",019829,,1,3,9,1600,0,3,5,,2,020,"13TH AVENUE","LACEY BOULEVARD",1320.00,S,N,A,-,N,,,,,,,,,,Y,1,1,0,2,A,-,05,21202,A,N,H,G,A,A,H,-,D,D,0,,Y,,,Y,Y,L,04,0,0,0,0,0,1,0,0,0,"- ","- ",36.326148986816406,-119.69101715087891,KINGS,UNINCORPORATED,-119.69101715087891,36.324447631835938
94475109,2024,2024-11-19,9440,2024-07-03,"345 ",020936,,3,3,9,1600,0,3,5,,2,020,"KENT AVE","16TH AVE",1584.00,E,N,A,-,N,,,,,,,,,,Y,1,1,0,2,A,-,11,21956,,F,G,B,E,A,H,-,D,D,0,Y,,,,Y,,N,60,0,0,0,1,0,0,0,0,0,"- ","- ",36.225601196289062,-119.73863983154297,KINGS,UNINCORPORATED,-119.7391357421875,36.225528717041016
94500028,2024,2024-12-13,9440,2024-11-27,2020,021660,,3,2,9,1600,0,2,4,,1,063,"10 1/2 AVE","LANSING AVE",4224.00,S,N,A,-,N,,,,,,,,,,Y,2,0,2,2,A,-,01,23152,A,N,B,C,A,A,H,-,D,D,0,,,,,Y,Y,A,07,2,0,0,0,0,0,0,0,0,"- ","- ",36.184501647949219,-119.64588928222656,KINGS,UNINCORPORATED,,
94509718,2024,2024-12-19,9440,2024-12-15,"400 ",018840,,7,3,9,1600,0,3,5,,2,030,"JERSEY AVENUE","21ST AVENUE",0.00,,Y,A,-,N,,,,,,,,,,Y,2,0,2,1,A,-,01,23152,A,N,E,I,A,A,H,-,D,D,0,,,,,Y,Y,A,01,1,1,0,0,0,0,0,0,0,"- ","- ",36.240688323974609,-119.83444213867188,KINGS,UNINCORPORATED,-119.83433532714844,36.24066162109375
94524141,2024,2025-01-02,9440,2024-09-27,1550,019226,,5,2,9,1600,0,1,3,,1,410,"STATE ROUTE 41","LACEY BLVD",0.00,,Y,A,-,Y,KIN,,41," ",R,43.150,H,,R,Y,1,1,1,3,A,-,09,21801,A,N,D,C,A,A,H,-,A,D,0,,,,,Y,,A,07,0,1,0,0,0,0,0,0,0,"- ","- ",36.327949523925781,-119.80789184570312,KINGS,UNINCORPORATED,-119.80786895751953,36.327949523925781
94525815,2024,2025-01-06,9440,2024-12-24,"750 ",021660,,2,1,9,1600,0,3,5,,2,020,"14 1/2 AVE","LAUREL AVE",11088.00,S,N,B,-,N,,,,,,,,,,Y,2,0,1,2,A,-,01,23152,A,N,B,C,A,A,H,-,A,D,0,,,,,Y,Y,A,01,1,0,0,0,0,0,0,0,0,"- ","- ",36.158950805664062,-119.71734619140625,KINGS,UNINCORPORATED,,
94536026,2025,2025-01-13,9440,2025-01-03,"743 ",018639,,5,1,9,1600,0,1,3,,1,410,SR-41,"QUAIL AVENUE",108.00,N,N,B,-,Y,KIN,,41," "," ",20.103,H,,R,Y,2,0,2,2,A,-,06,21751,,N,A,C,A,A,H,-,A,D,0,,,,,Y,,A,01,1,1,0,0,0,0,0,0,0,"- ","- ",36.036701202392578,-119.95887756347656,KINGS,UNINCORPORATED,-119.95887756347656,36.036701202392578
94552706,2024,2025-01-28,9440,2024-09-19,1940,020998,,4,2,9,1600,0,2,4,,1,042,"FREMONT ST","21ST AVENUE",231.00,E,N,A,-,N,,,,,,,,,,Y,1,1,0,1,A,-,01,23152,A,N,E,I,A,A,H,-,D,D,0,,,,,Y,Y,A,07,0,0,0,0,0,0,0,0,0,"- ","- ",36.365829467773438,-119.83265686035156,KINGS,UNINCORPORATED,-119.83324432373047,36.365798950195312
94567606,2024,2025-02-06,9440,2024-08-28,2229,020947,,3,3,9,1600,0,1,3,,1,410,"SR-41 N/B","NEVADA AVE",4224.00,N,N,A,-,Y,KIN,,41," "," ",29.285,H,,R,Y,1,1,1,2,A,-,05,21650,,N,A,C,A,A,H,-,D,D,0,,,,,Y,,-,"- ",0,1,0,0,0,0,0,0,0,"- ","- ",36.146820068359375,-119.86817169189453,KINGS,UNINCORPORATED,-119.86818695068359,36.146835327148438
9457681,2022,2022-06-09,1601,2022-01-12,1731,74,10,3,5,3,1601,0,0,0,,0,00S,"LETTS AV","WHITLEY AV",0.00,,Y,A,-,N,,,,,,,,,,Y,2,0,1,2,A,-,09,21801,A,N,A,C,A,A,H,-,C,A,0,,,,,Y,,A,08,1,0,0,0,0,0,0,0,0,"- ","- ",36.098068237304688,-119.56749725341797,KINGS,CORCORAN,-119.56752014160156,36.098037719726562