CASE_ID,ACCIDENT_YEAR,PROC_DATE,JURIS,COLLISION_DATE,COLLISION_TIME,OFFICER_ID,REPORTING_DISTRICT,DAY_OF_WEEK,CHP_SHIFT,POPULATION,CNTY_CITY_LOC,SPECIAL_COND,BEAT_TYPE,CHP_BEAT_TYPE,CITY_DIVISION_LAPD,CHP_BEAT_CLASS,BEAT_NUMBER,PRIMARY_RD,SECONDARY_RD,DISTANCE,DIRECTION,INTERSECTION,WEATHER_1,WEATHER_2,STATE_HWY_IND,CALTRANS_COUNTY,CALTRANS_DISTRICT,STATE_ROUTE,ROUTE_SUFFIX,POSTMILE_PREFIX,POSTMILE,LOCATION_TYPE,RAMP_INTERSECTION,SIDE_OF_HWY,TOW_AWAY,COLLISION_SEVERITY,NUMBER_KILLED,NUMBER_INJURED,PARTY_COUNT,PRIMARY_COLL_FACTOR,PCF_CODE_OF_VIOL,PCF_VIOL_CATEGORY,PCF_VIOLATION,PCF_VIOL_SUBSECTION,HIT_AND_RUN,TYPE_OF_COLLISION,MVIW,PED_ACTION,ROAD_SURFACE,ROAD_COND_1,ROAD_COND_2,LIGHTING,CONTROL_DEVICE,CHP_ROAD_TYPE,PEDESTRIAN_ACCIDENT,BICYCLE_ACCIDENT,MOTORCYCLE_ACCIDENT,TRUCK_ACCIDENT,NOT_PRIVATE_PROPERTY,ALCOHOL_INVOLVED,STWD_VEHTYPE_AT_FAULT,CHP_VEHTYPE_AT_FAULT,COUNT_SEVERE_INJ,COUNT_VISIBLE_INJ,COUNT_COMPLAINT_PAIN,COUNT_PED_KILLED,COUNT_PED_INJURED,COUNT_BICYCLIST_KILLED,COUNT_BICYCLIST_INJURED,COUNT_MC_KILLED,COUNT_MC_INJURED,PRIMARY_RAMP,SECONDARY_RAMP,LATITUDE,LONGITUDE,COUNTY,CITY,POINT_X,POINT_Y
94591791,2025,2025-02-27,9440,2025-01-24,2338,021351,,5,3,9,1600,0,2,4,,1,050,"KANSAS AVENUE","17TH AVENUE",0.00,,Y,A,-,N,,,,,,,,,,Y,1,3,2,2,A,-,09,21802,A,N,D,C,A,A,H,-,D,A,0,,,,Y,Y,Y,A,01,1,0,1,0,0,0,0,0,0,"- ","- ",36.211170196533203,-119.76236724853516,KINGS,UNINCORPORATED,-119.7623291015625,36.211177825927734
94591926,2024,2025-02-27,9440,2024-06-21,1042,020250,,5,1,9,1600,0,2,4,,1,065,"12TH AVE","ELDER AVE",1584.00,S,N,A,-,N,,,,,,,,,,Y,1,1,7,5,A,-,03,22350,,F,C,C,A,A,H,-,A,D,0,,,,,Y,,D,22,0,7,0,0,0,0,0,0,0,"- ","- ",36.381420135498047,-119.67304229736328,KINGS,UNINCORPORATED,-119.67303466796875,36.381870269775391
94606436,2024,2025-04-01,9440,2024-12-08,"4   ",021665,,7,3,9,1600,0,2,4,,1,044,"FARGO AVE","13TH AVE",0.00,,Y,B,-,N,,,,,,,,,,Y,1,1,1,2,A,-,01,23152,A,N,D,2,A,A,H,-,C,A,0,,,,,Y,Y,A,07,1,0,0,0,0,0,0,0,0,"- ","- ",36.357139587402344,-119.69098663330078,KINGS,UNINCORPORATED,-119.69100189208984,36.357120513916016
94613787,2025,2025-04-08,9495,2025-03-14,"226 ",021029,,5,3,9,1600,0,1,3,,1,007,"STATE ROUTE 33","STATE ROUTE 41",6336.00,N,N,A,-,Y,KIN,,33," "," ",9.127,H,,R,Y,2,0,1,1,A,-,08,22107,,N,F,A,A,A,H,-,D,D,0,,,Y,,Y,Y,C,02,1,0,0,0,0,0,0,0,1,"- ","- ",35.904251098632812,-120.05854797363281,KINGS,UNINCORPORATED,-120.05851745605469,35.904285430908203
9464214,2023,2025-06-28,1602,2023-02-18,1904,14111,59,6,5,4,1602,0,0,0,,0,001,"12184 W HANFORD ARMONA RD","WOODLAND DR",420.00,W,N,A,-,N,,,,,,,,,,N,1,1,1,3,A,-,11,21950,B,N,G,B,D,A,H,-,C,A,0,Y,,,,Y,Y,N,60,1,0,0,1,1,0,0,0,0,"- ","- ",36.313510894775391,-119.67295837402344,KINGS,HANFORD,-119.67629241943359,36.313499450683594
9464256,2023,2023-05-03,1602,2023-02-28,1112,1429,45,2,5,4,1602,0,0,0,,0,001,"S 12TH AV","RT 198",0.00,,Y,B,-,N,,,,,,,,,,Y,2,0,3,2,C,-,18,,,N,B,C,A,A,H,-,A,A,0,,,,,Y,,-,"- ",2,0,1,0,0,0,0,0,0,"- ","- ",36.319221496582031,-119.67108917236328,KINGS,HANFORD,-119.67308044433594,36.318538665771484
94644577,2025,2025-04-10,9440,2025-03-29,1600,019755,,6,2,9,1600,0,2,4,,1,048,"HOUSTON AVE","HOUSTON RD",528.00,E,N,A,-,N,,,,,,,,,,Y,2,0,1,2,A,-,01,23152,A,N,C,C,A,A,H,-,A,D,0,,,Y,,Y,Y,C,02,1,0,0,0,0,0,0,0,1,"- ","- ",36.298248291015625,-119.75798797607422,KINGS,UNINCORPORATED,-119.75875854492188,36.298305511474609
94646168,2025,2025-04-11,9440,2025-04-04,1240,019226,,5,1,9,1600,0,1,3,,1,410,"STATE ROUTE 41","LACEY BLVD",0.00,,Y,A,-,Y,KIN,,41," ",R,43.151,H,,L,Y,2,0,1,2,A,-,09,21801,A,N,D,C,A,A,H,-,A,D,0,,,Y,,Y,,D,22,1,0,0,0,0,0,0,0,1,"- ","- ",36.327968597412109,-119.80821228027344,KINGS,UNINCORPORATED,-119.80818939208984,36.327968597412109
94687791,2025,2025-05-14,9495,2025-05-07,"912 ",021877,,3,1,9,1600,0,1,3,,1,010,"STATE ROUTE 41","YORK AVENUE",650.00,S,N,A,-,Y,KIN,,41," "," ",2.080,H,,R,Y,2,0,1,1,A,-,08,22107,,N,E,I,A,A,H,-,A,D,0,,,,,Y,,A,01,1,0,0,0,0,0,0,0,0,"- ","- ",35.816471099853516,-120.09825897216797,KINGS,UNINCORPORATED,-120.09822845458984,35.816459655761719
9468921,2023,2023-09-11,1601,2023-06-09,2129,199,14,5,5,3,1601,0,0,0,,0,00S,"BAINUM AV",CLAIRE,0.00,,Y,A,-,N,,,,,,,,,,N,2,0,1,2,A,-,09,21801,A,F,H,G,A,A,H,-,D,D,0,,Y,,,Y,,L,04,1,0,0,0,0,0,1,0,0,"- ","- ",36.090789794921875,-119.57199859619141,KINGS,CORCORAN,-119.57088470458984,36.090801239013672
94770095,2025,2025-07-21,9440,2025-06-27,2135,021665,,5,2,9,1600,0,1,3,,1,410,"SR-41 N/B","HANFORD ARMONA RD",64.00,S,N,A,-,Y,KIN,,41," ",R,42.129,H,,R,Y,2,0,6,3,A,-,01,23152,A,N,C,C,A,A,H,-,C,A,0,,,,,Y,Y,D,22,1,1,4,0,0,0,0,0,0,"- ","- ",36.3131103515625,-119.80774688720703,KINGS,UNINCORPORATED,-119.80775451660156,36.3131103515625
9485027,2022,2022-08-31,1602,2022-08-14,1940,1473,53,7,5,4,1602,0,0,0,,0,001,EWELL,"BENGSTON AV",12.00,E,N,A,-,N,,,,,,,,,,N,2,0,1,2,A,-,00,21954,,F,G,B,E,A,H,-,A,D,0,Y,,,,Y,,N,60,1,0,0,0,1,0,0,0,0,"- ","- ",36.315219879150391,-119.66782379150391,KINGS,HANFORD,-119.66738891601562,36.3153076171875
9510906,2022,2023-01-06,1602,2022-11-30,1914,14106,47,3,5,4,1602,0,0,0,,0,001,"11TH AV","W 7TH ST",0.00,,Y,A,-,N,,,,,,,,,,N,2,0,1,2,A,-,10,21950,A,N,G,B,B,A,H,-,C,A,0,Y,,,,Y,,A,07,1,0,0,0,1,0,0,0,0,"- ","- ",36.324958801269531,-119.65545654296875,KINGS,HANFORD,-119.65518188476562,36.325206756591797
9520585,2023,2025-07-22,1602,2023-04-07,2500,1432,42,5,5,4,1602,0,0,0,,0,002,"N 10TH AV",KRUGER,175.00,S,N,A,-,N,,,,,,,,,,N,1,1,0,2,A,-,03,22350,,F,A,B,D,A,H,-,D,A,0,Y,,,,Y,Y,A,01,0,0,0,1,0,0,0,0,0,"- ","- ",36.332168579101562,-119.63710021972656,KINGS,HANFORD,-119.63699340820312,36.329959869384766
9524124,2022,2022-12-05,1602,2022-09-04,1330,14108,47,7,5,4,1602,0,0,0,,0,001,"S 11TH AV","4TH ST",0.00,,Y,A,-,N,,,,,,,,,,Y,2,0,2,2,A,-,12,21453,A,N,D,C,A,A,H,-,A,A,0,,,,,Y,,A,01,1,1,0,0,0,0,0,0,0,"- ","- ",36.322021484375,-119.65506744384766,KINGS,HANFORD,-119.65509033203125,36.321994781494141
9538264,2022,2023-01-13,1602,2022-12-10,1813,14102,34,6,5,4,1602,0,0,0,,0,001,"N REDINGTON ST","NEVILLE ST",280.00,S,N,C,-,N,,,,,,,,,,Y,2,0,2,2,A,-,08,22103,,N,D,C,A,B,H,-,C,D,0,,,,,Y,Y,A,01,1,1,0,0,0,0,0,0,0,"- ","- ",36.340019226074219,-119.64927673339844,KINGS,HANFORD,-119.6492919921875,36.340049743652344
9544213,2022,2023-02-07,1602,2022-12-31,0408,14109,54,6,5,4,1602,0,0,0,,0,001,"W HANFORD ARMONA RD","ANACAPA AV",0.00,,Y,A,-,N,,,,,,,,,,Y,2,0,1,1,A,-,01,23152,F,N,E,I,A,A,H,-,C,D,0,,,,,Y,,A,01,1,0,0,0,0,0,0,0,0,"- ","- ",36.313461303710938,-119.65998077392578,KINGS,HANFORD,-119.65994262695312,36.313453674316406
9552938,2023,2023-03-02,1602,2023-01-25,1635,1429,48,3,5,4,1602,0,0,0,,0,002,"6TH ST","PHILLIPS ST",0.00,,Y,A,-,N,,,,,,,,,,N,2,0,1,2,A,-,09,21802,B,M,H,G,A,A,H,-,A,A,0,,Y,,,Y,,A,01,1,0,0,0,0,0,1,0,0,"- ","- ",36.324798583984375,-119.65022277832031,KINGS,HANFORD,-119.65021514892578,36.324817657470703
9556835,2022,2023-04-14,1600,2022-12-08,0614,A60,AVL,4,5,3,1690,0,0,0,,0,0A1,"SKYLINE BL","CENTRAL AV",0.00,,Y,A,-,Y,KIN,6,269,-,-,0.686,I,5,S,N,2,0,1,2,A,-,"- ",,,N,G,B,E,A,H,-,C,D,0,Y,,,,Y,,N,60,1,0,0,0,1,0,0,0,0,"- ","- ",,,KINGS,AVENAL,-120.12670135498047,36.005481719970703
9560880,2023,2023-04-12,1602,2023-02-27,1430,1473,35,1,5,4,1602,0,0,0,,0,002,"E CAMERON","EDISON POLE #596411E",30.00,E,N,A,-,N,,,,,,,,,,N,2,0,1,2,A,-,11,21954,A,N,G,B,D,A,H,-,A,A,0,Y,,,,Y,,N,60,1,0,0,0,1,0,0,0,0,"- ","- ",36.337181091308594,-119.6395263671875,KINGS,HANFORD,,
9565741,2023,2023-05-17,1602,2023-04-22,1840,14111,23,6,5,4,1602,0,0,0,,0,001,"W GRANGEVILLE BL","12TH AV",0.00,,Y,A,-,N,,,,,,,,,,Y,2,0,1,2,A,-,01,23152,A,N,D,C,A,A,H,-,A,A,0,,,,,Y,Y,A,01,1,0,0,0,0,0,0,0,0,"- ","- ",36.342639923095703,-119.67276000976562,KINGS,HANFORD,-119.67286682128906,36.342639923095703
9565742,2023,2023-05-31,1602,2023-04-25,1106,14119,18,2,5,4,1602,0,0,0,,0,002,"N 10TH AV","FARGO AV",0.00,,Y,A,-,N,,,,,,,,,,Y,2,0,1,2,A,-,12,21453,A,N,D,C,A,A,H,-,A,A,0,,,,,Y,,A,01,1,0,0,0,0,0,0,0,0,"- ","- ",36.357341766357422,-119.63694763183594,KINGS,HANFORD,-119.63709259033203,36.357334136962891
9566275,2022,2023-05-02,1601,2022-09-22,0659,195,6,4,5,3,1601,0,0,0,,0,00N,"BELL AV","CLAIRE AV",13.00,N,N,A,-,N,,,,,,,,,,N,2,0,1,2,A,-,10,21950,A,N,G,B,B,A,H,-,A,D,0,Y,,,,Y,,D,22,1,0,0,0,1,0,0,0,0,"- ","- ",36.103538513183594,-119.57205963134766,KINGS,CORCORAN,-119.57096862792969,36.103519439697266
9569238,2023,2023-07-03,1602,2023-05-28,"240 ",1479,57,7,5,4,1602,0,0,0,,0,002,"RT 198","9TH AV",0.00,,Y,A,-,Y,KIN,6,198,-,R,19.962,I,5,W,Y,2,0,1,1,A,-,01,23153,A,N,E,I,A,A,H,-,D,D,0,,,,,Y,Y,A,01,1,0,0,0,0,0,0,0,0,"- ","- ",36.324470520019531,-119.6190185546875,KINGS,HANFORD,-119.61896514892578,36.324478149414062
9582513,2023,2023-07-05,1603,2023-05-23,"628 ",1068,LM4,2,5,3,1603,0,0,0,,0,0L3,"LINDA LN","LUM DR",186.00,E,N,A,-,N,,,,,,,,,,N,2,0,1,2,A,-,03,22350,,N,G,B,D,A,H,-,A,D,0,Y,,,,Y,,A,01,1,0,0,0,1,0,0,0,0,"- ","- ",36.296611785888672,-119.79576110839844,KINGS,LEMOORE,-119.79519653320312,36.296836853027344
9588634,2023,2023-06-28,1600,2023-05-09,"957 ",A155,A1,2,5,3,1690,0,0,0,,0,0A1,"VENTURA ST","GRANGEVILLE AV",564.00,E,N,A,-,N,,,,,,,,,,N,2,0,1,4,A,-,"- ",,,N,G,-,E,A,H,-,A,D,0,Y,,,,Y,Y,A,01,1,0,0,0,1,0,0,0,0,"- ","- ",35.9993896484375,-120.11762237548828,KINGS,AVENAL,,
9589619,2023,2023-06-20,1603,2023-05-28,1250,1838,LK2,7,5,3,1603,0,0,0,,0,0L2,"SARA DR","E HAZELWOOD DR",55.00,N,N,A,-,N,,,,,,,,,,Y,2,0,1,1,A,-,03,22350,,N,E,I,A,A,H,-,A,D,0,,,,,Y,,D,22,1,0,0,0,0,0,0,0,0,"- ","- ",36.316398620605469,-119.77509307861328,KINGS,LEMOORE,-119.77484130859375,36.316291809082031
9607499,2023,2023-12-12,1602,2023-10-25,1858,14124,53,3,5,4,1602,0,0,0,,0,001,"W HANFORD ARMONA RD","HANFORD ARMONA RD",15.00,N,N,A,-,N,,,,,,,,,,N,2,0,2,2,A,-,03,22350,,N,A,C,A,A,H,-,C,D,0,,,,,Y,,D,22,1,0,1,0,0,0,0,0,0,"- ","- ",36.313369750976562,-119.66716003417969,KINGS,HANFORD,-119.67665100097656,36.313499450683594
9608652,2023,2023-09-11,1603,2023-08-05,2307,1162,L13,6,5,3,1603,0,0,0,,0,0L2,"EAST CINNAMON DR","CARLA DR",114.00,E,N,A,-,N,,,,,,,,,,Y,2,0,1,3,A,-,01,23152,A,N,C,E,A,A,H,-,C,D,0,,,,,Y,Y,A,01,1,0,0,0,0,0,0,0,0,"- ","- ",36.30767822265625,-119.77220153808594,KINGS,LEMOORE,-119.77184295654297,36.307773590087891
9617617,2022,2023-09-12,1601,2022-11-30,2014,171,4,3,5,3,1601,0,0,0,,0,00N,"MILLER AV","GARVEY AV",0.00,,Y,A,-,N,,,,,,,,,,Y,2,0,1,2,A,-,01,23152,A,N,E,J,A,A,H,-,D,D,0,,,,,Y,Y,A,01,1,0,0,0,0,0,0,0,0,"- ","- ",36.1025390625,-119.5830078125,KINGS,CORCORAN,-119.58299255371094,36.102439880371094
9624886,2023,2023-09-26,1603,2023-08-29,"653 ",1800,LJ3,2,5,3,1603,0,0,0,,0,0L2,"E HANFORD ARMONA RD","EAST CINNAMON DR",0.00,,Y,A,-,N,,,,,,,,,,Y,2,0,1,2,A,-,10,21950,A,N,G,B,D,A,H,-,A,D,0,Y,,,,Y,,A,01,1,0,0,0,1,0,0,0,0,"- ","- ",36.31304931640625,-119.76883697509766,KINGS,LEMOORE,-119.76942443847656,36.313461303710938
9640315,2023,2025-06-25,1601,2023-12-22,"59  ",196,13,5,5,3,1601,0,0,0,,0,00S,"DIRT LOT","KING AV",79.00,E,N,F,-,N,,,,,,,,,,Y,1,1,0,2,A,-,07,21658,A,N,D,E,A,B,G,-,D,D,0,,,,,Y,Y,A,01,0,0,0,0,0,0,0,0,0,"- ","- ",36.091541290283203,-119.56376647949219,KINGS,CORCORAN,,
9641008,2024,2024-10-14,1602,2024-04-23,2256,1479,55,2,5,4,1602,0,0,0,,0,002,"S PHILLIPS ST","S REDINGTON ST",0.00,,Y,A,-,N,,,,,,,,,,N,1,1,0,2,A,-,03,22350,,F,G,B,E,A,H,-,C,A,0,Y,,,,Y,Y,D,22,0,0,0,1,0,0,0,0,0,"- ","- ",36.318618774414062,-119.64801025390625,KINGS,HANFORD,-119.64851379394531,36.318706512451172
9643597,2023,2023-11-28,1601,2023-07-17,1910,168,15,1,5,3,1601,0,0,0,,0,00S,"KING AV","OREGON AV",0.00,,Y,A,-,N,,,,,,,,,,N,2,0,2,1,A,-,00,12500,A,N,E,I,A,A,H,-,A,D,0,,,,,Y,,A,01,1,1,0,0,0,0,0,0,0,"- ","- ",36.087139129638672,-119.55859375,KINGS,CORCORAN,-119.55860137939453,36.087127685546875
9652879,2023,2024-01-30,1602,2023-11-26,1741,14120,24,7,5,4,1602,0,0,0,,0,001,"11TH AV","GRANGEVILLE BL",54.00,S,N,A,-,N,,,,,,,,,,N,2,0,2,2,A,-,09,21801,,N,A,C,A,A,H,-,C,A,0,,,,,Y,,A,01,1,1,0,0,0,0,0,0,0,"- ","- ",36.342658996582031,-119.65512084960938,KINGS,HANFORD,-119.65512847900391,36.342521667480469
9660049,2024,2024-02-21,1602,2024-01-11,1615,1479,48,4,5,4,1602,0,0,0,,0,002,"N 11TH AV","LACEY BL",0.00,,Y,A,-,N,,,,,,,,,,Y,2,0,1,2,A,-,12,21453,A,N,D,C,A,A,H,-,A,A,0,,,,,Y,,-,,1,0,0,0,0,0,0,0,0,"- ","- ",36.328128814697266,-119.65521240234375,KINGS,HANFORD,-119.65519714355469,36.328048706054688
9666295,2023,2024-07-31,1601,2023-12-26,1921,204,9,2,5,3,1601,0,0,0,,0,00N,"WHITLEY AV","OTIS AV",26.00,N,N,A,-,N,,,,,,,,,,N,2,0,1,2,A,-,10,21950,A,N,G,B,C,A,H,-,C,D,0,Y,,,,Y,,A,01,1,0,0,0,1,0,0,0,0,"- ","- ",36.098041534423828,-119.55729675292969,KINGS,CORCORAN,-119.55728149414062,36.098018646240234
9671988,2024,2024-03-11,1603,2024-01-31,1744,1816,LB3,3,5,3,1603,0,0,0,,0,0L1,"WEST CINNAMON DR","LIBERTY DR",9.00,E,N,A,-,N,,,,,,,,,,N,2,0,1,2,A,-,11,21954,A,N,G,B,B,A,H,-,C,D,0,Y,,,,Y,,N,60,1,0,0,0,1,0,0,0,0,"- ","- ",36.296661376953125,-119.78948974609375,KINGS,LEMOORE,-119.79425811767578,36.305679321289062
9676156,2024,2024-04-05,1600,2024-01-22,2301,A63,A1,1,5,3,1690,0,0,0,,0,0A1,"RT 269","AVENAL CUTOFF",2289.00,S,N,A,-,Y,KIN,6,269,-,-,5.400,H,-,N,Y,2,0,3,3,A,-,03,22350,,N,C,B,E,A,H,-,D,D,0,Y,,,,Y,,-,,1,1,1,0,1,0,0,0,0,"- ","- ",36.072830200195312,-120.10238647460938,KINGS,AVENAL,-120.10529327392578,36.067039489746094
9676390,2023,2024-04-12,1601,2023-12-31,2156,204,3,7,5,3,1601,0,0,0,,0,00N,"SANTA FE AV","RT 43",53.00,N,N,A,-,Y,KIN,6,43,-,-,3.020,I,5,S,Y,2,0,1,2,A,-,09,21801,A,N,B,C,A,A,H,-,C,A,0,,,Y,,Y,,D,22,1,0,0,0,0,0,0,0,1,"- ","- ",36.112209320068359,-119.56626129150391,KINGS,CORCORAN,-119.56626892089844,36.112205505371094
9687824,2024,2024-05-07,1602,2024-03-01,1510,1479,34,5,5,4,1602,0,0,0,,0,001,"GRANGEVILLE BL","REDINGTON ST",0.00,,Y,A,-,N,,,,,,,,,,Y,2,0,1,2,A,-,12,21453,A,N,D,C,A,A,H,-,A,A,0,,,,,Y,,A,01,1,0,0,0,0,0,0,0,0,"- ","- ",36.342681884765625,-119.64932250976562,KINGS,HANFORD,-119.64931488037109,36.342685699462891
9687826,2024,2024-05-07,1602,2024-03-04,2317,14123,33,1,5,4,1602,0,0,0,,0,001,"N 11TH AV","FLORINDA ST",0.00,,Y,A,-,N,,,,,,,,,,Y,2,0,2,2,A,-,09,21801,,N,D,C,A,A,H,-,C,A,0,,,,,Y,,-,,1,1,0,0,0,0,0,0,0,"- ","- ",36.334888458251953,-119.65514373779297,KINGS,HANFORD,-119.65517425537109,36.334907531738281
9689797,2024,2024-05-24,1602,2024-03-13,2107,14109,41,3,5,4,1602,0,0,0,,0,002,"W GRANGEVILLE BL","LEONI DR",160.00,E,N,A,-,N,,,,,,,,,,Y,2,0,2,1,A,-,03,22350,,N,E,I,A,A,H,-,C,A,0,,,,,Y,Y,A,01,1,1,0,0,0,0,0,0,0,"- ","- ",36.324661254882812,-119.64576721191406,KINGS,HANFORD,-119.64779663085938,36.342700958251953
9712825,2024,2024-10-02,1601,2024-06-19,2004,126,6,3,5,3,1601,0,0,0,,0,00N,"PATTERSON AV","NORBOE AV",0.00,,Y,A,-,N,,,,,,,,,,N,2,0,1,2,A,-,09,21802,A,N,H,G,A,A,H,-,A,A,0,,Y,,,Y,,L,04,1,0,0,0,0,0,1,0,0,"- ","- ",36.101669311523438,-119.56220245361328,KINGS,CORCORAN,-119.56227111816406,36.101680755615234
9723201,2024,2024-09-27,1601,2024-01-31,2247,206,7A,3,5,3,1601,0,0,0,,0,00N,"WHITLEY AV","DAIRY AV",0.00,,Y,C,-,N,,,,,,,,,,N,2,0,1,2,D,-,00,,,F,G,B,B,B,H,-,C,A,0,Y,,,,Y,,-,"- ",1,0,0,0,1,0,0,0,0,"- ","- ",36.098079681396484,-119.57200622558594,KINGS,CORCORAN,-119.57205200195312,36.098072052001953
9723208,2024,2024-09-27,1601,2024-04-25,1751,23,3,4,5,3,1601,0,0,0,,0,00N,"BROKAW AV","FLORY AV",0.00,,Y,A,-,N,,,,,,,,,,N,2,0,1,2,A,-,11,21954,A,N,G,B,D,A,H,-,A,D,0,Y,,,,Y,,N,60,1,0,0,0,1,0,0,0,0,"- ","- ",36.100910186767578,-119.55695343017578,KINGS,CORCORAN,-119.55696868896484,36.100898742675781
9734675,2024,2024-10-01,1601,2024-05-06,"655 ",168,10,1,5,3,1601,0,0,0,,0,00S,"LETTS AV","WHITLEY AV",0.00,,Y,A,-,N,,,,,,,,,,Y,2,0,1,2,A,-,12,21453,A,N,D,C,A,A,H,-,A,A,0,,,,,Y,,A,01,1,0,0,0,0,0,0,0,0,"- ","- ",36.098068237304688,-119.56749725341797,KINGS,CORCORAN,-119.56752014160156,36.098037719726562
9750898,2024,2024-12-04,1602,2024-10-31,2131,14127,2,4,5,4,1602,0,0,0,,0,001,"N FITZGERALD LN","W FARGO AV",0.00,,Y,A,-,N,,,,,,,,,,Y,2,0,1,1,D,-,00,,,N,E,I,A,A,H,-,C,D,0,,,,,Y,,-,"- ",1,0,0,0,0,0,0,0,0,"- ","- ",36.357231140136719,-119.66838836669922,KINGS,HANFORD,-119.66838073730469,36.357219696044922
9751295,2024,2024-12-31,1602,2024-10-22,1659,1479,31,2,5,4,1602,0,0,0,,0,001,"GRANGEVILLE BL","UNIVERSITY AV",0.00,,Y,A,-,N,,,,,,,,,,Y,1,1,2,2,A,-,12,21453,A,N,D,D,A,A,H,-,A,A,0,,,,,Y,,A,07,1,1,0,0,0,0,0,0,0,"- ","- ",36.3426513671875,-119.66607666015625,KINGS,HANFORD,-119.66610717773438,36.342647552490234
9751435,2023,2025-01-03,1601,2023-10-11,1610,15188,,3,5,3,1601,0,0,0,,0,,"RT 43","5 1/2 AV",0.00,,Y,A,-,Y,KIN,6,43,-,-,2.820,I,5,N,Y,1,1,3,3,A,-,12,22450,A,N,D,C,A,A,H,-,A,A,0,,,,,Y,,A,01,1,1,1,0,0,0,0,0,0,"- ","- ",,,KINGS,CORCORAN,-119.56317138671875,36.110469818115234
9777744,2025,2025-03-06,1602,2025-02-09,1215,14134,25,7,5,4,1602,0,0,0,,0,001,"REDINGTON ST","GRANGEVILLE BL",0.00,,Y,A,-,N,,,,,,,,,,Y,2,0,2,2,A,-,12,21453,A,N,D,C,A,A,H,-,A,A,0,,,,,Y,,A,01,1,1,0,0,0,0,0,0,0,"- ","- ",36.342681884765625,-119.64932250976562,KINGS,HANFORD,-119.64931488037109,36.342685699462891
9783379,2024,2025-03-05,1601,2024-07-11,"819 ",199,9,4,5,3,1601,0,0,0,,0,00N,"WHITLEY AV","CHITTENDEN AV",0.00,,Y,A,-,N,,,,,,,,,,N,2,0,2,3,A,-,10,21950,A,N,G,B,B,A,H,-,A,D,0,Y,,,,Y,,A,01,2,0,0,0,2,0,0,0,0,"- ","- ",36.098049163818359,-119.55967712402344,KINGS,CORCORAN,-119.55970764160156,36.098064422607422
9786430,2023,2025-07-16,1601,2023-07-05,2209,196,4,3,5,3,1601,0,0,0,,0,00N,"WHITLEY AV","PHONE POLE 121506511",28.00,W,N,A,-,N,,,,,,,,,,N,1,1,0,2,A,-,11,21954,A,N,G,B,D,A,H,-,D,D,0,Y,,,,Y,,N,60,0,0,0,1,0,0,0,0,0,"- ","- ",36.095870971679688,-119.58097839355469,KINGS,CORCORAN,,
9787218,2025,2025-04-30,1602,2025-03-28,1800,1479,54,5,5,4,1602,0,0,0,,0,001,"HANFORD ARMONA RD","OLIVE AV",0.00,,Y,A,-,N,,,,,,,,,,Y,2,0,2,2,A,-,09,21802,A,N,D,C,A,-,H,-,A,A,0,,,,,Y,,A,01,1,1,0,0,0,0,0,0,0,"- ","- ",36.313461303710938,-119.66278076171875,KINGS,HANFORD,-119.66275787353516,36.313480377197266
9799069,2025,2025-06-24,1602,2025-05-15,1608,1465,46,4,5,4,1602,0,0,0,,0,001,"LACEY BL","12 TH AV",443.00,E,N,A,-,N,,,,,,,,,,N,2,0,1,2,A,-,11,21954,A,N,G,B,D,A,H,-,A,D,0,Y,,,,Y,,N,60,1,0,0,0,1,0,0,0,0,"- ","- ",36.32379150390625,-119.66645050048828,KINGS,HANFORD,-119.67299652099609,36.328140258789062
9800122,2025,2025-04-08,1602,2025-03-20,"56  ",14136,48,4,5,4,1602,0,0,0,,0,002,"11TH AV","7TH ST",0.00,,Y,A,-,N,,,,,,,,,,N,2,0,1,2,A,-,11,21955,,N,G,B,D,A,H,-,C,A,0,Y,,,,Y,,N,60,1,0,0,0,1,0,0,0,0,"- ","- ",36.325000762939453,-119.65499877929688,KINGS,HANFORD,-119.65518188476562,36.325206756591797
9821131,2024,2025-08-08,1601,2024-12-22,1532,168,7A,7,5,3,1601,0,0,0,,0,00N,"DAIRY AV","HANNA AV",0.00,,Y,A,-,N,,,,,,,,,,N,2,0,1,2,A,-,07,21658,A,N,B,E,A,A,H,-,A,D,0,,,,,Y,Y,A,01,1,0,0,0,0,0,0,0,0,"- ","- ",36.101329803466797,-119.57274627685547,KINGS,CORCORAN,-119.57206726074219,36.099880218505859
9833333,2025,2025-07-28,1603,2025-05-31,2116,1857,LG1,6,5,3,1603,0,0,0,,0,0L3,"E BUSH ST","LOCUST ST",109.00,W,N,A,-,N,,,,,,,,,,Y,2,0,4,2,-,-,"- ",,A,N,C,E,A,C,H,-,A,D,0,,,,,Y,Y,A,01,3,1,0,0,0,0,0,0,0,"- ","- ",36.298538208007812,-119.77818298339844,KINGS,LEMOORE,-119.77784729003906,36.298328399658203
9860047,2024,2025-01-06,1602,2024-11-19,"119 ",14111,33,2,5,4,1602,0,0,0,,0,001,"11TH AV","RODGERS RD",0.00,,Y,A,-,N,,,,,,,,,,Y,2,0,3,2,A,-,12,21453,A,N,D,C,A,A,H,-,C,A,0,,,,,Y,Y,A,01,1,2,0,0,0,0,0,0,0,"- ","- ",36.333999633789062,-119.65499877929688,KINGS,HANFORD,-119.65517425537109,36.334907531738281